,Unnamed: 0,image,prompt,action,gpt_prompt
0,0,frame_0.jpg,"a room with a bed and a dresser, a raytraced image, inspired by Félix Vallotton, postminimalism, hand on the doorknob, jerma, design your own avatar, hairy legs, blue shadows, tall entry, the shining, empty floor, maple story, an ai generated image, arm","

The next best possible single action is to walk to the door of the room and open it. The intention behind the action is to find the laptop.","I am in an unknown house.

This is the floorplan, from a top-down view.
On the bottom right, is a bedrooom in the house, where you currently are. To the right of the bedroom, is the master bedroom which has an entery to an additional childrens room. Connecting to the master bedroom on the top left is the drawing room with a sofa in it. In the mid bottom connecting to the drawing room is the kitchen and the dining area. On the left of the kitchen is a verticle room with T.V in it.  

The goal is to find the shortest path to the Laptop, giving a detailed step-by-step trajectory.

We are given the frame description as follows - 
a room with a bed and a dresser, a raytraced image, inspired by Félix Vallotton, postminimalism, hand on the doorknob, jerma, design your own avatar, hairy legs, blue shadows, tall entry, the shining, empty floor, maple story, an ai generated image, arm

Generate the next best possible single action and the intention behind the action as colon-separated action and intention."
1,1,frame_1.jpg,"a room with a bed and a dresser, a raytraced image, inspired by Félix Vallotton, postminimalism, hand on the doorknob, jerma, design your own avatar, hairy legs, blue shadows, tall entry, the shining, empty floor, maple story, an ai generated image, arm","

The next best possible single action would be to walk out of the bedroom and turn left into the master bedroom. The intention behind this action would be to find the laptop.","I am in an unknown house.

This is the floorplan, from a top-down view.
On the bottom right, is a bedrooom in the house, where you currently are. To the right of the bedroom, is the master bedroom which has an entery to an additional childrens room. Connecting to the master bedroom on the top left is the drawing room with a sofa in it. In the mid bottom connecting to the drawing room is the kitchen and the dining area. On the left of the kitchen is a verticle room with T.V in it.  

The goal is to find the shortest path to the Laptop, giving a detailed step-by-step trajectory.

We are given the frame description as follows - 
a room with a bed and a dresser, a raytraced image, inspired by Félix Vallotton, postminimalism, hand on the doorknob, jerma, design your own avatar, hairy legs, blue shadows, tall entry, the shining, empty floor, maple story, an ai generated image, arm

Generate the next best possible single action and the intention behind the action as colon-separated action and intention."
2,2,frame_2.jpg,"a room with a bed and a desk in it, a screenshot, inspired by John Crawford Brown, blender npr, news archive, appgamekit","

Action: Move to the master bedroom.
Intention: To find the laptop.","I am in an unknown house.

This is the floorplan, from a top-down view.
On the bottom right, is a bedrooom in the house, where you currently are. To the right of the bedroom, is the master bedroom which has an entery to an additional childrens room. Connecting to the master bedroom on the top left is the drawing room with a sofa in it. In the mid bottom connecting to the drawing room is the kitchen and the dining area. On the left of the kitchen is a verticle room with T.V in it.  

The goal is to find the shortest path to the Laptop, giving a detailed step-by-step trajectory.

We are given the frame description as follows - 
a room with a bed and a desk in it, a screenshot, inspired by John Crawford Brown, blender npr, news archive, appgamekit

Generate the next best possible single action and the intention behind the action as colon-separated action and intention."
3,3,frame_3.jpg,"a room with a bed, desk and television, a screenshot, inspired by Paul Kelpe, postminimalism, imagenet, using a vr headset, mit technology review, on amino, nursing home, japan studio game, alan turing, screenshot from the game, npr, vignette, n 6 4, cctv","

The next best possible single action is to go to the master bedroom and the intention behind the action is to find the laptop.","I am in an unknown house.

This is the floorplan, from a top-down view.
On the bottom right, is a bedrooom in the house, where you currently are. To the right of the bedroom, is the master bedroom which has an entery to an additional childrens room. Connecting to the master bedroom on the top left is the drawing room with a sofa in it. In the mid bottom connecting to the drawing room is the kitchen and the dining area. On the left of the kitchen is a verticle room with T.V in it.  

The goal is to find the shortest path to the Laptop, giving a detailed step-by-step trajectory.

We are given the frame description as follows - 
a room with a bed, desk and television, a screenshot, inspired by Paul Kelpe, postminimalism, imagenet, using a vr headset, mit technology review, on amino, nursing home, japan studio game, alan turing, screenshot from the game, npr, vignette, n 6 4, cctv

Generate the next best possible single action and the intention behind the action as colon-separated action and intention."
4,4,frame_4.jpg,"a bed room with a neatly made bed, a screenshot, inspired by Balthus, postminimalism, vr game, mit technology review, computer - generated, streaming on twitch, third person gameplay, radiohead","

The next possible action would be to walk to the door of the bedroom and open it. The intention behind this action would be to explore the rest of the house and find the laptop.","I am in an unknown house.

This is the floorplan, from a top-down view.
On the bottom right, is a bedrooom in the house, where you currently are. To the right of the bedroom, is the master bedroom which has an entery to an additional childrens room. Connecting to the master bedroom on the top left is the drawing room with a sofa in it. In the mid bottom connecting to the drawing room is the kitchen and the dining area. On the left of the kitchen is a verticle room with T.V in it.  

The goal is to find the shortest path to the Laptop, giving a detailed step-by-step trajectory.

We are given the frame description as follows - 
a bed room with a neatly made bed, a screenshot, inspired by Balthus, postminimalism, vr game, mit technology review, computer - generated, streaming on twitch, third person gameplay, radiohead

Generate the next best possible single action and the intention behind the action as colon-separated action and intention."
5,5,frame_5.jpg,"a bed room with a neatly made bed, a screenshot, inspired by Bedwyr Williams, postminimalism, wearing vr glasses, phone, decorative dark blue clothing, listing image, upper body avatar, absurdism, the encrypted metaverse, pixvy, mature content, blue uniform, top","

The next best possible single action is to walk to the master bedroom. The intention is to find the laptop.","I am in an unknown house.

This is the floorplan, from a top-down view.
On the bottom right, is a bedrooom in the house, where you currently are. To the right of the bedroom, is the master bedroom which has an entery to an additional childrens room. Connecting to the master bedroom on the top left is the drawing room with a sofa in it. In the mid bottom connecting to the drawing room is the kitchen and the dining area. On the left of the kitchen is a verticle room with T.V in it.  

The goal is to find the shortest path to the Laptop, giving a detailed step-by-step trajectory.

We are given the frame description as follows - 
a bed room with a neatly made bed, a screenshot, inspired by Bedwyr Williams, postminimalism, wearing vr glasses, phone, decorative dark blue clothing, listing image, upper body avatar, absurdism, the encrypted metaverse, pixvy, mature content, blue uniform, top

Generate the next best possible single action and the intention behind the action as colon-separated action and intention."
6,6,frame_6.jpg,"a bed room with a neatly made bed, a screenshot, inspired by Bedwyr Williams, postminimalism, wearing vr glasses, phone, decorative dark blue clothing, listing image, upper body avatar, absurdism, the encrypted metaverse, pixvy, mature content, blue uniform, top","

move to the master bedroom:finding the laptop","I am in an unknown house.

This is the floorplan, from a top-down view.
On the bottom right, is a bedrooom in the house, where you currently are. To the right of the bedroom, is the master bedroom which has an entery to an additional childrens room. Connecting to the master bedroom on the top left is the drawing room with a sofa in it. In the mid bottom connecting to the drawing room is the kitchen and the dining area. On the left of the kitchen is a verticle room with T.V in it.  

The goal is to find the shortest path to the Laptop, giving a detailed step-by-step trajectory.

We are given the frame description as follows - 
a bed room with a neatly made bed, a screenshot, inspired by Bedwyr Williams, postminimalism, wearing vr glasses, phone, decorative dark blue clothing, listing image, upper body avatar, absurdism, the encrypted metaverse, pixvy, mature content, blue uniform, top

Generate the next best possible single action and the intention behind the action as colon-separated action and intention."
7,7,frame_7.jpg,"a bed room with a neatly made bed, a screenshot, inspired by Bedwyr Williams, postminimalism, wearing vr glasses, phone, decorative dark blue clothing, listing image, upper body avatar, absurdism, the encrypted metaverse, pixvy, mature content, blue uniform, top","

The next best possible single action is to walk to the master bedroom. The intention behind the action is to find the laptop.","I am in an unknown house.

This is the floorplan, from a top-down view.
On the bottom right, is a bedrooom in the house, where you currently are. To the right of the bedroom, is the master bedroom which has an entery to an additional childrens room. Connecting to the master bedroom on the top left is the drawing room with a sofa in it. In the mid bottom connecting to the drawing room is the kitchen and the dining area. On the left of the kitchen is a verticle room with T.V in it.  

The goal is to find the shortest path to the Laptop, giving a detailed step-by-step trajectory.

We are given the frame description as follows - 
a bed room with a neatly made bed, a screenshot, inspired by Bedwyr Williams, postminimalism, wearing vr glasses, phone, decorative dark blue clothing, listing image, upper body avatar, absurdism, the encrypted metaverse, pixvy, mature content, blue uniform, top

Generate the next best possible single action and the intention behind the action as colon-separated action and intention."
8,8,frame_8.jpg,"a computer sitting on top of a bed, a hologram, inspired by Bedwyr Williams, holography, holding grimoire, protogen, icon for an ai app, illuminati symbol, first person screenshot, the plate is on a wooden table, black fedora, post - apokalyptic, they are watching","

The next best possible single action is to walk to the computer. The intention is to use the computer.","I am in an unknown house.

This is the floorplan, from a top-down view.
On the bottom right, is a bedrooom in the house, where you currently are. To the right of the bedroom, is the master bedroom which has an entery to an additional childrens room. Connecting to the master bedroom on the top left is the drawing room with a sofa in it. In the mid bottom connecting to the drawing room is the kitchen and the dining area. On the left of the kitchen is a verticle room with T.V in it.  

The goal is to find the shortest path to the Laptop, giving a detailed step-by-step trajectory.

We are given the frame description as follows - 
a computer sitting on top of a bed, a hologram, inspired by Bedwyr Williams, holography, holding grimoire, protogen, icon for an ai app, illuminati symbol, first person screenshot, the plate is on a wooden table, black fedora, post - apokalyptic, they are watching

Generate the next best possible single action and the intention behind the action as colon-separated action and intention."
