image,prompt
frame_0.jpg,"a room with a bed and a dresser, a raytraced image, inspired by Félix Vallotton, postminimalism, hand on the doorknob, jerma, design your own avatar, hairy legs, blue shadows, tall entry, the shining, empty floor, maple story, an ai generated image, arm"
frame_1.jpg,"a room with a bed and a dresser, a raytraced image, inspired by Félix Vallotton, postminimalism, hand on the doorknob, jerma, design your own avatar, hairy legs, blue shadows, tall entry, the shining, empty floor, maple story, an ai generated image, arm"
frame_2.jpg,"a room with a bed and a desk in it, a screenshot, inspired by John Crawford Brown, blender npr, news archive, appgamekit"
frame_3.jpg,"a room with a bed, desk and television, a screenshot, inspired by Paul Kelpe, postminimalism, imagenet, using a vr headset, mit technology review, on amino, nursing home, japan studio game, alan turing, screenshot from the game, npr, vignette, n 6 4, cctv"
frame_4.jpg,"a bed room with a neatly made bed, a screenshot, inspired by Balthus, postminimalism, vr game, mit technology review, computer - generated, streaming on twitch, third person gameplay, radiohead"
frame_5.jpg,"a bed room with a neatly made bed, a screenshot, inspired by Bedwyr Williams, postminimalism, wearing vr glasses, phone, decorative dark blue clothing, listing image, upper body avatar, absurdism, the encrypted metaverse, pixvy, mature content, blue uniform, top"
frame_6.jpg,"a bed room with a neatly made bed, a screenshot, inspired by Bedwyr Williams, postminimalism, wearing vr glasses, phone, decorative dark blue clothing, listing image, upper body avatar, absurdism, the encrypted metaverse, pixvy, mature content, blue uniform, top"
frame_7.jpg,"a bed room with a neatly made bed, a screenshot, inspired by Bedwyr Williams, postminimalism, wearing vr glasses, phone, decorative dark blue clothing, listing image, upper body avatar, absurdism, the encrypted metaverse, pixvy, mature content, blue uniform, top"
frame_8.jpg,"a computer sitting on top of a bed, a hologram, inspired by Bedwyr Williams, holography, holding grimoire, protogen, icon for an ai app, illuminati symbol, first person screenshot, the plate is on a wooden table, black fedora, post - apokalyptic, they are watching"
