,Unnamed: 0,image,prompt,action,gpt_prompt
0,0,frame_0.jpg,"a room with a bed and a dresser, a raytraced image, inspired by Félix Vallotton, postminimalism, hand on the doorknob, jerma, design your own avatar, hairy legs, with ominous shadows, tall door, maple story, first person view, the shining, yoworld, ai startup","

The next best possible single action would be to open the door and walk out of the room. The intention behind the action is to find the alarm clock.","I am in an unknown house.

This is the floorplan, from a top-down view.
On the bottom right, is a bedrooom in the house, where you currently are. To the right of the bedroom, is the master bedroom which has an entery to an additional childrens room. Connecting to the master bedroom on the top left is the drawing room with a sofa in it. In the mid bottom connecting to the drawing room is the kitchen and the dining area. On the left of the kitchen is a verticle room with T.V in it.  

The goal is to find the shortest path to the AlarmClock, giving a detailed step-by-step trajectory.

We are given the frame description as follows - 
a room with a bed and a dresser, a raytraced image, inspired by Félix Vallotton, postminimalism, hand on the doorknob, jerma, design your own avatar, hairy legs, with ominous shadows, tall door, maple story, first person view, the shining, yoworld, ai startup

Generate the next best possible single action and the intention behind the action as colon-separated action and intention."
1,1,frame_1.jpg,"a room with a bed, dresser and a television, a screenshot, inspired by John Crawford Brown, gourds, third-person view, from then on a basketball, on amino, mit technology review, in - game, wearing an orange t-shirt, safehavenhq, joytoy, goldsrc, app","

The next best possible single action is to walk to the door of the room and open it. The intention behind the action is to find the alarm clock.","I am in an unknown house.

This is the floorplan, from a top-down view.
On the bottom right, is a bedrooom in the house, where you currently are. To the right of the bedroom, is the master bedroom which has an entery to an additional childrens room. Connecting to the master bedroom on the top left is the drawing room with a sofa in it. In the mid bottom connecting to the drawing room is the kitchen and the dining area. On the left of the kitchen is a verticle room with T.V in it.  

The goal is to find the shortest path to the AlarmClock, giving a detailed step-by-step trajectory.

We are given the frame description as follows - 
a room with a bed, dresser and a television, a screenshot, inspired by John Crawford Brown, gourds, third-person view, from then on a basketball, on amino, mit technology review, in - game, wearing an orange t-shirt, safehavenhq, joytoy, goldsrc, app

Generate the next best possible single action and the intention behind the action as colon-separated action and intention."
2,2,frame_2.jpg,"a room with a bed, dressers and a television, a screenshot, inspired by Jean-Baptiste-Siméon Chardin, postminimalism, humpty dumpty in form of egg, looks like jerma985, fetus, vignette, prosthetic leg, low res, hairy orange body, first person view","

The next best possible single action is to go to the master bedroom. The intention behind the action is to find the alarm clock.","I am in an unknown house.

This is the floorplan, from a top-down view.
On the bottom right, is a bedrooom in the house, where you currently are. To the right of the bedroom, is the master bedroom which has an entery to an additional childrens room. Connecting to the master bedroom on the top left is the drawing room with a sofa in it. In the mid bottom connecting to the drawing room is the kitchen and the dining area. On the left of the kitchen is a verticle room with T.V in it.  

The goal is to find the shortest path to the AlarmClock, giving a detailed step-by-step trajectory.

We are given the frame description as follows - 
a room with a bed, dressers and a television, a screenshot, inspired by Jean-Baptiste-Siméon Chardin, postminimalism, humpty dumpty in form of egg, looks like jerma985, fetus, vignette, prosthetic leg, low res, hairy orange body, first person view

Generate the next best possible single action and the intention behind the action as colon-separated action and intention."
3,3,frame_3.jpg,"a room with a bed, dressers and a television, inspired by Chris Ware, featured on polycount, postminimalism, goldenhour, jerma in a liminal space, your personal data avatar, vignette of windowsill, father with child, prosthetic, dale gribble, 64x64","

The next best possible single action is to walk to the master bedroom. The intention behind this action is to find the alarm clock.","I am in an unknown house.

This is the floorplan, from a top-down view.
On the bottom right, is a bedrooom in the house, where you currently are. To the right of the bedroom, is the master bedroom which has an entery to an additional childrens room. Connecting to the master bedroom on the top left is the drawing room with a sofa in it. In the mid bottom connecting to the drawing room is the kitchen and the dining area. On the left of the kitchen is a verticle room with T.V in it.  

The goal is to find the shortest path to the AlarmClock, giving a detailed step-by-step trajectory.

We are given the frame description as follows - 
a room with a bed, dressers and a television, inspired by Chris Ware, featured on polycount, postminimalism, goldenhour, jerma in a liminal space, your personal data avatar, vignette of windowsill, father with child, prosthetic, dale gribble, 64x64

Generate the next best possible single action and the intention behind the action as colon-separated action and intention."
4,4,frame_4.jpg,"the shadow of a person standing in a room, a screenshot, inspired by Leandro Erlich, delivering parsel box, backed on kickstarter, facebook profile picture, golden-hour, jerma985, non binary future world, # fututistic, cartographic, sitting in bedroom, postage","


1. Go to the master bedroom.
2. Find the alarm clock.","I am in an unknown house.

This is the floorplan, from a top-down view.
On the bottom right, is a bedrooom in the house, where you currently are. To the right of the bedroom, is the master bedroom which has an entery to an additional childrens room. Connecting to the master bedroom on the top left is the drawing room with a sofa in it. In the mid bottom connecting to the drawing room is the kitchen and the dining area. On the left of the kitchen is a verticle room with T.V in it.  

The goal is to find the shortest path to the AlarmClock, giving a detailed step-by-step trajectory.

We are given the frame description as follows - 
the shadow of a person standing in a room, a screenshot, inspired by Leandro Erlich, delivering parsel box, backed on kickstarter, facebook profile picture, golden-hour, jerma985, non binary future world, # fututistic, cartographic, sitting in bedroom, postage

Generate the next best possible single action and the intention behind the action as colon-separated action and intention."
5,5,frame_5.jpg,"a shadow of a person standing in front of a window, a screenshot, inspired by Leandro Erlich, gaming toilet, sunraise, eyelevel perspective image, the bird's - eye view, jerma985, screenshot from the game, streaming on twitch, leaked image, bathtub, vr","

The next best possible single action is to walk to the door of the master bedroom. The intention behind the action is to find the alarm clock.","I am in an unknown house.

This is the floorplan, from a top-down view.
On the bottom right, is a bedrooom in the house, where you currently are. To the right of the bedroom, is the master bedroom which has an entery to an additional childrens room. Connecting to the master bedroom on the top left is the drawing room with a sofa in it. In the mid bottom connecting to the drawing room is the kitchen and the dining area. On the left of the kitchen is a verticle room with T.V in it.  

The goal is to find the shortest path to the AlarmClock, giving a detailed step-by-step trajectory.

We are given the frame description as follows - 
a shadow of a person standing in front of a window, a screenshot, inspired by Leandro Erlich, gaming toilet, sunraise, eyelevel perspective image, the bird's - eye view, jerma985, screenshot from the game, streaming on twitch, leaked image, bathtub, vr

Generate the next best possible single action and the intention behind the action as colon-separated action and intention."
6,6,frame_6.jpg,"a room with a dresser and a basketball on the floor, inspired by Rube Goldberg, featured on polycount, new objectivity, mobile learning app prototype, beer bottle, vin diesel head in egg cup, android cameraphone, tony hawk crying, mit technology review, gui","

The next best possible single action is to walk to the door of the room and open it. The intention behind the action is to find the alarm clock.","I am in an unknown house.

This is the floorplan, from a top-down view.
On the bottom right, is a bedrooom in the house, where you currently are. To the right of the bedroom, is the master bedroom which has an entery to an additional childrens room. Connecting to the master bedroom on the top left is the drawing room with a sofa in it. In the mid bottom connecting to the drawing room is the kitchen and the dining area. On the left of the kitchen is a verticle room with T.V in it.  

The goal is to find the shortest path to the AlarmClock, giving a detailed step-by-step trajectory.

We are given the frame description as follows - 
a room with a dresser and a basketball on the floor, inspired by Rube Goldberg, featured on polycount, new objectivity, mobile learning app prototype, beer bottle, vin diesel head in egg cup, android cameraphone, tony hawk crying, mit technology review, gui

Generate the next best possible single action and the intention behind the action as colon-separated action and intention."
7,7,frame_7.jpg,"a wooden dresser in a room with a blue floor, polycount, new objectivity, gold watch, no ui, detailed photo of virtual world, streaming on twitch, upper body avatar, ambient oclusion, roblox, neck shackle, cameraphone 2002, flat 2 d, an ai generated image","

The next best possible single action is to walk to the master bedroom. The intention behind the action is to find the alarm clock.","I am in an unknown house.

This is the floorplan, from a top-down view.
On the bottom right, is a bedrooom in the house, where you currently are. To the right of the bedroom, is the master bedroom which has an entery to an additional childrens room. Connecting to the master bedroom on the top left is the drawing room with a sofa in it. In the mid bottom connecting to the drawing room is the kitchen and the dining area. On the left of the kitchen is a verticle room with T.V in it.  

The goal is to find the shortest path to the AlarmClock, giving a detailed step-by-step trajectory.

We are given the frame description as follows - 
a wooden dresser in a room with a blue floor, polycount, new objectivity, gold watch, no ui, detailed photo of virtual world, streaming on twitch, upper body avatar, ambient oclusion, roblox, neck shackle, cameraphone 2002, flat 2 d, an ai generated image

Generate the next best possible single action and the intention behind the action as colon-separated action and intention."
8,8,frame_8.jpg,"a computer monitor sitting on top of a wooden box, a raytraced image, inspired by John F. Peto, slave collar, streaming on twitch, roblox avatar, unreal engine 5 », wearing two silver bracelets, no textures, woodturning, videogame asset, blue metal, wears a watch, anvil","

The next best possible single action is to walk to the master bedroom. The intention behind the action is to find the alarm clock.","I am in an unknown house.

This is the floorplan, from a top-down view.
On the bottom right, is a bedrooom in the house, where you currently are. To the right of the bedroom, is the master bedroom which has an entery to an additional childrens room. Connecting to the master bedroom on the top left is the drawing room with a sofa in it. In the mid bottom connecting to the drawing room is the kitchen and the dining area. On the left of the kitchen is a verticle room with T.V in it.  

The goal is to find the shortest path to the AlarmClock, giving a detailed step-by-step trajectory.

We are given the frame description as follows - 
a computer monitor sitting on top of a wooden box, a raytraced image, inspired by John F. Peto, slave collar, streaming on twitch, roblox avatar, unreal engine 5 », wearing two silver bracelets, no textures, woodturning, videogame asset, blue metal, wears a watch, anvil

Generate the next best possible single action and the intention behind the action as colon-separated action and intention."
