image,prompt
frame_0.jpg,"a room with a bed and a dresser, a raytraced image, inspired by Félix Vallotton, postminimalism, hand on the doorknob, jerma, design your own avatar, hairy legs, with ominous shadows, tall door, maple story, first person view, the shining, yoworld, ai startup"
frame_1.jpg,"a room with a bed, dresser and a television, a screenshot, inspired by John Crawford Brown, gourds, third-person view, from then on a basketball, on amino, mit technology review, in - game, wearing an orange t-shirt, safehavenhq, joytoy, goldsrc, app"
frame_2.jpg,"a room with a bed, dressers and a television, a screenshot, inspired by Jean-Baptiste-Siméon Chardin, postminimalism, humpty dumpty in form of egg, looks like jerma985, fetus, vignette, prosthetic leg, low res, hairy orange body, first person view"
frame_3.jpg,"a room with a bed, dressers and a television, inspired by Chris Ware, featured on polycount, postminimalism, goldenhour, jerma in a liminal space, your personal data avatar, vignette of windowsill, father with child, prosthetic, dale gribble, 64x64"
frame_4.jpg,"the shadow of a person standing in a room, a screenshot, inspired by Leandro Erlich, delivering parsel box, backed on kickstarter, facebook profile picture, golden-hour, jerma985, non binary future world, # fututistic, cartographic, sitting in bedroom, postage"
frame_5.jpg,"a shadow of a person standing in front of a window, a screenshot, inspired by Leandro Erlich, gaming toilet, sunraise, eyelevel perspective image, the bird's - eye view, jerma985, screenshot from the game, streaming on twitch, leaked image, bathtub, vr"
frame_6.jpg,"a room with a dresser and a basketball on the floor, inspired by Rube Goldberg, featured on polycount, new objectivity, mobile learning app prototype, beer bottle, vin diesel head in egg cup, android cameraphone, tony hawk crying, mit technology review, gui"
frame_7.jpg,"a wooden dresser in a room with a blue floor, polycount, new objectivity, gold watch, no ui, detailed photo of virtual world, streaming on twitch, upper body avatar, ambient oclusion, roblox, neck shackle, cameraphone 2002, flat 2 d, an ai generated image"
frame_8.jpg,"a computer monitor sitting on top of a wooden box, a raytraced image, inspired by John F. Peto, slave collar, streaming on twitch, roblox avatar, unreal engine 5 », wearing two silver bracelets, no textures, woodturning, videogame asset, blue metal, wears a watch, anvil"
