,Unnamed: 0,image,prompt,action,gpt_prompt
0,0,frame_0.jpg,"a person standing in front of a door in a room, an ambient occlusion render, inspired by Leandro Erlich, photorealism, gameplay screenshot with ui, streaming on twitch, detailed photo of virtual world, dark shadow, cool skydome, tall door, unity engine, arma 3","

The next best possible single action would be to open the door in front of the person and the intention behind the action would be to enter the next room.","I am in an unknown house.

This is the floorplan, from a top-down view.
On the bottom left, is the kitchen with a refrigerator in front, where you are currently located. To the right of the current position, is the drawing room which has a table near the entry, a sofa and a T.V in front of it. Connecting to the kitchen on the top right is a rectangular bedroom in a verticle fashion which can be entered through a door in the kitchen. In the bedroom on the bottom right corner is a bathroom which can be entered from the bedroom.

The goal is to find the shortest path to the RemoteControl, giving a detailed step-by-step trajectory.

We are given the frame description as follows - 
a person standing in front of a door in a room, an ambient occlusion render, inspired by Leandro Erlich, photorealism, gameplay screenshot with ui, streaming on twitch, detailed photo of virtual world, dark shadow, cool skydome, tall door, unity engine, arma 3

Generate the next best possible single action and the intention behind the action as colon-separated action and intention."
1,1,frame_1.jpg,"a black refrigerator freezer sitting inside of a kitchen, a screenshot, inspired by Leandro Erlich, new objectivity, volumetric clouds and fog, mobile learning app prototype, upper body avatar, sunny sky light, blue door, studyng in bedroom, digitigrade, goldsrc","

The next best possible single action is to walk to the right, towards the drawing room. The intention behind the action is to find the RemoteControl.","I am in an unknown house.

This is the floorplan, from a top-down view.
On the bottom left, is the kitchen with a refrigerator in front, where you are currently located. To the right of the current position, is the drawing room which has a table near the entry, a sofa and a T.V in front of it. Connecting to the kitchen on the top right is a rectangular bedroom in a verticle fashion which can be entered through a door in the kitchen. In the bedroom on the bottom right corner is a bathroom which can be entered from the bedroom.

The goal is to find the shortest path to the RemoteControl, giving a detailed step-by-step trajectory.

We are given the frame description as follows - 
a black refrigerator freezer sitting inside of a kitchen, a screenshot, inspired by Leandro Erlich, new objectivity, volumetric clouds and fog, mobile learning app prototype, upper body avatar, sunny sky light, blue door, studyng in bedroom, digitigrade, goldsrc

Generate the next best possible single action and the intention behind the action as colon-separated action and intention."
2,2,frame_2.jpg,"a room with a desk and a chair in it, a screenshot, inspired by Pieter de Hooch, new objectivity, mit technology review, style of mirror\'s edge, mobile learning app prototype, psychological horror, first-person, realosm","



Go to the drawing room: The intention is to find the remote control.","I am in an unknown house.

This is the floorplan, from a top-down view.
On the bottom left, is the kitchen with a refrigerator in front, where you are currently located. To the right of the current position, is the drawing room which has a table near the entry, a sofa and a T.V in front of it. Connecting to the kitchen on the top right is a rectangular bedroom in a verticle fashion which can be entered through a door in the kitchen. In the bedroom on the bottom right corner is a bathroom which can be entered from the bedroom.

The goal is to find the shortest path to the RemoteControl, giving a detailed step-by-step trajectory.

We are given the frame description as follows - 
a room with a desk and a chair in it, a screenshot, inspired by Pieter de Hooch, new objectivity, mit technology review, style of mirror\'s edge, mobile learning app prototype, psychological horror, first-person, realosm

Generate the next best possible single action and the intention behind the action as colon-separated action and intention."
3,3,frame_3.jpg,"a room with a desk and a chair in it, a digital rendering, inspired by Gustave Caillebotte, mobile learning app prototype, dark dimension portal, prison cell, homeworld, doors to various bedrooms, first - person view, mit technology review, siggraph","

The next best possible single action is to go to the drawing room, as the RemoteControl is located on the table near the entry. The intention behind the action is to find the RemoteControl.","I am in an unknown house.

This is the floorplan, from a top-down view.
On the bottom left, is the kitchen with a refrigerator in front, where you are currently located. To the right of the current position, is the drawing room which has a table near the entry, a sofa and a T.V in front of it. Connecting to the kitchen on the top right is a rectangular bedroom in a verticle fashion which can be entered through a door in the kitchen. In the bedroom on the bottom right corner is a bathroom which can be entered from the bedroom.

The goal is to find the shortest path to the RemoteControl, giving a detailed step-by-step trajectory.

We are given the frame description as follows - 
a room with a desk and a chair in it, a digital rendering, inspired by Gustave Caillebotte, mobile learning app prototype, dark dimension portal, prison cell, homeworld, doors to various bedrooms, first - person view, mit technology review, siggraph

Generate the next best possible single action and the intention behind the action as colon-separated action and intention."
4,4,frame_4.jpg,"a room with a desk and a chair in it, a digital rendering, inspired by Marius Borgeaud, [ horror game ], streaming on twitch, mit technology review, 3 d mesh, agoraphobia, an escape room in a small, future science fiction. game cg, apartment, a room","

The next best possible single action would be to walk to the right, into the living room, with the intention of finding the remote control.","I am in an unknown house.

This is the floorplan, from a top-down view.
On the bottom left, is the kitchen with a refrigerator in front, where you are currently located. To the right of the current position, is the drawing room which has a table near the entry, a sofa and a T.V in front of it. Connecting to the kitchen on the top right is a rectangular bedroom in a verticle fashion which can be entered through a door in the kitchen. In the bedroom on the bottom right corner is a bathroom which can be entered from the bedroom.

The goal is to find the shortest path to the RemoteControl, giving a detailed step-by-step trajectory.

We are given the frame description as follows - 
a room with a desk and a chair in it, a digital rendering, inspired by Marius Borgeaud, [ horror game ], streaming on twitch, mit technology review, 3 d mesh, agoraphobia, an escape room in a small, future science fiction. game cg, apartment, a room

Generate the next best possible single action and the intention behind the action as colon-separated action and intention."
5,5,frame_5.jpg,"a room with a desk and a chair in it, a raytraced image, serial art, streaming on twitch, computer game art, sad prisoner holding ipad, two buddies sitting in a room, perfect dark, he is all alone, polygon, game maker, the artist has used bright, counter strike","


1. Go to the drawing room.
2. Pick up the remote control from the table.","I am in an unknown house.

This is the floorplan, from a top-down view.
On the bottom left, is the kitchen with a refrigerator in front, where you are currently located. To the right of the current position, is the drawing room which has a table near the entry, a sofa and a T.V in front of it. Connecting to the kitchen on the top right is a rectangular bedroom in a verticle fashion which can be entered through a door in the kitchen. In the bedroom on the bottom right corner is a bathroom which can be entered from the bedroom.

The goal is to find the shortest path to the RemoteControl, giving a detailed step-by-step trajectory.

We are given the frame description as follows - 
a room with a desk and a chair in it, a raytraced image, serial art, streaming on twitch, computer game art, sad prisoner holding ipad, two buddies sitting in a room, perfect dark, he is all alone, polygon, game maker, the artist has used bright, counter strike

Generate the next best possible single action and the intention behind the action as colon-separated action and intention."
6,6,frame_6.jpg,"a living room with a couch and a table, inspired by William Michael Harnett, generative art, sad cop looking at a, interior gameplay screenshot, streaming on twitch, dark moody purple lighting, 64x64, unity 2 d, female protagonist, the artist has used bright","

The next best possible single action would be to move one space to the right, into the living room, with the intention of finding the remote control.","I am in an unknown house.

This is the floorplan, from a top-down view.
On the bottom left, is the kitchen with a refrigerator in front, where you are currently located. To the right of the current position, is the drawing room which has a table near the entry, a sofa and a T.V in front of it. Connecting to the kitchen on the top right is a rectangular bedroom in a verticle fashion which can be entered through a door in the kitchen. In the bedroom on the bottom right corner is a bathroom which can be entered from the bedroom.

The goal is to find the shortest path to the RemoteControl, giving a detailed step-by-step trajectory.

We are given the frame description as follows - 
a living room with a couch and a table, inspired by William Michael Harnett, generative art, sad cop looking at a, interior gameplay screenshot, streaming on twitch, dark moody purple lighting, 64x64, unity 2 d, female protagonist, the artist has used bright

Generate the next best possible single action and the intention behind the action as colon-separated action and intention."
7,7,frame_7.jpg,"a computer generated image of a living room, a screenshot, inspired by Leandro Erlich, new objectivity, selfie of a man, kimono robe detailed toggles, the stanley parable, slapstick, mobile, stealth, interior of a bathroom, yoworld, streaming, character is standing, spy","

The next possible action is to walk to the door on the right, which leads to the bedroom. The intention is to find the RemoteControl.","I am in an unknown house.

This is the floorplan, from a top-down view.
On the bottom left, is the kitchen with a refrigerator in front, where you are currently located. To the right of the current position, is the drawing room which has a table near the entry, a sofa and a T.V in front of it. Connecting to the kitchen on the top right is a rectangular bedroom in a verticle fashion which can be entered through a door in the kitchen. In the bedroom on the bottom right corner is a bathroom which can be entered from the bedroom.

The goal is to find the shortest path to the RemoteControl, giving a detailed step-by-step trajectory.

We are given the frame description as follows - 
a computer generated image of a living room, a screenshot, inspired by Leandro Erlich, new objectivity, selfie of a man, kimono robe detailed toggles, the stanley parable, slapstick, mobile, stealth, interior of a bathroom, yoworld, streaming, character is standing, spy

Generate the next best possible single action and the intention behind the action as colon-separated action and intention."
8,8,frame_8.jpg,"a computer generated view of a living room, inspired by John F. Peto, mobile learning app prototype, long dark shadows, only visited during dreams, yoworld, safehavenhq, narrow hallway, dribbble, 2007 blog, lowres, puyallup berteronian, furnished room","

The agent's next best possible single action is to move towards the door in the kitchen that leads to the bedroom. The intention behind this action is to find the RemoteControl.","I am in an unknown house.

This is the floorplan, from a top-down view.
On the bottom left, is the kitchen with a refrigerator in front, where you are currently located. To the right of the current position, is the drawing room which has a table near the entry, a sofa and a T.V in front of it. Connecting to the kitchen on the top right is a rectangular bedroom in a verticle fashion which can be entered through a door in the kitchen. In the bedroom on the bottom right corner is a bathroom which can be entered from the bedroom.

The goal is to find the shortest path to the RemoteControl, giving a detailed step-by-step trajectory.

We are given the frame description as follows - 
a computer generated view of a living room, inspired by John F. Peto, mobile learning app prototype, long dark shadows, only visited during dreams, yoworld, safehavenhq, narrow hallway, dribbble, 2007 blog, lowres, puyallup berteronian, furnished room

Generate the next best possible single action and the intention behind the action as colon-separated action and intention."
9,9,frame_9.jpg,"a room with a bed and a television in it, inspired by Chris Ware, Artstation, new objectivity, walter white in roblox, noise rock album cover, 2019, streaming on twitch, cartographic, dirty apartment, ue marketplace, [ horror game ], mc ride, dark blue tint","

The next best possible single action would be to walk to the right, towards the drawing room. The intention behind this action would be to find the remote control.","I am in an unknown house.

This is the floorplan, from a top-down view.
On the bottom left, is the kitchen with a refrigerator in front, where you are currently located. To the right of the current position, is the drawing room which has a table near the entry, a sofa and a T.V in front of it. Connecting to the kitchen on the top right is a rectangular bedroom in a verticle fashion which can be entered through a door in the kitchen. In the bedroom on the bottom right corner is a bathroom which can be entered from the bedroom.

The goal is to find the shortest path to the RemoteControl, giving a detailed step-by-step trajectory.

We are given the frame description as follows - 
a room with a bed and a television in it, inspired by Chris Ware, Artstation, new objectivity, walter white in roblox, noise rock album cover, 2019, streaming on twitch, cartographic, dirty apartment, ue marketplace, [ horror game ], mc ride, dark blue tint

Generate the next best possible single action and the intention behind the action as colon-separated action and intention."
10,10,frame_10.jpg,"a living room with a couch a table and a lamp, a raytraced image, postminimalism, in game, standing in corner of room, ai researcher, third person gameplay, lowres, lamp ( ( ( mirror ) ) ) ), edge vignette, the witness, streaming on twitch, white map library, goldsrc","

The next best possible single action is to move towards the door in the kitchen that leads to the bedroom. The intention behind the action is to find the remote control.","I am in an unknown house.

This is the floorplan, from a top-down view.
On the bottom left, is the kitchen with a refrigerator in front, where you are currently located. To the right of the current position, is the drawing room which has a table near the entry, a sofa and a T.V in front of it. Connecting to the kitchen on the top right is a rectangular bedroom in a verticle fashion which can be entered through a door in the kitchen. In the bedroom on the bottom right corner is a bathroom which can be entered from the bedroom.

The goal is to find the shortest path to the RemoteControl, giving a detailed step-by-step trajectory.

We are given the frame description as follows - 
a living room with a couch a table and a lamp, a raytraced image, postminimalism, in game, standing in corner of room, ai researcher, third person gameplay, lowres, lamp ( ( ( mirror ) ) ) ), edge vignette, the witness, streaming on twitch, white map library, goldsrc

Generate the next best possible single action and the intention behind the action as colon-separated action and intention."
11,11,frame_11.jpg,"a living room filled with furniture and a flat screen tv, a screenshot, inspired by James Bateman, postminimalism, in game engine, the stanley parable, soft blur lighting, rated t for teen, 64x64, gamedesign, low definition, destroying houses, no foliage","

The next possible action is to walk to the right into the living room. The intention is to find the RemoteControl.","I am in an unknown house.

This is the floorplan, from a top-down view.
On the bottom left, is the kitchen with a refrigerator in front, where you are currently located. To the right of the current position, is the drawing room which has a table near the entry, a sofa and a T.V in front of it. Connecting to the kitchen on the top right is a rectangular bedroom in a verticle fashion which can be entered through a door in the kitchen. In the bedroom on the bottom right corner is a bathroom which can be entered from the bedroom.

The goal is to find the shortest path to the RemoteControl, giving a detailed step-by-step trajectory.

We are given the frame description as follows - 
a living room filled with furniture and a flat screen tv, a screenshot, inspired by James Bateman, postminimalism, in game engine, the stanley parable, soft blur lighting, rated t for teen, 64x64, gamedesign, low definition, destroying houses, no foliage

Generate the next best possible single action and the intention behind the action as colon-separated action and intention."
12,12,frame_12.jpg,"a living room with a television and a lamp, a raytraced image, inspired by John Crawford Brown, [ horror game ], streaming on twitch, location in a apartment, anxious. highly detailed, someone in home sits in bed, deep learning, object features","

The next best possible single action would be to move towards the living room, with the intention of finding the remote control.","I am in an unknown house.

This is the floorplan, from a top-down view.
On the bottom left, is the kitchen with a refrigerator in front, where you are currently located. To the right of the current position, is the drawing room which has a table near the entry, a sofa and a T.V in front of it. Connecting to the kitchen on the top right is a rectangular bedroom in a verticle fashion which can be entered through a door in the kitchen. In the bedroom on the bottom right corner is a bathroom which can be entered from the bedroom.

The goal is to find the shortest path to the RemoteControl, giving a detailed step-by-step trajectory.

We are given the frame description as follows - 
a living room with a television and a lamp, a raytraced image, inspired by John Crawford Brown, [ horror game ], streaming on twitch, location in a apartment, anxious. highly detailed, someone in home sits in bed, deep learning, object features

Generate the next best possible single action and the intention behind the action as colon-separated action and intention."
13,13,frame_13.jpg,"a living room with a television and a lamp, a raytraced image, in unreal 3 d engine, streaming on twitch, 3d shadowing effect, photorealistic shading, prosthetic leg, spoon placed, pixar rendering, game scene graph, dark teal, object features, room","

The next best possible single action would be to walk to the drawing room and pick up the remote control. The intention behind the action would be to turn on the television.","I am in an unknown house.

This is the floorplan, from a top-down view.
On the bottom left, is the kitchen with a refrigerator in front, where you are currently located. To the right of the current position, is the drawing room which has a table near the entry, a sofa and a T.V in front of it. Connecting to the kitchen on the top right is a rectangular bedroom in a verticle fashion which can be entered through a door in the kitchen. In the bedroom on the bottom right corner is a bathroom which can be entered from the bedroom.

The goal is to find the shortest path to the RemoteControl, giving a detailed step-by-step trajectory.

We are given the frame description as follows - 
a living room with a television and a lamp, a raytraced image, in unreal 3 d engine, streaming on twitch, 3d shadowing effect, photorealistic shading, prosthetic leg, spoon placed, pixar rendering, game scene graph, dark teal, object features, room

Generate the next best possible single action and the intention behind the action as colon-separated action and intention."
14,14,frame_14.jpg,"a living room with a television and a chair, a raytraced image, inspired by Wilhelm Hammershøi, mobile learning app prototype, ebay listing thumbnail, horror game graphics, mit technology review, style of mirror\'s edge, crime photos, realisms","

The next best possible single action is to go to the drawing room and the intention is to find the remote control.","I am in an unknown house.

This is the floorplan, from a top-down view.
On the bottom left, is the kitchen with a refrigerator in front, where you are currently located. To the right of the current position, is the drawing room which has a table near the entry, a sofa and a T.V in front of it. Connecting to the kitchen on the top right is a rectangular bedroom in a verticle fashion which can be entered through a door in the kitchen. In the bedroom on the bottom right corner is a bathroom which can be entered from the bedroom.

The goal is to find the shortest path to the RemoteControl, giving a detailed step-by-step trajectory.

We are given the frame description as follows - 
a living room with a television and a chair, a raytraced image, inspired by Wilhelm Hammershøi, mobile learning app prototype, ebay listing thumbnail, horror game graphics, mit technology review, style of mirror\'s edge, crime photos, realisms

Generate the next best possible single action and the intention behind the action as colon-separated action and intention."
15,15,frame_15.jpg,"a living room with a couch and a television, a raytraced image, inspired by John Carpenter, best shadow quality, in game engine, between two chairs over a toilet, jerma, shadow of beard, frame from pixar movie, leg, very detaied, silhuette, unity engine","

The next best possible single action would be to move towards the door in the kitchen that leads to the bedroom. The intention behind this action would be to find the RemoteControl.","I am in an unknown house.

This is the floorplan, from a top-down view.
On the bottom left, is the kitchen with a refrigerator in front, where you are currently located. To the right of the current position, is the drawing room which has a table near the entry, a sofa and a T.V in front of it. Connecting to the kitchen on the top right is a rectangular bedroom in a verticle fashion which can be entered through a door in the kitchen. In the bedroom on the bottom right corner is a bathroom which can be entered from the bedroom.

The goal is to find the shortest path to the RemoteControl, giving a detailed step-by-step trajectory.

We are given the frame description as follows - 
a living room with a couch and a television, a raytraced image, inspired by John Carpenter, best shadow quality, in game engine, between two chairs over a toilet, jerma, shadow of beard, frame from pixar movie, leg, very detaied, silhuette, unity engine

Generate the next best possible single action and the intention behind the action as colon-separated action and intention."
16,16,frame_16.jpg,"a computer sitting on top of a desk next to a chair, a raytraced image, postminimalism, at the sitting couch, unity engine, streaming on twitch, apartment design, consist of shadow, anxious. highly detailed, sitting on couch, listing image, tvs, blue room, destroy lonely","

The next best possible single action would be to walk to the drawing room and pick up the remote control from the table. The intention behind this action would be to use the remote control to turn on the TV.","I am in an unknown house.

This is the floorplan, from a top-down view.
On the bottom left, is the kitchen with a refrigerator in front, where you are currently located. To the right of the current position, is the drawing room which has a table near the entry, a sofa and a T.V in front of it. Connecting to the kitchen on the top right is a rectangular bedroom in a verticle fashion which can be entered through a door in the kitchen. In the bedroom on the bottom right corner is a bathroom which can be entered from the bedroom.

The goal is to find the shortest path to the RemoteControl, giving a detailed step-by-step trajectory.

We are given the frame description as follows - 
a computer sitting on top of a desk next to a chair, a raytraced image, postminimalism, at the sitting couch, unity engine, streaming on twitch, apartment design, consist of shadow, anxious. highly detailed, sitting on couch, listing image, tvs, blue room, destroy lonely

Generate the next best possible single action and the intention behind the action as colon-separated action and intention."
17,17,frame_17.jpg,"a computer monitor sitting on top of a white cabinet, a computer rendering, inspired by Willem van Mieris, long shadow, unity unreal engine, dark teal couch, streaming on twitch, character is standing, minimalist furniture, it is visibly angry at the tv, perfect shadows, upper body avatar, jpeg artefacts","

The next best possible single action would be to walk to the drawing room and pick up the remote control. The intention behind the action would be to use the remote control to turn on the TV.","I am in an unknown house.

This is the floorplan, from a top-down view.
On the bottom left, is the kitchen with a refrigerator in front, where you are currently located. To the right of the current position, is the drawing room which has a table near the entry, a sofa and a T.V in front of it. Connecting to the kitchen on the top right is a rectangular bedroom in a verticle fashion which can be entered through a door in the kitchen. In the bedroom on the bottom right corner is a bathroom which can be entered from the bedroom.

The goal is to find the shortest path to the RemoteControl, giving a detailed step-by-step trajectory.

We are given the frame description as follows - 
a computer monitor sitting on top of a white cabinet, a computer rendering, inspired by Willem van Mieris, long shadow, unity unreal engine, dark teal couch, streaming on twitch, character is standing, minimalist furniture, it is visibly angry at the tv, perfect shadows, upper body avatar, jpeg artefacts

Generate the next best possible single action and the intention behind the action as colon-separated action and intention."
18,18,frame_18.jpg,"a flat screen tv sitting on top of a white cabinet, a raytraced image, dribbble, it follows :7, ebay listing thumbnail, artstation. view from space, streaming on twitch, minimalist furniture, avatar image, videogame style, blue image, 1128x191 resolution","

The next possible action is to go to the drawing room. The intention behind the action is to find the remote control.","I am in an unknown house.

This is the floorplan, from a top-down view.
On the bottom left, is the kitchen with a refrigerator in front, where you are currently located. To the right of the current position, is the drawing room which has a table near the entry, a sofa and a T.V in front of it. Connecting to the kitchen on the top right is a rectangular bedroom in a verticle fashion which can be entered through a door in the kitchen. In the bedroom on the bottom right corner is a bathroom which can be entered from the bedroom.

The goal is to find the shortest path to the RemoteControl, giving a detailed step-by-step trajectory.

We are given the frame description as follows - 
a flat screen tv sitting on top of a white cabinet, a raytraced image, dribbble, it follows :7, ebay listing thumbnail, artstation. view from space, streaming on twitch, minimalist furniture, avatar image, videogame style, blue image, 1128x191 resolution

Generate the next best possible single action and the intention behind the action as colon-separated action and intention."
19,19,frame_19.jpg,"a flat screen tv sitting on top of a white cabinet, a computer rendering, by Puru, streaming on twitch, skin : tjalf sparnaay, best shadow quality, ventail, low res, yoworld, dark blue tint, with furniture overturned, low spacial lighting : :, artstatiom","

The next best possible single action is to walk to the drawing room. The intention behind the action is to find the RemoteControl.","I am in an unknown house.

This is the floorplan, from a top-down view.
On the bottom left, is the kitchen with a refrigerator in front, where you are currently located. To the right of the current position, is the drawing room which has a table near the entry, a sofa and a T.V in front of it. Connecting to the kitchen on the top right is a rectangular bedroom in a verticle fashion which can be entered through a door in the kitchen. In the bedroom on the bottom right corner is a bathroom which can be entered from the bedroom.

The goal is to find the shortest path to the RemoteControl, giving a detailed step-by-step trajectory.

We are given the frame description as follows - 
a flat screen tv sitting on top of a white cabinet, a computer rendering, by Puru, streaming on twitch, skin : tjalf sparnaay, best shadow quality, ventail, low res, yoworld, dark blue tint, with furniture overturned, low spacial lighting : :, artstatiom

Generate the next best possible single action and the intention behind the action as colon-separated action and intention."
