image,prompt
frame_0.jpg,"a person standing in front of a door in a room, an ambient occlusion render, inspired by Leandro Erlich, photorealism, gameplay screenshot with ui, streaming on twitch, detailed photo of virtual world, dark shadow, cool skydome, tall door, unity engine, arma 3"
frame_1.jpg,"a black refrigerator freezer sitting inside of a kitchen, a screenshot, inspired by Leandro Erlich, new objectivity, volumetric clouds and fog, mobile learning app prototype, upper body avatar, sunny sky light, blue door, studyng in bedroom, digitigrade, goldsrc"
frame_2.jpg,"a room with a desk and a chair in it, a screenshot, inspired by Pieter de Hooch, new objectivity, mit technology review, style of mirror\'s edge, mobile learning app prototype, psychological horror, first-person, realosm"
frame_3.jpg,"a room with a desk and a chair in it, a digital rendering, inspired by Gustave Caillebotte, mobile learning app prototype, dark dimension portal, prison cell, homeworld, doors to various bedrooms, first - person view, mit technology review, siggraph"
frame_4.jpg,"a room with a desk and a chair in it, a digital rendering, inspired by Marius Borgeaud, [ horror game ], streaming on twitch, mit technology review, 3 d mesh, agoraphobia, an escape room in a small, future science fiction. game cg, apartment, a room"
frame_5.jpg,"a room with a desk and a chair in it, a raytraced image, serial art, streaming on twitch, computer game art, sad prisoner holding ipad, two buddies sitting in a room, perfect dark, he is all alone, polygon, game maker, the artist has used bright, counter strike"
frame_6.jpg,"a living room with a couch and a table, inspired by William Michael Harnett, generative art, sad cop looking at a, interior gameplay screenshot, streaming on twitch, dark moody purple lighting, 64x64, unity 2 d, female protagonist, the artist has used bright"
frame_7.jpg,"a computer generated image of a living room, a screenshot, inspired by Leandro Erlich, new objectivity, selfie of a man, kimono robe detailed toggles, the stanley parable, slapstick, mobile, stealth, interior of a bathroom, yoworld, streaming, character is standing, spy"
frame_8.jpg,"a computer generated view of a living room, inspired by John F. Peto, mobile learning app prototype, long dark shadows, only visited during dreams, yoworld, safehavenhq, narrow hallway, dribbble, 2007 blog, lowres, puyallup berteronian, furnished room"
frame_9.jpg,"a room with a bed and a television in it, inspired by Chris Ware, Artstation, new objectivity, walter white in roblox, noise rock album cover, 2019, streaming on twitch, cartographic, dirty apartment, ue marketplace, [ horror game ], mc ride, dark blue tint"
frame_10.jpg,"a living room with a couch a table and a lamp, a raytraced image, postminimalism, in game, standing in corner of room, ai researcher, third person gameplay, lowres, lamp ( ( ( mirror ) ) ) ), edge vignette, the witness, streaming on twitch, white map library, goldsrc"
frame_11.jpg,"a living room filled with furniture and a flat screen tv, a screenshot, inspired by James Bateman, postminimalism, in game engine, the stanley parable, soft blur lighting, rated t for teen, 64x64, gamedesign, low definition, destroying houses, no foliage"
frame_12.jpg,"a living room with a television and a lamp, a raytraced image, inspired by John Crawford Brown, [ horror game ], streaming on twitch, location in a apartment, anxious. highly detailed, someone in home sits in bed, deep learning, object features"
frame_13.jpg,"a living room with a television and a lamp, a raytraced image, in unreal 3 d engine, streaming on twitch, 3d shadowing effect, photorealistic shading, prosthetic leg, spoon placed, pixar rendering, game scene graph, dark teal, object features, room"
frame_14.jpg,"a living room with a television and a chair, a raytraced image, inspired by Wilhelm Hammershøi, mobile learning app prototype, ebay listing thumbnail, horror game graphics, mit technology review, style of mirror\'s edge, crime photos, realisms"
frame_15.jpg,"a living room with a couch and a television, a raytraced image, inspired by John Carpenter, best shadow quality, in game engine, between two chairs over a toilet, jerma, shadow of beard, frame from pixar movie, leg, very detaied, silhuette, unity engine"
frame_16.jpg,"a computer sitting on top of a desk next to a chair, a raytraced image, postminimalism, at the sitting couch, unity engine, streaming on twitch, apartment design, consist of shadow, anxious. highly detailed, sitting on couch, listing image, tvs, blue room, destroy lonely"
frame_17.jpg,"a computer monitor sitting on top of a white cabinet, a computer rendering, inspired by Willem van Mieris, long shadow, unity unreal engine, dark teal couch, streaming on twitch, character is standing, minimalist furniture, it is visibly angry at the tv, perfect shadows, upper body avatar, jpeg artefacts"
frame_18.jpg,"a flat screen tv sitting on top of a white cabinet, a raytraced image, dribbble, it follows :7, ebay listing thumbnail, artstation. view from space, streaming on twitch, minimalist furniture, avatar image, videogame style, blue image, 1128x191 resolution"
frame_19.jpg,"a flat screen tv sitting on top of a white cabinet, a computer rendering, by Puru, streaming on twitch, skin : tjalf sparnaay, best shadow quality, ventail, low res, yoworld, dark blue tint, with furniture overturned, low spacial lighting : :, artstatiom"
