{
    "house_id": 1486,
    "intentions": [],
    "target_object_type": "Apple",
    "frames_dir": "expert_annotations/frames/house_1486/Apple/",
    "actions": [
        {
            "action": "MoveAhead",
            "intentions": "I see a fridge so this must be the kitchen, an apple mostly likely will be here. I will move toward the fridge first to see what's inside before exploring other parts of the kitchen",
            "pickedObject": null,
            "openedObject": null
        },
        {
            "action": "MoveAhead",
            "intentions": null,
            "pickedObject": null,
            "openedObject": null
        },
        {
            "action": "MoveAhead",
            "intentions": null,
            "pickedObject": null,
            "openedObject": null
        },
        {
            "action": "OpenObject",
            "intentions": "I will open the fridge to see if there is an apple",
            "pickedObject": null,
            "openedObject": "Fridge|2|0"
        },
        {
            "action": "PickUpObject",
            "intentions": "I see a green apple, I will pick it up",
            "pickedObject": "Apple|surface|2|0",
            "openedObject": null
        },
        {
            "action": "end",
            "intentions": "I picked up the apple",
            "pickedObject": null,
            "openedObject": null
        }
    ],
    "pickupable_objects": [
        [],
        [],
        [],
        [],
        [
            "Apple|surface|2|0"
        ],
        [
            "Apple|surface|2|0"
        ]
    ],
    "openable_objects": [
        [
            "door|1|2",
            "Fridge|2|0"
        ],
        [
            "door|1|2",
            "Fridge|2|0"
        ],
        [
            "Fridge|2|0"
        ],
        [
            "Fridge|2|0"
        ],
        [
            "Fridge|2|0"
        ],
        [
            "Fridge|2|0"
        ]
    ]
}