{
    "house_id": 8480,
    "intentions": [],
    "target_object_type": "Mug",
    "frames_dir": "expert_annotations/frames/house_8480/Mug/",
    "actions": [
        {
            "action": "RotateLeft",
            "intentions": "I don't see any indication of what room this is so I will turn around to get a better view",
            "pickedObject": null,
            "openedObject": null
        },
        {
            "action": "MoveLeft",
            "intentions": "I see a bathroom sink so most likely the mug will not be in this room. I will move toward the doors I see ahead to explore another room",
            "pickedObject": null,
            "openedObject": null
        },
        {
            "action": "MoveAhead",
            "intentions": null,
            "pickedObject": null,
            "openedObject": null
        },
        {
            "action": "MoveAhead",
            "intentions": null,
            "pickedObject": null,
            "openedObject": null
        },
        {
            "action": "MoveAhead",
            "intentions": null,
            "pickedObject": null,
            "openedObject": null
        },
        {
            "action": "MoveAhead",
            "intentions": null,
            "pickedObject": null,
            "openedObject": null
        },
        {
            "action": "MoveAhead",
            "intentions": null,
            "pickedObject": null,
            "openedObject": null
        },
        {
            "action": "MoveAhead",
            "intentions": null,
            "pickedObject": null,
            "openedObject": null
        },
        {
            "action": "MoveAhead",
            "intentions": null,
            "pickedObject": null,
            "openedObject": null
        },
        {
            "action": "RotateRight",
            "intentions": "I will start exploring the room on the right first",
            "pickedObject": null,
            "openedObject": null
        },
        {
            "action": "MoveLeft",
            "intentions": null,
            "pickedObject": null,
            "openedObject": null
        },
        {
            "action": "MoveAhead",
            "intentions": "I see a countertop and a few things above it, I will move closer to get a better look",
            "pickedObject": null,
            "openedObject": null
        },
        {
            "action": "MoveAhead",
            "intentions": null,
            "pickedObject": null,
            "openedObject": null
        },
        {
            "action": "MoveAhead",
            "intentions": null,
            "pickedObject": null,
            "openedObject": null
        },
        {
            "action": "MoveAhead",
            "intentions": null,
            "pickedObject": null,
            "openedObject": null
        },
        {
            "action": "MoveAhead",
            "intentions": null,
            "pickedObject": null,
            "openedObject": null
        },
        {
            "action": "MoveAhead",
            "intentions": null,
            "pickedObject": null,
            "openedObject": null
        },
        {
            "action": "MoveAhead",
            "intentions": "I see something that looks like a mug, I will get closer for a better look",
            "pickedObject": null,
            "openedObject": null
        },
        {
            "action": "RotateRight",
            "intentions": null,
            "pickedObject": null,
            "openedObject": null
        },
        {
            "action": "MoveAhead",
            "intentions": null,
            "pickedObject": null,
            "openedObject": null
        },
        {
            "action": "PickUpObject",
            "intentions": null,
            "pickedObject": null,
            "openedObject": null
        },
        {
            "action": "RotateLeft",
            "intentions": "No this is not a mug, I will turn around to explore the other objects on the counter",
            "pickedObject": null,
            "openedObject": null
        },
        {
            "action": "MoveLeft",
            "intentions": null,
            "pickedObject": null,
            "openedObject": null
        },
        {
            "action": "MoveAhead",
            "intentions": "I see something that looks like a mug, I will move closer to confirm",
            "pickedObject": null,
            "openedObject": null
        },
        {
            "action": "MoveLeft",
            "intentions": null,
            "pickedObject": null,
            "openedObject": null
        },
        {
            "action": "MoveAhead",
            "intentions": null,
            "pickedObject": null,
            "openedObject": null
        },
        {
            "action": "PickUpObject",
            "intentions": "yes it is a mug I will pick it up",
            "pickedObject": "Mug|surface|2|16",
            "openedObject": null
        },
        {
            "action": "end",
            "intentions": "the mug is in my hand",
            "pickedObject": null,
            "openedObject": null
        }
    ],
    "pickupable_objects": [
        [],
        [],
        [],
        [],
        [
            "DishSponge|surface|3|26"
        ],
        [],
        [],
        [],
        [],
        [],
        [
            "DishSponge|surface|3|26"
        ],
        [],
        [],
        [],
        [],
        [
            "Pen|surface|2|18",
            "Book|surface|2|12",
            "Spatula|surface|2|7",
            "Bowl|surface|2|1"
        ],
        [
            "Bread|surface|2|22",
            "Pen|surface|2|18",
            "Book|surface|2|12",
            "Kettle|surface|2|11",
            "CreditCard|surface|2|10",
            "Spatula|surface|2|7",
            "Spoon|surface|2|6",
            "Cup|surface|2|4",
            "Bowl|surface|2|1"
        ],
        [
            "Bread|surface|2|22",
            "Book|surface|2|12",
            "Kettle|surface|2|11",
            "CreditCard|surface|2|10",
            "Spatula|surface|2|7",
            "Spoon|surface|2|6",
            "Cup|surface|2|4",
            "Potato|surface|2|3",
            "Bowl|surface|2|1"
        ],
        [
            "Bread|surface|2|22",
            "Mug|surface|2|16",
            "Kettle|surface|2|11",
            "CreditCard|surface|2|10",
            "Spatula|surface|2|7",
            "Spoon|surface|2|6",
            "Spoon|surface|2|5",
            "Potato|surface|2|3"
        ],
        [
            "Bread|surface|2|22",
            "Pen|surface|2|18",
            "Book|surface|2|12",
            "Kettle|surface|2|11",
            "CreditCard|surface|2|10",
            "Spatula|surface|2|7",
            "Cup|surface|2|4",
            "Bowl|surface|2|1"
        ],
        [
            "Bread|surface|2|22",
            "Pen|surface|2|18",
            "Book|surface|2|12",
            "Kettle|surface|2|11",
            "CreditCard|surface|2|10",
            "Spatula|surface|2|7",
            "Cup|surface|2|4",
            "Bowl|surface|2|1"
        ],
        [
            "Bread|surface|2|22",
            "Pen|surface|2|18",
            "Book|surface|2|12",
            "Kettle|surface|2|11",
            "CreditCard|surface|2|10",
            "Spatula|surface|2|7",
            "Cup|surface|2|4",
            "Bowl|surface|2|1"
        ],
        [
            "Bread|surface|2|22",
            "Mug|surface|2|16",
            "Kettle|surface|2|11",
            "CreditCard|surface|2|10",
            "Spatula|surface|2|7",
            "Spoon|surface|2|6",
            "Spoon|surface|2|5",
            "Potato|surface|2|3"
        ],
        [
            "Mug|surface|2|16",
            "Ladle|surface|2|15",
            "Spoon|surface|2|6",
            "Spoon|surface|2|5",
            "Potato|surface|2|3"
        ],
        [
            "Mug|surface|2|16",
            "Spoon|surface|2|5"
        ],
        [
            "Mug|surface|2|16",
            "Ladle|surface|2|15",
            "Spoon|surface|2|5"
        ],
        [
            "Mug|surface|2|16",
            "Ladle|surface|2|15",
            "Spoon|surface|2|5"
        ],
        [
            "Mug|surface|2|16",
            "Ladle|surface|2|15",
            "Spoon|surface|2|5"
        ]
    ],
    "openable_objects": [
        [],
        [],
        [],
        [],
        [],
        [
            "door|2|3"
        ],
        [
            "door|3|4",
            "door|2|3"
        ],
        [
            "door|3|4",
            "door|2|3"
        ],
        [
            "door|3|4",
            "door|2|3"
        ],
        [
            "door|3|4",
            "door|2|3"
        ],
        [
            "door|2|3"
        ],
        [
            "door|2|3"
        ],
        [
            "door|2|3"
        ],
        [
            "door|2|3"
        ],
        [],
        [
            "Book|surface|2|12"
        ],
        [
            "Book|surface|2|12",
            "Kettle|surface|2|11"
        ],
        [
            "Book|surface|2|12",
            "Kettle|surface|2|11"
        ],
        [
            "Kettle|surface|2|11"
        ],
        [
            "Book|surface|2|12",
            "Kettle|surface|2|11"
        ],
        [
            "Book|surface|2|12",
            "Kettle|surface|2|11"
        ],
        [
            "Book|surface|2|12",
            "Kettle|surface|2|11"
        ],
        [
            "Kettle|surface|2|11"
        ],
        [],
        [],
        [],
        [],
        []
    ]
}