{
    "house_id": 8480,
    "intentions": [],
    "target_object_type": "RemoteControl",
    "frames_dir": "expert_annotations/frames/house_8480/RemoteControl/",
    "actions": [
        {
            "action": "RotateLeft",
            "intentions": "I don't see anything that indicate what room I am in",
            "pickedObject": null,
            "openedObject": null
        },
        {
            "action": "MoveAhead",
            "intentions": "I see a bathroom sink so I don't think the remote control will be in this room, I will exit this room through the doors I see ahead",
            "pickedObject": null,
            "openedObject": null
        },
        {
            "action": "MoveAhead",
            "intentions": null,
            "pickedObject": null,
            "openedObject": null
        },
        {
            "action": "MoveLeft",
            "intentions": "I will move to the left to avoid the table ahead of me",
            "pickedObject": null,
            "openedObject": null
        },
        {
            "action": "MoveAhead",
            "intentions": null,
            "pickedObject": null,
            "openedObject": null
        },
        {
            "action": "MoveAhead",
            "intentions": null,
            "pickedObject": null,
            "openedObject": null
        },
        {
            "action": "MoveAhead",
            "intentions": null,
            "pickedObject": null,
            "openedObject": null
        },
        {
            "action": "MoveAhead",
            "intentions": null,
            "pickedObject": null,
            "openedObject": null
        },
        {
            "action": "MoveAhead",
            "intentions": null,
            "pickedObject": null,
            "openedObject": null
        },
        {
            "action": "MoveAhead",
            "intentions": null,
            "pickedObject": null,
            "openedObject": null
        },
        {
            "action": "RotateRight",
            "intentions": "there are two rooms on each side, I will start exploring the room on the right first",
            "pickedObject": null,
            "openedObject": null
        },
        {
            "action": "MoveLeft",
            "intentions": "I see something that looks like kitchen counter, I will move to the left to get a better view",
            "pickedObject": null,
            "openedObject": null
        },
        {
            "action": "RotateLeft",
            "intentions": "yes that room is a kitchen but I don't think the remote control will be there so I will explore the other room now",
            "pickedObject": null,
            "openedObject": null
        },
        {
            "action": "RotateLeft",
            "intentions": "I will see what room is on the left",
            "pickedObject": null,
            "openedObject": null
        },
        {
            "action": "MoveAhead",
            "intentions": "I see a couch this must be the living room, I think the remote control might be there. I will move forward to enter the room",
            "pickedObject": null,
            "openedObject": null
        },
        {
            "action": "MoveAhead",
            "intentions": null,
            "pickedObject": null,
            "openedObject": null
        },
        {
            "action": "MoveRight",
            "intentions": "I see a TV so the remote control must be in this room",
            "pickedObject": null,
            "openedObject": null
        },
        {
            "action": "MoveAhead",
            "intentions": "I see something on the couch I will move toward it to see what is that object",
            "pickedObject": null,
            "openedObject": null
        },
        {
            "action": "MoveAhead",
            "intentions": null,
            "pickedObject": null,
            "openedObject": null
        },
        {
            "action": "MoveAhead",
            "intentions": null,
            "pickedObject": null,
            "openedObject": null
        },
        {
            "action": "MoveAhead",
            "intentions": "the thing on the couch looks like a remote control, I will move closer to confirm",
            "pickedObject": null,
            "openedObject": null
        },
        {
            "action": "MoveAhead",
            "intentions": "yes it is a remote control I will move closer to pick it up",
            "pickedObject": null,
            "openedObject": null
        },
        {
            "action": "PickUpObject",
            "intentions": "I will pick the remote control from the couch",
            "pickedObject": "RemoteControl|surface|4|35",
            "openedObject": null
        },
        {
            "action": "end",
            "intentions": "I picked up the remote control",
            "pickedObject": null,
            "openedObject": null
        }
    ],
    "pickupable_objects": [
        [],
        [],
        [],
        [
            "DishSponge|surface|3|26"
        ],
        [],
        [
            "DishSponge|surface|3|26"
        ],
        [],
        [],
        [],
        [],
        [],
        [
            "DishSponge|surface|3|26"
        ],
        [],
        [],
        [],
        [],
        [],
        [],
        [],
        [
            "RemoteControl|surface|4|35",
            "Laptop|surface|4|33"
        ],
        [
            "RemoteControl|surface|4|35",
            "Laptop|surface|4|33"
        ],
        [
            "RemoteControl|surface|4|35",
            "Laptop|surface|4|33"
        ],
        [
            "RemoteControl|surface|4|35",
            "Laptop|surface|4|33"
        ],
        [
            "RemoteControl|surface|4|35",
            "Laptop|surface|4|33"
        ]
    ],
    "openable_objects": [
        [],
        [],
        [],
        [],
        [],
        [],
        [
            "door|2|3"
        ],
        [
            "door|3|4",
            "door|2|3"
        ],
        [
            "door|3|4",
            "door|2|3"
        ],
        [
            "door|3|4",
            "door|2|3"
        ],
        [
            "door|3|4",
            "door|2|3"
        ],
        [
            "door|2|3"
        ],
        [
            "door|2|3"
        ],
        [
            "door|3|4",
            "door|2|3"
        ],
        [
            "door|3|4"
        ],
        [
            "door|3|4"
        ],
        [
            "door|3|4"
        ],
        [
            "door|3|4"
        ],
        [
            "door|4|5"
        ],
        [
            "door|4|5",
            "Laptop|surface|4|33"
        ],
        [
            "door|4|5",
            "Laptop|surface|4|33"
        ],
        [
            "door|4|5",
            "Laptop|surface|4|33"
        ],
        [
            "door|4|5",
            "Laptop|surface|4|33"
        ],
        [
            "door|4|5",
            "Laptop|surface|4|33"
        ]
    ]
}