{
    "house_id": 8480,
    "intentions": [],
    "target_object_type": "Book",
    "frames_dir": "expert_annotations/frames/house_8480/Book/",
    "actions": [
        {
            "action": "RotateLeft",
            "intentions": "I don't see any object indicating which room I am in, I will turn around to get a better look",
            "pickedObject": null,
            "openedObject": null
        },
        {
            "action": "MoveAhead",
            "intentions": "I see a sink this must be the bathroom then the book won't be here, I see two doors I will move towards them",
            "pickedObject": null,
            "openedObject": null
        },
        {
            "action": "MoveLeft",
            "intentions": null,
            "pickedObject": null,
            "openedObject": null
        },
        {
            "action": "MoveAhead",
            "intentions": null,
            "pickedObject": null,
            "openedObject": null
        },
        {
            "action": "MoveAhead",
            "intentions": null,
            "pickedObject": null,
            "openedObject": null
        },
        {
            "action": "MoveAhead",
            "intentions": null,
            "pickedObject": null,
            "openedObject": null
        },
        {
            "action": "MoveAhead",
            "intentions": null,
            "pickedObject": null,
            "openedObject": null
        },
        {
            "action": "MoveAhead",
            "intentions": null,
            "pickedObject": null,
            "openedObject": null
        },
        {
            "action": "MoveAhead",
            "intentions": null,
            "pickedObject": null,
            "openedObject": null
        },
        {
            "action": "MoveAhead",
            "intentions": null,
            "pickedObject": null,
            "openedObject": null
        },
        {
            "action": "MoveAhead",
            "intentions": null,
            "pickedObject": null,
            "openedObject": null
        },
        {
            "action": "RotateRight",
            "intentions": "I will explore the room on the right first",
            "pickedObject": null,
            "openedObject": null
        },
        {
            "action": "MoveAhead",
            "intentions": "I see something that might be a kitchen counter that has a few objects on top, I will move forward to explore these objects",
            "pickedObject": null,
            "openedObject": null
        },
        {
            "action": "MoveAhead",
            "intentions": null,
            "pickedObject": null,
            "openedObject": null
        },
        {
            "action": "MoveAhead",
            "intentions": null,
            "pickedObject": null,
            "openedObject": null
        },
        {
            "action": "MoveAhead",
            "intentions": null,
            "pickedObject": null,
            "openedObject": null
        },
        {
            "action": "MoveAhead",
            "intentions": null,
            "pickedObject": null,
            "openedObject": null
        },
        {
            "action": "MoveAhead",
            "intentions": null,
            "pickedObject": null,
            "openedObject": null
        },
        {
            "action": "MoveRight",
            "intentions": "I see a book on top of the kitchen counter, I will go toward it to pick it up",
            "pickedObject": null,
            "openedObject": null
        },
        {
            "action": "MoveAhead",
            "intentions": null,
            "pickedObject": null,
            "openedObject": null
        },
        {
            "action": "PickUpObject",
            "intentions": null,
            "pickedObject": "Book|surface|2|12",
            "openedObject": null
        },
        {
            "action": "end",
            "intentions": "I picked up the book",
            "pickedObject": null,
            "openedObject": null
        }
    ],
    "pickupable_objects": [
        [],
        [],
        [],
        [],
        [],
        [
            "DishSponge|surface|3|26"
        ],
        [],
        [],
        [],
        [],
        [],
        [],
        [],
        [],
        [],
        [],
        [
            "Pen|surface|2|18",
            "Book|surface|2|12",
            "Spatula|surface|2|7",
            "Bowl|surface|2|1"
        ],
        [
            "Bread|surface|2|22",
            "Pen|surface|2|18",
            "Book|surface|2|12",
            "Kettle|surface|2|11",
            "CreditCard|surface|2|10",
            "Spatula|surface|2|7",
            "Spoon|surface|2|6",
            "Cup|surface|2|4",
            "Bowl|surface|2|1"
        ],
        [
            "Bread|surface|2|22",
            "Book|surface|2|12",
            "Kettle|surface|2|11",
            "CreditCard|surface|2|10",
            "Spatula|surface|2|7",
            "Spoon|surface|2|6",
            "Cup|surface|2|4",
            "Potato|surface|2|3",
            "Bowl|surface|2|1"
        ],
        [
            "Bread|surface|2|22",
            "Pen|surface|2|18",
            "Book|surface|2|12",
            "Kettle|surface|2|11",
            "CreditCard|surface|2|10",
            "Spatula|surface|2|7",
            "Spoon|surface|2|6",
            "Cup|surface|2|4",
            "Potato|surface|2|3",
            "Bowl|surface|2|1"
        ],
        [
            "Bread|surface|2|22",
            "Pen|surface|2|18",
            "Book|surface|2|12",
            "Kettle|surface|2|11",
            "CreditCard|surface|2|10",
            "Spatula|surface|2|7",
            "Spoon|surface|2|6",
            "Cup|surface|2|4",
            "Potato|surface|2|3",
            "Bowl|surface|2|1"
        ],
        [
            "Bread|surface|2|22",
            "Pen|surface|2|18",
            "Book|surface|2|12",
            "Kettle|surface|2|11",
            "CreditCard|surface|2|10",
            "Spatula|surface|2|7",
            "Spoon|surface|2|6",
            "Cup|surface|2|4",
            "Potato|surface|2|3",
            "Bowl|surface|2|1"
        ]
    ],
    "openable_objects": [
        [],
        [],
        [],
        [],
        [],
        [],
        [
            "door|2|3"
        ],
        [
            "door|3|4",
            "door|2|3"
        ],
        [
            "door|3|4",
            "door|2|3"
        ],
        [
            "door|3|4",
            "door|2|3"
        ],
        [
            "door|3|4",
            "door|2|3"
        ],
        [
            "door|3|4",
            "door|2|3"
        ],
        [
            "door|2|3"
        ],
        [
            "door|2|3"
        ],
        [
            "door|2|3"
        ],
        [],
        [
            "Book|surface|2|12"
        ],
        [
            "Book|surface|2|12",
            "Kettle|surface|2|11"
        ],
        [
            "Book|surface|2|12",
            "Kettle|surface|2|11"
        ],
        [
            "Book|surface|2|12",
            "Kettle|surface|2|11"
        ],
        [
            "Book|surface|2|12",
            "Kettle|surface|2|11"
        ],
        [
            "Book|surface|2|12",
            "Kettle|surface|2|11"
        ]
    ]
}