{
    "house_id": 8480,
    "intentions": [],
    "target_object_type": "Bowl",
    "frames_dir": "expert_annotations/frames/house_8480/Bowl/",
    "actions": [
        {
            "action": "RotateLeft",
            "intentions": "I don't see anything indicating the type of room I am in, I will turn around to get a better view",
            "pickedObject": null,
            "openedObject": null
        },
        {
            "action": "MoveLeft",
            "intentions": "I see a sink so this room must be the bathroom, the bowl most likely won't be here. I see two doors I will move towards them to get out of this room",
            "pickedObject": null,
            "openedObject": null
        },
        {
            "action": "MoveAhead",
            "intentions": null,
            "pickedObject": null,
            "openedObject": null
        },
        {
            "action": "MoveAhead",
            "intentions": null,
            "pickedObject": null,
            "openedObject": null
        },
        {
            "action": "MoveAhead",
            "intentions": null,
            "pickedObject": null,
            "openedObject": null
        },
        {
            "action": "MoveAhead",
            "intentions": null,
            "pickedObject": null,
            "openedObject": null
        },
        {
            "action": "MoveAhead",
            "intentions": null,
            "pickedObject": null,
            "openedObject": null
        },
        {
            "action": "MoveAhead",
            "intentions": null,
            "pickedObject": null,
            "openedObject": null
        },
        {
            "action": "MoveAhead",
            "intentions": null,
            "pickedObject": null,
            "openedObject": null
        },
        {
            "action": "RotateRight",
            "intentions": "I will explore the room on the right first",
            "pickedObject": null,
            "openedObject": null
        },
        {
            "action": "MoveLeft",
            "intentions": null,
            "pickedObject": null,
            "openedObject": null
        },
        {
            "action": "MoveAhead",
            "intentions": "I see a kitchen countertop the bowl might be in that room, I will enter the room to explore it",
            "pickedObject": null,
            "openedObject": null
        },
        {
            "action": "MoveAhead",
            "intentions": null,
            "pickedObject": null,
            "openedObject": null
        },
        {
            "action": "MoveAhead",
            "intentions": "I see a few things on top of the counter I will move towards them",
            "pickedObject": null,
            "openedObject": null
        },
        {
            "action": "MoveAhead",
            "intentions": null,
            "pickedObject": null,
            "openedObject": null
        },
        {
            "action": "MoveAhead",
            "intentions": null,
            "pickedObject": null,
            "openedObject": null
        },
        {
            "action": "MoveAhead",
            "intentions": "I see the bowl on top of the kitchen counter I will move forward to pick it up",
            "pickedObject": null,
            "openedObject": null
        },
        {
            "action": "MoveRight",
            "intentions": null,
            "pickedObject": null,
            "openedObject": null
        },
        {
            "action": "PickUpObject",
            "intentions": null,
            "pickedObject": "Bowl|surface|2|1",
            "openedObject": null
        },
        {
            "action": "end",
            "intentions": "I picked up the bowl",
            "pickedObject": null,
            "openedObject": null
        }
    ],
    "pickupable_objects": [
        [],
        [],
        [],
        [],
        [
            "DishSponge|surface|3|26"
        ],
        [],
        [],
        [],
        [],
        [],
        [
            "DishSponge|surface|3|26"
        ],
        [],
        [],
        [],
        [],
        [
            "Pen|surface|2|18",
            "Book|surface|2|12",
            "Spatula|surface|2|7",
            "Bowl|surface|2|1"
        ],
        [
            "Bread|surface|2|22",
            "Pen|surface|2|18",
            "Book|surface|2|12",
            "Kettle|surface|2|11",
            "CreditCard|surface|2|10",
            "Spatula|surface|2|7",
            "Spoon|surface|2|6",
            "Cup|surface|2|4",
            "Bowl|surface|2|1"
        ],
        [
            "Bread|surface|2|22",
            "Book|surface|2|12",
            "Kettle|surface|2|11",
            "CreditCard|surface|2|10",
            "Spatula|surface|2|7",
            "Spoon|surface|2|6",
            "Cup|surface|2|4",
            "Potato|surface|2|3",
            "Bowl|surface|2|1"
        ],
        [
            "Bread|surface|2|22",
            "Pen|surface|2|18",
            "Book|surface|2|12",
            "Kettle|surface|2|11",
            "CreditCard|surface|2|10",
            "Spatula|surface|2|7",
            "Spoon|surface|2|6",
            "Cup|surface|2|4",
            "Potato|surface|2|3",
            "Bowl|surface|2|1"
        ],
        [
            "Bread|surface|2|22",
            "Pen|surface|2|18",
            "Book|surface|2|12",
            "Kettle|surface|2|11",
            "CreditCard|surface|2|10",
            "Spatula|surface|2|7",
            "Spoon|surface|2|6",
            "Cup|surface|2|4",
            "Potato|surface|2|3",
            "Bowl|surface|2|1"
        ]
    ],
    "openable_objects": [
        [],
        [],
        [],
        [],
        [],
        [
            "door|2|3"
        ],
        [
            "door|3|4",
            "door|2|3"
        ],
        [
            "door|3|4",
            "door|2|3"
        ],
        [
            "door|3|4",
            "door|2|3"
        ],
        [
            "door|3|4",
            "door|2|3"
        ],
        [
            "door|2|3"
        ],
        [
            "door|2|3"
        ],
        [
            "door|2|3"
        ],
        [
            "door|2|3"
        ],
        [],
        [
            "Book|surface|2|12"
        ],
        [
            "Book|surface|2|12",
            "Kettle|surface|2|11"
        ],
        [
            "Book|surface|2|12",
            "Kettle|surface|2|11"
        ],
        [
            "Book|surface|2|12",
            "Kettle|surface|2|11"
        ],
        [
            "Book|surface|2|12",
            "Kettle|surface|2|11"
        ]
    ]
}