{
    "house_id": 1486,
    "intentions": [],
    "target_object_type": "RemoteControl",
    "frames_dir": "expert_annotations/frames/house_1486/RemoteControl/",
    "actions": [
        {
            "action": "RotateRight",
            "intentions": "I see a fridge this must be the kitchen I don't think I will find a remote control in the kitchen. I will turn around to find a door to exit this room",
            "pickedObject": null,
            "openedObject": null
        },
        {
            "action": "MoveAhead",
            "intentions": "I see chairs and a table on the other side of the room, that must be the living room. I will move forward to explore the room",
            "pickedObject": null,
            "openedObject": null
        },
        {
            "action": "MoveAhead",
            "intentions": null,
            "pickedObject": null,
            "openedObject": null
        },
        {
            "action": "MoveAhead",
            "intentions": "there is a chair on the right but no remote control on it, I will keep moving forward to explore other parts",
            "pickedObject": null,
            "openedObject": null
        },
        {
            "action": "MoveAhead",
            "intentions": null,
            "pickedObject": null,
            "openedObject": null
        },
        {
            "action": "MoveAhead",
            "intentions": null,
            "pickedObject": null,
            "openedObject": null
        },
        {
            "action": "MoveAhead",
            "intentions": null,
            "pickedObject": null,
            "openedObject": null
        },
        {
            "action": "MoveAhead",
            "intentions": "I see a green arm chair and there is something on the chair, I will move closer to see what is that object",
            "pickedObject": null,
            "openedObject": null
        },
        {
            "action": "MoveAhead",
            "intentions": null,
            "pickedObject": null,
            "openedObject": null
        },
        {
            "action": "RotateLeft",
            "intentions": "I will turn around to get a better view of the chair",
            "pickedObject": null,
            "openedObject": null
        },
        {
            "action": "MoveRight",
            "intentions": "I see a couch and a table. First I will move toward the green arm chair and then will explore the other furniture",
            "pickedObject": null,
            "openedObject": null
        },
        {
            "action": "MoveAhead",
            "intentions": null,
            "pickedObject": null,
            "openedObject": null
        },
        {
            "action": "MoveAhead",
            "intentions": null,
            "pickedObject": null,
            "openedObject": null
        },
        {
            "action": "MoveAhead",
            "intentions": "The object on the green arm chair doesn't look like a remote control. I will move toward the couch and see what is on there",
            "pickedObject": null,
            "openedObject": null
        },
        {
            "action": "MoveAhead",
            "intentions": "there are few things on the couch, I will move closer to see if there is a remote control",
            "pickedObject": null,
            "openedObject": null
        },
        {
            "action": "MoveAhead",
            "intentions": null,
            "pickedObject": null,
            "openedObject": null
        },
        {
            "action": "MoveAhead",
            "intentions": null,
            "pickedObject": null,
            "openedObject": null
        },
        {
            "action": "MoveAhead",
            "intentions": null,
            "pickedObject": null,
            "openedObject": null
        },
        {
            "action": "MoveAhead",
            "intentions": "there is something on the couch that looks like a remote control, I will move closer to confirm",
            "pickedObject": null,
            "openedObject": null
        },
        {
            "action": "MoveAhead",
            "intentions": null,
            "pickedObject": null,
            "openedObject": null
        },
        {
            "action": "MoveAhead",
            "intentions": "yes there is remote control on the couch, I will move closer to pick it up",
            "pickedObject": null,
            "openedObject": null
        },
        {
            "action": "PickUpObject",
            "intentions": "I will try and pick it up",
            "pickedObject": "RemoteControl|surface|3|9",
            "openedObject": null
        },
        {
            "action": "end",
            "intentions": "the remote control is in my hand",
            "pickedObject": null,
            "openedObject": null
        }
    ],
    "pickupable_objects": [
        [],
        [],
        [],
        [],
        [],
        [],
        [],
        [],
        [],
        [],
        [],
        [],
        [],
        [],
        [],
        [
            "Pillow|surface|3|5"
        ],
        [
            "Pencil|surface|3|11",
            "Pillow|surface|3|5"
        ],
        [
            "Pencil|surface|3|11",
            "Pillow|surface|3|5"
        ],
        [
            "CellPhone|surface|3|6",
            "Pillow|surface|3|5"
        ],
        [
            "RemoteControl|surface|3|9",
            "Newspaper|surface|3|7",
            "CellPhone|surface|3|6"
        ],
        [
            "RemoteControl|surface|3|9",
            "Newspaper|surface|3|7",
            "CellPhone|surface|3|6"
        ],
        [
            "RemoteControl|surface|3|9",
            "Newspaper|surface|3|7"
        ],
        [
            "RemoteControl|surface|3|9",
            "Newspaper|surface|3|7"
        ]
    ],
    "openable_objects": [
        [
            "door|1|2",
            "Fridge|2|0"
        ],
        [],
        [],
        [],
        [],
        [],
        [],
        [],
        [],
        [
            "door|3|10"
        ],
        [],
        [],
        [],
        [],
        [],
        [],
        [],
        [],
        [],
        [],
        [],
        [],
        []
    ]
}