{
    "house_id": 1486,
    "intentions": [],
    "target_object_type": "Pillow",
    "frames_dir": "expert_annotations/frames/house_1486/Pillow/",
    "actions": [
        {
            "action": "RotateRight",
            "intentions": "I see a fridge so this must be the kitchen, I will not find a pillow here so I will turn around to find a door to another room",
            "pickedObject": null,
            "openedObject": null
        },
        {
            "action": "MoveAhead",
            "intentions": "I see a chair I will move toward it to see if there is a pillow there",
            "pickedObject": null,
            "openedObject": null
        },
        {
            "action": "MoveAhead",
            "intentions": null,
            "pickedObject": null,
            "openedObject": null
        },
        {
            "action": "RotateRight",
            "intentions": null,
            "pickedObject": null,
            "openedObject": null
        },
        {
            "action": "RotateLeft",
            "intentions": "There is no pillow on the chair, I will turn back to explore other parts of the room",
            "pickedObject": null,
            "openedObject": null
        },
        {
            "action": "MoveAhead",
            "intentions": null,
            "pickedObject": null,
            "openedObject": null
        },
        {
            "action": "MoveAhead",
            "intentions": "I see a door ahead I will move forward to see what is inside that room",
            "pickedObject": null,
            "openedObject": null
        },
        {
            "action": "MoveAhead",
            "intentions": null,
            "pickedObject": null,
            "openedObject": null
        },
        {
            "action": "MoveAhead",
            "intentions": null,
            "pickedObject": null,
            "openedObject": null
        },
        {
            "action": "MoveAhead",
            "intentions": "I see another chair in this room I will get closer to see if there is a pillow there",
            "pickedObject": null,
            "openedObject": null
        },
        {
            "action": "MoveAhead",
            "intentions": null,
            "pickedObject": null,
            "openedObject": null
        },
        {
            "action": "RotateLeft",
            "intentions": null,
            "pickedObject": null,
            "openedObject": null
        },
        {
            "action": "MoveRight",
            "intentions": null,
            "pickedObject": null,
            "openedObject": null
        },
        {
            "action": "MoveAhead",
            "intentions": "I see a couch, there might be a pillow on it. I will move forward to get a better look",
            "pickedObject": null,
            "openedObject": null
        },
        {
            "action": "MoveAhead",
            "intentions": null,
            "pickedObject": null,
            "openedObject": null
        },
        {
            "action": "MoveAhead",
            "intentions": "there is no pillow on the chair, I will move toward the couch to see what is on it",
            "pickedObject": null,
            "openedObject": null
        },
        {
            "action": "MoveAhead",
            "intentions": "I see something like a pillow, I will move closer to confirm",
            "pickedObject": null,
            "openedObject": null
        },
        {
            "action": "MoveAhead",
            "intentions": null,
            "pickedObject": null,
            "openedObject": null
        },
        {
            "action": "MoveAhead",
            "intentions": "Yes that is a pillow on the couch, I will get closer to pick it up",
            "pickedObject": null,
            "openedObject": null
        },
        {
            "action": "RotateLeft",
            "intentions": null,
            "pickedObject": null,
            "openedObject": null
        },
        {
            "action": "MoveRight",
            "intentions": null,
            "pickedObject": null,
            "openedObject": null
        },
        {
            "action": "PickUpObject",
            "intentions": null,
            "pickedObject": "Pillow|surface|3|5",
            "openedObject": null
        },
        {
            "action": "end",
            "intentions": "I picked up the pillow",
            "pickedObject": null,
            "openedObject": null
        }
    ],
    "pickupable_objects": [
        [],
        [],
        [],
        [],
        [],
        [],
        [],
        [],
        [],
        [],
        [],
        [],
        [],
        [],
        [],
        [],
        [],
        [
            "Pillow|surface|3|5"
        ],
        [
            "Pencil|surface|3|11",
            "Pillow|surface|3|5"
        ],
        [
            "Pencil|surface|3|11",
            "Pillow|surface|3|5"
        ],
        [
            "Pencil|surface|3|11",
            "Pillow|surface|3|5"
        ],
        [
            "Pencil|surface|3|11",
            "Pillow|surface|3|5"
        ],
        [
            "Pillow|surface|3|5"
        ]
    ],
    "openable_objects": [
        [
            "door|1|2",
            "Fridge|2|0"
        ],
        [],
        [],
        [],
        [
            "door|2|5"
        ],
        [],
        [],
        [],
        [],
        [],
        [],
        [
            "door|3|10"
        ],
        [],
        [],
        [],
        [],
        [],
        [],
        [],
        [],
        [],
        [],
        []
    ]
}