image,prompt
frame_0.jpg,"a room with a bed and a dresser, a raytraced image, inspired by Félix Vallotton, postminimalism, hand on the doorknob, jerma, design your own avatar, hairy legs, with ominous shadows, tall door, maple story, first person view, the shining, yoworld, ai startup"
frame_1.jpg,"a room with a bed and a desk in it, a screenshot, inspired by John Crawford Brown, blender npr, news archive, appgamekit"
frame_2.jpg,"a room with a bed, a dresser and a mirror, a screenshot, inspired by Bedwyr Williams, virtual reality metaverse engine, other bedrooms can be seen, jerma, without text, 64x64, streaming on twitch, bump map, ultra realistic classic, twitch streamer"
frame_3.jpg,"a room with a bed and a dresser in it, inspired by Paul Kelpe, polycount, postminimalism, looks like jerma985, 8 feet fall, design your own avatar, security camera, realistic reflection, long dark hallway, on amino, timeless disturbing masterpiece, computer generated, streaming on twitch"
frame_4.jpg,"a room with a bed and a dresser in it, a screenshot, inspired by Paul Kelpe, polycount, postminimalism, mit technology review, cameraphone 2002, white map library, cannonballs, sports setting, crime scene, without text, 64x64, death grips, worth1000.com"
frame_5.jpg,"a room with a bed a dresser and a mirror, a screenshot, inspired by John Crawford Brown, siggraph, flying soccer balls, modern supernatural horror, mit technology review, adventure game, sport game, without text, psychological horror, sphere, 4 0 9 6, sports"
frame_6.jpg,"a room with a bed and a dresser, a screenshot, inspired by Nyuju Stumpy Brown, postminimalism, head is an egg, mc ride, third person perspective, listing image, computer science, hand on the doorknob, avatar image, an ai generated image, large comfy bed, on amino"
frame_7.jpg,"a room with a bed and a dresser, a screenshot, inspired by John Crawford Brown, postminimalism, epic 3 d omolu, mit technology review, ghost sphere, on amino, worth1000.com, streaming on twitch, crime scene, computer generated, cannonballs, sports setting, no textures"
frame_8.jpg,"a room with a bed, dresser and television, a screenshot, inspired by John Crawford Brown, using a vr headset, dating app icon, mit technology review, android phones, worth 1 0 0 0. com, unsettling images, avatar image, google images"
frame_9.jpg,"a bed room with a neatly made bed and a flat screen tv, inspired by Paul Kelpe, polycount, your personal data avatar, from arknights, trending on weasyl, tall door, add text: auto repair, higurashi, first-person pov, lovers melting into bed, on amino"
frame_10.jpg,"a bed sitting in a bedroom next to a door, a screenshot, inspired by Joseph Ducreux, net art, 3 d icon for mobile game, 3 rd person action adventure, mit technology review, japan studio game, [ horror game ]"
frame_11.jpg,"a bed room with a neatly made bed and a flat screen tv, inspired by Paul Kelpe, polycount, net art, cctv camera footage, screenshot from the game, speculative futures, 3d shadowing, japan studio game, mit technology review, surrealisme aesthetic, app, vr"
frame_12.jpg,"a bed room with a neatly made bed and a flat screen tv, inspired by Paul Kelpe, polycount, your personal data avatar, the scary empty liminal spaces, mit technology review, videogame render, duane hanson, destructible environments, surrealisme aesthetic"
frame_13.jpg,"a bed room with a neatly made bed, inspired by Richard Hamilton, polycount, postminimalism, cctv footage of a movie set, other bedrooms can be seen, using a vr headset, phantom dust gameplay screenshot, mit technology review, screenshot from the game, loss"
frame_14.jpg,"a room with a bed and a television in it, a raytraced image, postminimalism, garbage wheel bin, masked person in corner, an ai generated image, third-person view, android close to camera, japan studio game, (empty black void), photo 3 d, streaming, nge, bed"
frame_15.jpg,"a room with a bed and a television in it, a raytraced image, by Puru, net art, trash can, mobile learning app prototype, from disney pixar's up (2009), black face, 64x64, shinkiro, dribbble, third person gameplay, surveillance camera"
frame_17.jpg,"a bathroom with a toilet and a trash can, a raytraced image, net art, snow is falling, upper body avatar, black house, test, datanft as a data avatar, white concrete floor, black border: 0.75, floating objects, 5 7 9, third-person view"
frame_16.jpg,"a room with a bed and a television in it, a screenshot, inspired by Malevich, prosthetic arm, 360, dribbble, black void, sink"
frame_18.jpg,"a black trash can sitting on top of a white floor, a screenshot, inspired by Rube Goldberg, objective abstraction, portrait casting long shadows, portrait of gigachad, destroying the walls, no foliage, cameraphone 2002, jerma985, listing image, black face"
frame_19.jpg,"a man in a suit and tie standing in front of a wall, a raytraced image, giant carnation flower as a head, perfect shadow, bushy tail, antialiased, female image in shadow, the photo shows a large, single long stick, corruption, puffballs, the shadow, houseplants, image on the store website"
frame_20.jpg,"a room with a bed and a desk in it, a screenshot, inspired by William Home Lizars, net art, first-person, doors to various bedrooms, using a vr headset, playstation 2 gameplay still, mobile game, mit technology review, gameplay screenshot"
frame_21.jpg,"a room with a bed and a desk in it, a screenshot, inspired by Balthus, new objectivity, mit technology review, first-person, doors to various bedrooms, lowpoly, app, playstation 2 horror game, spy, environments, door, immersive, stable diffusion ai, 9 5"
frame_22.jpg,"a room with a bed and a desk in it, a screenshot, inspired by Eero Snellman, new objectivity, first person perspective, mobile learning app prototype, japan studio game, doors to various bedrooms, jerma, 64x64, image, mit technology review, realosm"
frame_24.jpg,"a room with a door and a table in it, a screenshot, new objectivity, mit technology review, vr, interior gameplay screenshot, doors to various bedrooms, cameraphone 2002, long cast shadows, motel, antview, unsettling images, without text, angular, bedroom, imagenet"
frame_23.jpg,"a room with a bed and a desk in it, a screenshot, inspired by Edward Bailey, new objectivity, first person perspective, mobile learning app prototype, jerma985, half image, mit technology review, tall door, gameplay screenshot"
frame_25.jpg,"a view of a living room from the hallway, a screenshot, life simulator game screenshot, mit technology review, ue marketplace, magic mystery world, :: nixri, 2070, app, realisms, door, description, h 1024, spy"
frame_26.jpg,"a living room with a couch and a table, a digital rendering, inspired by John Crawford Brown, [ horror game ], mit technology review, ue marketplace, realisms, jerma985, many doorways, 64x64, the artist has used bright, empty floor, twitch streamer, lived in"
frame_27.jpg,"a computer generated image of a living room, inspired by Eero Snellman, mobile learning app prototype, apartment hallway, 64x64, streaming on twitch, ue marketplace, people looking at a house, wooden floor, first person, darpa, door, without text"
frame_28.jpg,"a computer generated image of a living room, a screenshot, inspired by Eero Snellman, tall door, third-person view, mobile learning app prototype, orange: 0.5, streaming on twitch, 3 d highly detailed, small path up to door, pre-rendered, immersive, rendered"
frame_29.jpg,"a computer generated image of a living room, a screenshot, inspired by John Crawford Brown, full body profile camera shot, mobile learning app prototype, screenshot from the game, studio orange, mit technology review, vignette, first person screenshot, old apartment, 5d, frontpage, mobile, golden key, map key"
frame_30.jpg,"a living room filled with furniture and a door, a screenshot, inspired by Eero Snellman, spy, first person point of view, mit technology review, mobile game, jerma985, realistic »"
frame_31.jpg,"a living room filled with furniture and a lamp, a screenshot, inspired by Marius Borgeaud, disassemble the computer, first-person, hand on the doorknob, is essentially arbitrary, sweet home, spy kangaroo, father figure image, streaming on twitch, mobile game asset, (rust)"
frame_32.jpg,"a computer generated image of a living room, a screenshot, new objectivity, long dark shadows, hand on the doorknob, avatar image, ant pov from the floor, golden hour scene, mit technology review, small path up to door, frontpage, texturing xyz, description, cast shadows"
frame_33.jpg,"a view of a room with a table and chairs, net art, long dark shadows, virtual metaverse room, without text, sharp focus on houses, about to enter doorframe, in an attic, mobile learning app prototype, boardgamegeek, mit technology review, gameplay"
frame_34.jpg,"a computer generated view of a kitchen and dining room, inspired by John Crawford Brown, first person shooter, mobile learning app prototype, streaming on twitch, midwest town, highly detailed and hypnotic, inside an old apartment, mit technology review, vr, chalet, pfp"
frame_35.jpg,"a computer generated image of a kitchen and dining room, inspired by John Crawford Brown, first person shooter, android phones, medium height, mit technology review, streaming on twitch, no foliage, people looking at a house, 2007 blog, avatar image, yoworld, lowpoly, screenshot"
frame_36.jpg,"a computer generated image of a kitchen and dining room, inspired by John Crawford Brown, first person shooter, mobile learning app prototype, dirty apartment, 64x64, mit technology review, gallery, avatar image, jerma 9 8 5, blue - ray screenshot, artstatiom, official screenshot"
frame_37.jpg,"a room that has a table and chairs in it, a digital rendering, inspired by Pieter de Hooch, walter white in roblox, doors to various living quarters, playstation 2 gameplay still, mit technology review, radiohead album art cover, bakery, 2010, h 1024, utradetailed, description"
frame_38.jpg,"a room that has a table and chairs in it, a screenshot, american scene painting, the encrypted metaverse, the photo shows a large, overheard camera view of kitchen, blue: 0.25, in a comfy house, lowpoly, discord profile picture, gamedesign, destroying houses"
frame_39.jpg,"a room that has a table and chairs in it, a digital rendering, inspired by Pieter de Hooch, walter white in roblox, lived in, radiohead album art cover, bakery, listing image, streaming on twitch, resident evil 1, for displaying recipes"
frame_40.jpg,"a room that has a table and chairs in it, a screenshot, american scene painting, the encrypted metaverse, the photo shows a large, overheard camera view of kitchen, blue: 0.25, in a comfy house, lowpoly, discord profile picture, gamedesign, destroying houses"
frame_41.jpg,"a room that has a table and chairs in it, a screenshot, inspired by John Crawford Brown, gameplay footage, inside a modern apartment, cameraphone 2002, in the kitchen, lowpoly, destroying houses, 64x64, gameplay still, description, one house, no foliage"
frame_42.jpg,"a room that has a table and chairs in it, a digital rendering, inspired by John Crawford Brown, [ horror game ], streaming on twitch, mit technology review, apartments, very long shadows, untextured, in a kitchen, neighborhood themed, rendered"
frame_43.jpg,"a room that has a table and chairs in it, a computer rendering, postminimalism, playstation 2 gameplay still, streaming on twitch, fbx, narrow hallway, french village interior, jerma985, 3d shadowing, apartments, with highly detailed, the encrypted metaverse, sketchfab"
frame_44.jpg,"a computer generated image of a living room, inspired by Balthus, playstation 2 gameplay still, mobile learning app prototype, ambient oclusion, a sick cat laying in a bedroom, 3rd-person camera!, streaming on twitch, it is very detailed, apartment design, highly rendered"
frame_45.jpg,"a computer sitting on top of a wooden desk, a computer rendering, inspired by Balthus, net art, videogame asset, the cat is walking, inside a modern apartment, photograph of 3d ios room, empty floor, listing image, yoworld, first person screenshot, dynamic shadow, suburban home"
frame_46.jpg,"a computer generated image of a living room, a screenshot, inspired by Pieter de Hooch, net art, third person gameplay, sharp focus on houses, empty stools, 3d shadowing, screenshot from the game, mobile learning app prototype, 2007 blog, avatar image, lowpoly, destroying houses"
frame_47.jpg,"a computer generated image of a kitchen and dining room, a screenshot, inspired by Pieter de Hooch, net art, third person gameplay, empty stools, sharp focus on houses, mit technology review, lowres, streaming on twitch, description, inside an old apartment, lossless, upper body avatar, noise rock album cover"
frame_48.jpg,"a computer generated image of a living room, a screenshot, inspired by Ed Emshwiller, vanitas, for displaying recipes, cute robot, 3 d icon for mobile game, blue image, on amino, third person perspective, very coherent image, lossless, mit technology review, npc, fridge, 2003"
frame_49.jpg,"a computer generated image of a living room, a screenshot, inspired by William Michael Harnett, vanitas, android close to camera, blue cyborg, small kitchen, third person gameplay, clever monkey with a long knife, on amino, 2 0 0 0, totem 2, android, first person, pfp, silver"
