,Unnamed: 0,image,prompt,action,gpt_prompt
0,0,frame_0.jpg,"a person standing in front of a door in a room, an ambient occlusion render, inspired by Leandro Erlich, photorealism, gameplay screenshot with ui, streaming on twitch, detailed photo of virtual world, dark shadow, cool skydome, tall door, unity engine, arma 3","

The next best possible single action would be to open the door in front of you and walk through it into the bedroom. The intention behind this action would be to find the bowl.","I am in an unknown house.

This is the floorplan, from a top-down view.
On the bottom left, is the kitchen with a refrigerator in front, where you are currently located. To the right of the current position, is the drawing room which has a table near the entry, a sofa and a T.V in front of it. Connecting to the kitchen on the top right is a rectangular bedroom in a verticle fashion which can be entered through a door in the kitchen. In the bedroom on the bottom right corner is a bathroom which can be entered from the bedroom.

The goal is to find the shortest path to the Bowl, giving a detailed step-by-step trajectory.

We are given the frame description as follows - 
a person standing in front of a door in a room, an ambient occlusion render, inspired by Leandro Erlich, photorealism, gameplay screenshot with ui, streaming on twitch, detailed photo of virtual world, dark shadow, cool skydome, tall door, unity engine, arma 3

Generate the next best possible single action and the intention behind the action as colon-separated action and intention."
1,1,frame_1.jpg,"a computer desk sitting in a room next to a door, a screenshot, inspired by Jozef Simmler, building cover with plant, android phones, death grips, screenshot from the game, tall door, highly realistic photograph, planters, avatar image, gamedesign, description, vase, blue image","

The next best possible single action is to go to the drawing room and the intention is to find the bowl.","I am in an unknown house.

This is the floorplan, from a top-down view.
On the bottom left, is the kitchen with a refrigerator in front, where you are currently located. To the right of the current position, is the drawing room which has a table near the entry, a sofa and a T.V in front of it. Connecting to the kitchen on the top right is a rectangular bedroom in a verticle fashion which can be entered through a door in the kitchen. In the bedroom on the bottom right corner is a bathroom which can be entered from the bedroom.

The goal is to find the shortest path to the Bowl, giving a detailed step-by-step trajectory.

We are given the frame description as follows - 
a computer desk sitting in a room next to a door, a screenshot, inspired by Jozef Simmler, building cover with plant, android phones, death grips, screenshot from the game, tall door, highly realistic photograph, planters, avatar image, gamedesign, description, vase, blue image

Generate the next best possible single action and the intention behind the action as colon-separated action and intention."
2,2,frame_2.jpg,"a computer generated image of a living room, a screenshot, inspired by John Crawford Brown, kafkaesque, third - person, blue scheme, first-person, 64x64, police station, gumroad, someone in home sits in bed","

The next best possible action is to walk to the door in the kitchen that leads to the bedroom. The intention is to explore the rest of the house.","I am in an unknown house.

This is the floorplan, from a top-down view.
On the bottom left, is the kitchen with a refrigerator in front, where you are currently located. To the right of the current position, is the drawing room which has a table near the entry, a sofa and a T.V in front of it. Connecting to the kitchen on the top right is a rectangular bedroom in a verticle fashion which can be entered through a door in the kitchen. In the bedroom on the bottom right corner is a bathroom which can be entered from the bedroom.

The goal is to find the shortest path to the Bowl, giving a detailed step-by-step trajectory.

We are given the frame description as follows - 
a computer generated image of a living room, a screenshot, inspired by John Crawford Brown, kafkaesque, third - person, blue scheme, first-person, 64x64, police station, gumroad, someone in home sits in bed

Generate the next best possible single action and the intention behind the action as colon-separated action and intention."
3,3,frame_3.jpg,"a room with a desk and a chair in it, a screenshot, net art, third person gameplay, appgamekit, crime scene, blue: 0.5, mit technology review, destroying houses, ssao, boissb - blanca. j, gamedesign, hand on the doorknob, various scenarios, 64x64","

The next best possible single action would be to open the door in the kitchen that leads to the bedroom, with the intention of finding the bowl.","I am in an unknown house.

This is the floorplan, from a top-down view.
On the bottom left, is the kitchen with a refrigerator in front, where you are currently located. To the right of the current position, is the drawing room which has a table near the entry, a sofa and a T.V in front of it. Connecting to the kitchen on the top right is a rectangular bedroom in a verticle fashion which can be entered through a door in the kitchen. In the bedroom on the bottom right corner is a bathroom which can be entered from the bedroom.

The goal is to find the shortest path to the Bowl, giving a detailed step-by-step trajectory.

We are given the frame description as follows - 
a room with a desk and a chair in it, a screenshot, net art, third person gameplay, appgamekit, crime scene, blue: 0.5, mit technology review, destroying houses, ssao, boissb - blanca. j, gamedesign, hand on the doorknob, various scenarios, 64x64

Generate the next best possible single action and the intention behind the action as colon-separated action and intention."
4,4,frame_4.jpg,"a room with a desk and a chair in it, a screenshot, inspired by Chris Ware, serial art, style of mirror\'s edge, fbi raid, mobile learning app prototype, japan studio game, mit technology review, psychological horror, surrealisme aesthetic, 64x64, first person","

The next best possible single action is to go to the right and enter the drawing room. The intention is to find the bowl.","I am in an unknown house.

This is the floorplan, from a top-down view.
On the bottom left, is the kitchen with a refrigerator in front, where you are currently located. To the right of the current position, is the drawing room which has a table near the entry, a sofa and a T.V in front of it. Connecting to the kitchen on the top right is a rectangular bedroom in a verticle fashion which can be entered through a door in the kitchen. In the bedroom on the bottom right corner is a bathroom which can be entered from the bedroom.

The goal is to find the shortest path to the Bowl, giving a detailed step-by-step trajectory.

We are given the frame description as follows - 
a room with a desk and a chair in it, a screenshot, inspired by Chris Ware, serial art, style of mirror\'s edge, fbi raid, mobile learning app prototype, japan studio game, mit technology review, psychological horror, surrealisme aesthetic, 64x64, first person

Generate the next best possible single action and the intention behind the action as colon-separated action and intention."
5,5,frame_5.jpg,"a room with a desk and a chair in it, a screenshot, inspired by Pieter de Hooch, new objectivity, noise rock album cover, style of mirror\'s edge, mobile learning app prototype, mit technology review, japan studio game, crime photos, 9 0 degrees fov","

Move to the drawing room: The intention is to find the bowl.","I am in an unknown house.

This is the floorplan, from a top-down view.
On the bottom left, is the kitchen with a refrigerator in front, where you are currently located. To the right of the current position, is the drawing room which has a table near the entry, a sofa and a T.V in front of it. Connecting to the kitchen on the top right is a rectangular bedroom in a verticle fashion which can be entered through a door in the kitchen. In the bedroom on the bottom right corner is a bathroom which can be entered from the bedroom.

The goal is to find the shortest path to the Bowl, giving a detailed step-by-step trajectory.

We are given the frame description as follows - 
a room with a desk and a chair in it, a screenshot, inspired by Pieter de Hooch, new objectivity, noise rock album cover, style of mirror\'s edge, mobile learning app prototype, mit technology review, japan studio game, crime photos, 9 0 degrees fov

Generate the next best possible single action and the intention behind the action as colon-separated action and intention."
6,6,frame_6.jpg,"a room with a desk and a chair in it, a screenshot, inspired by Pieter de Hooch, postminimalism, north korean slasher, eyelevel perspective image, japan studio game, security camera photo, 64x64, blue image, jpeg artifact, apartment of an art student, construction, hand on the doorknob","

The next best possible single action is to open the door leading to the bedroom. The intention behind this action is to explore the apartment further and find the bowl.","I am in an unknown house.

This is the floorplan, from a top-down view.
On the bottom left, is the kitchen with a refrigerator in front, where you are currently located. To the right of the current position, is the drawing room which has a table near the entry, a sofa and a T.V in front of it. Connecting to the kitchen on the top right is a rectangular bedroom in a verticle fashion which can be entered through a door in the kitchen. In the bedroom on the bottom right corner is a bathroom which can be entered from the bedroom.

The goal is to find the shortest path to the Bowl, giving a detailed step-by-step trajectory.

We are given the frame description as follows - 
a room with a desk and a chair in it, a screenshot, inspired by Pieter de Hooch, postminimalism, north korean slasher, eyelevel perspective image, japan studio game, security camera photo, 64x64, blue image, jpeg artifact, apartment of an art student, construction, hand on the doorknob

Generate the next best possible single action and the intention behind the action as colon-separated action and intention."
7,7,frame_7.jpg,"a room with a desk and a chair in it, a screenshot, inspired by Pieter de Hooch, postminimalism, furry paw pov art, tall door, an approaching shadow, wearing vr, profile picture 1024px, autechre, construction, noise rock album cover, blue shadows, bathroom, aliased","

The next best possible single action is to walk to the right, towards the drawing room. The intention behind this action is to explore the house and find the bowl.","I am in an unknown house.

This is the floorplan, from a top-down view.
On the bottom left, is the kitchen with a refrigerator in front, where you are currently located. To the right of the current position, is the drawing room which has a table near the entry, a sofa and a T.V in front of it. Connecting to the kitchen on the top right is a rectangular bedroom in a verticle fashion which can be entered through a door in the kitchen. In the bedroom on the bottom right corner is a bathroom which can be entered from the bedroom.

The goal is to find the shortest path to the Bowl, giving a detailed step-by-step trajectory.

We are given the frame description as follows - 
a room with a desk and a chair in it, a screenshot, inspired by Pieter de Hooch, postminimalism, furry paw pov art, tall door, an approaching shadow, wearing vr, profile picture 1024px, autechre, construction, noise rock album cover, blue shadows, bathroom, aliased

Generate the next best possible single action and the intention behind the action as colon-separated action and intention."
8,8,frame_8.jpg,"a bathroom with a toilet and a sink, a screenshot, inspired by Bruce McLean, superflat, swinging reflective katana, is tall, polished with visible wood grain, first - person view, iv pole, image, null, damaged floor, totorrl, standing on surfboards, beam, vertigo","

The next best possible single action is to move forward one space. The intention behind the action is to find the bowl.","I am in an unknown house.

This is the floorplan, from a top-down view.
On the bottom left, is the kitchen with a refrigerator in front, where you are currently located. To the right of the current position, is the drawing room which has a table near the entry, a sofa and a T.V in front of it. Connecting to the kitchen on the top right is a rectangular bedroom in a verticle fashion which can be entered through a door in the kitchen. In the bedroom on the bottom right corner is a bathroom which can be entered from the bedroom.

The goal is to find the shortest path to the Bowl, giving a detailed step-by-step trajectory.

We are given the frame description as follows - 
a bathroom with a toilet and a sink, a screenshot, inspired by Bruce McLean, superflat, swinging reflective katana, is tall, polished with visible wood grain, first - person view, iv pole, image, null, damaged floor, totorrl, standing on surfboards, beam, vertigo

Generate the next best possible single action and the intention behind the action as colon-separated action and intention."
9,9,frame_9.jpg,"a computer generated image of a room, a screenshot, inspired by Pieter de Hooch, new objectivity, shadow beneath character, tall building, small kitchen, selfie of a man, upper body avatar, mobile, developers, sun on zenith, towering over the camera, seinfeld, blue edge, kitchen","

Move to the drawing room: The intention is to get to the bowl.","I am in an unknown house.

This is the floorplan, from a top-down view.
On the bottom left, is the kitchen with a refrigerator in front, where you are currently located. To the right of the current position, is the drawing room which has a table near the entry, a sofa and a T.V in front of it. Connecting to the kitchen on the top right is a rectangular bedroom in a verticle fashion which can be entered through a door in the kitchen. In the bedroom on the bottom right corner is a bathroom which can be entered from the bedroom.

The goal is to find the shortest path to the Bowl, giving a detailed step-by-step trajectory.

We are given the frame description as follows - 
a computer generated image of a room, a screenshot, inspired by Pieter de Hooch, new objectivity, shadow beneath character, tall building, small kitchen, selfie of a man, upper body avatar, mobile, developers, sun on zenith, towering over the camera, seinfeld, blue edge, kitchen

Generate the next best possible single action and the intention behind the action as colon-separated action and intention."
10,10,frame_10.jpg,"the shadow of a person standing in a room, a screenshot, inspired by Alberto Giacometti, massurrealism, floating skyscrapers, upper body avatar, potted plant, an ai generated image, show from below, photographic. imposingly tall, spherical body, the space needle, photo of","

The next best possible single action is to walk to the right, towards the drawing room. The intention behind the action is to explore the unknown house.","I am in an unknown house.

This is the floorplan, from a top-down view.
On the bottom left, is the kitchen with a refrigerator in front, where you are currently located. To the right of the current position, is the drawing room which has a table near the entry, a sofa and a T.V in front of it. Connecting to the kitchen on the top right is a rectangular bedroom in a verticle fashion which can be entered through a door in the kitchen. In the bedroom on the bottom right corner is a bathroom which can be entered from the bedroom.

The goal is to find the shortest path to the Bowl, giving a detailed step-by-step trajectory.

We are given the frame description as follows - 
the shadow of a person standing in a room, a screenshot, inspired by Alberto Giacometti, massurrealism, floating skyscrapers, upper body avatar, potted plant, an ai generated image, show from below, photographic. imposingly tall, spherical body, the space needle, photo of

Generate the next best possible single action and the intention behind the action as colon-separated action and intention."
11,11,frame_11.jpg,"a shadow of a clock on a wall, a screenshot, inspired by Marcel Duchamp, serial art, blue bonsai, giant afro!, first-person, golden hour photograph, upper body avatar, silhouette :7, dense trees, the hair reaches the ground, houseplant, is tall, bixbite, in game","

move to the right:to get to the drawing room","I am in an unknown house.

This is the floorplan, from a top-down view.
On the bottom left, is the kitchen with a refrigerator in front, where you are currently located. To the right of the current position, is the drawing room which has a table near the entry, a sofa and a T.V in front of it. Connecting to the kitchen on the top right is a rectangular bedroom in a verticle fashion which can be entered through a door in the kitchen. In the bedroom on the bottom right corner is a bathroom which can be entered from the bedroom.

The goal is to find the shortest path to the Bowl, giving a detailed step-by-step trajectory.

We are given the frame description as follows - 
a shadow of a clock on a wall, a screenshot, inspired by Marcel Duchamp, serial art, blue bonsai, giant afro!, first-person, golden hour photograph, upper body avatar, silhouette :7, dense trees, the hair reaches the ground, houseplant, is tall, bixbite, in game

Generate the next best possible single action and the intention behind the action as colon-separated action and intention."
12,12,frame_12.jpg,"a room with a table and a chair in it, a still life, inspired by Pieter de Hooch, new objectivity, unity 3 d, jar on a shelf, shadow cast of dark corridor, bathtub with golden faucet, listing image, ai - generated art, house plants, first - person view, 64x64","

The next best possible single action is to walk to the right and enter the drawing room. The intention behind the action is to find the bowl.","I am in an unknown house.

This is the floorplan, from a top-down view.
On the bottom left, is the kitchen with a refrigerator in front, where you are currently located. To the right of the current position, is the drawing room which has a table near the entry, a sofa and a T.V in front of it. Connecting to the kitchen on the top right is a rectangular bedroom in a verticle fashion which can be entered through a door in the kitchen. In the bedroom on the bottom right corner is a bathroom which can be entered from the bedroom.

The goal is to find the shortest path to the Bowl, giving a detailed step-by-step trajectory.

We are given the frame description as follows - 
a room with a table and a chair in it, a still life, inspired by Pieter de Hooch, new objectivity, unity 3 d, jar on a shelf, shadow cast of dark corridor, bathtub with golden faucet, listing image, ai - generated art, house plants, first - person view, 64x64

Generate the next best possible single action and the intention behind the action as colon-separated action and intention."
13,13,frame_13.jpg,"a table that has some food on it, a still life, polycount, new objectivity, long shadow, shelf, metaverse, blue image, computer generated, an intruder, residential design, shadowing, avatar image, no ui, apartment design, shadowed, brass plates, consist of shadow, ssao","

The next best possible single action is to walk to the table and pick up the bowl. The intention behind the action is to get the bowl.","I am in an unknown house.

This is the floorplan, from a top-down view.
On the bottom left, is the kitchen with a refrigerator in front, where you are currently located. To the right of the current position, is the drawing room which has a table near the entry, a sofa and a T.V in front of it. Connecting to the kitchen on the top right is a rectangular bedroom in a verticle fashion which can be entered through a door in the kitchen. In the bedroom on the bottom right corner is a bathroom which can be entered from the bedroom.

The goal is to find the shortest path to the Bowl, giving a detailed step-by-step trajectory.

We are given the frame description as follows - 
a table that has some food on it, a still life, polycount, new objectivity, long shadow, shelf, metaverse, blue image, computer generated, an intruder, residential design, shadowing, avatar image, no ui, apartment design, shadowed, brass plates, consist of shadow, ssao

Generate the next best possible single action and the intention behind the action as colon-separated action and intention."
14,14,frame_14.jpg,"a computer generated image of a kitchen table, inspired by William Michael Harnett, polycount, new objectivity, with ominous shadows, rpg character avatar, ceramic pot, avocado being stolen, early screen test, roblox, character is standing, shadow beneath character, silverplate, gorget","

The next best possible single action is to walk to the right, into the drawing room. The intention behind the action is to find the bowl.","I am in an unknown house.

This is the floorplan, from a top-down view.
On the bottom left, is the kitchen with a refrigerator in front, where you are currently located. To the right of the current position, is the drawing room which has a table near the entry, a sofa and a T.V in front of it. Connecting to the kitchen on the top right is a rectangular bedroom in a verticle fashion which can be entered through a door in the kitchen. In the bedroom on the bottom right corner is a bathroom which can be entered from the bedroom.

The goal is to find the shortest path to the Bowl, giving a detailed step-by-step trajectory.

We are given the frame description as follows - 
a computer generated image of a kitchen table, inspired by William Michael Harnett, polycount, new objectivity, with ominous shadows, rpg character avatar, ceramic pot, avocado being stolen, early screen test, roblox, character is standing, shadow beneath character, silverplate, gorget

Generate the next best possible single action and the intention behind the action as colon-separated action and intention."
15,15,frame_15.jpg,"a computer generated image of a kitchen counter, inspired by Raphaelle Peale, new objectivity, with ominous shadows, bronze dwarven breastplate, the encrypted metaverse, wooden bowl, unity asset store, upper body avatar, very coherent image, from ramayan, blue shadows, food head, 2 0 1 9","

The next best possible single action would be to walk to the right, towards the drawing room. The intention behind this action would be to explore the house and find the bowl.","I am in an unknown house.

This is the floorplan, from a top-down view.
On the bottom left, is the kitchen with a refrigerator in front, where you are currently located. To the right of the current position, is the drawing room which has a table near the entry, a sofa and a T.V in front of it. Connecting to the kitchen on the top right is a rectangular bedroom in a verticle fashion which can be entered through a door in the kitchen. In the bedroom on the bottom right corner is a bathroom which can be entered from the bedroom.

The goal is to find the shortest path to the Bowl, giving a detailed step-by-step trajectory.

We are given the frame description as follows - 
a computer generated image of a kitchen counter, inspired by Raphaelle Peale, new objectivity, with ominous shadows, bronze dwarven breastplate, the encrypted metaverse, wooden bowl, unity asset store, upper body avatar, very coherent image, from ramayan, blue shadows, food head, 2 0 1 9

Generate the next best possible single action and the intention behind the action as colon-separated action and intention."
