image,prompt
frame_0.jpg,"a person standing in front of a door in a room, an ambient occlusion render, inspired by Leandro Erlich, photorealism, gameplay screenshot with ui, streaming on twitch, detailed photo of virtual world, dark shadow, cool skydome, tall door, unity engine, arma 3"
frame_1.jpg,"a computer desk sitting in a room next to a door, a screenshot, inspired by Jozef Simmler, building cover with plant, android phones, death grips, screenshot from the game, tall door, highly realistic photograph, planters, avatar image, gamedesign, description, vase, blue image"
frame_2.jpg,"a computer generated image of a living room, a screenshot, inspired by John Crawford Brown, kafkaesque, third - person, blue scheme, first-person, 64x64, police station, gumroad, someone in home sits in bed"
frame_3.jpg,"a room with a desk and a chair in it, a screenshot, net art, third person gameplay, appgamekit, crime scene, blue: 0.5, mit technology review, destroying houses, ssao, boissb - blanca. j, gamedesign, hand on the doorknob, various scenarios, 64x64"
frame_4.jpg,"a room with a desk and a chair in it, a screenshot, inspired by Chris Ware, serial art, style of mirror\'s edge, fbi raid, mobile learning app prototype, japan studio game, mit technology review, psychological horror, surrealisme aesthetic, 64x64, first person"
frame_5.jpg,"a room with a desk and a chair in it, a screenshot, inspired by Pieter de Hooch, new objectivity, noise rock album cover, style of mirror\'s edge, mobile learning app prototype, mit technology review, japan studio game, crime photos, 9 0 degrees fov"
frame_6.jpg,"a room with a desk and a chair in it, a screenshot, inspired by Pieter de Hooch, postminimalism, north korean slasher, eyelevel perspective image, japan studio game, security camera photo, 64x64, blue image, jpeg artifact, apartment of an art student, construction, hand on the doorknob"
frame_7.jpg,"a room with a desk and a chair in it, a screenshot, inspired by Pieter de Hooch, postminimalism, furry paw pov art, tall door, an approaching shadow, wearing vr, profile picture 1024px, autechre, construction, noise rock album cover, blue shadows, bathroom, aliased"
frame_8.jpg,"a bathroom with a toilet and a sink, a screenshot, inspired by Bruce McLean, superflat, swinging reflective katana, is tall, polished with visible wood grain, first - person view, iv pole, image, null, damaged floor, totorrl, standing on surfboards, beam, vertigo"
frame_9.jpg,"a computer generated image of a room, a screenshot, inspired by Pieter de Hooch, new objectivity, shadow beneath character, tall building, small kitchen, selfie of a man, upper body avatar, mobile, developers, sun on zenith, towering over the camera, seinfeld, blue edge, kitchen"
frame_10.jpg,"the shadow of a person standing in a room, a screenshot, inspired by Alberto Giacometti, massurrealism, floating skyscrapers, upper body avatar, potted plant, an ai generated image, show from below, photographic. imposingly tall, spherical body, the space needle, photo of"
frame_11.jpg,"a shadow of a clock on a wall, a screenshot, inspired by Marcel Duchamp, serial art, blue bonsai, giant afro!, first-person, golden hour photograph, upper body avatar, silhouette :7, dense trees, the hair reaches the ground, houseplant, is tall, bixbite, in game"
frame_12.jpg,"a room with a table and a chair in it, a still life, inspired by Pieter de Hooch, new objectivity, unity 3 d, jar on a shelf, shadow cast of dark corridor, bathtub with golden faucet, listing image, ai - generated art, house plants, first - person view, 64x64"
frame_13.jpg,"a table that has some food on it, a still life, polycount, new objectivity, long shadow, shelf, metaverse, blue image, computer generated, an intruder, residential design, shadowing, avatar image, no ui, apartment design, shadowed, brass plates, consist of shadow, ssao"
frame_14.jpg,"a computer generated image of a kitchen table, inspired by William Michael Harnett, polycount, new objectivity, with ominous shadows, rpg character avatar, ceramic pot, avocado being stolen, early screen test, roblox, character is standing, shadow beneath character, silverplate, gorget"
frame_15.jpg,"a computer generated image of a kitchen counter, inspired by Raphaelle Peale, new objectivity, with ominous shadows, bronze dwarven breastplate, the encrypted metaverse, wooden bowl, unity asset store, upper body avatar, very coherent image, from ramayan, blue shadows, food head, 2 0 1 9"
