{
    "house_id": 2452,
    "intentions": [],
    "target_object_type": "Book",
    "frames_dir": "expert_annotations/frames/house_2452/Book/",
    "actions": [
        {
            "action": "RotateLeft",
            "intentions": "It is a bedroom",
            "pickedObject": null,
            "openedObject": null
        },
        {
            "action": "RotateLeft",
            "intentions": "As we are looking for a book, it would probably be on a desk or night stand.",
            "pickedObject": null,
            "openedObject": null
        },
        {
            "action": "MoveAhead",
            "intentions": null,
            "pickedObject": null,
            "openedObject": null
        },
        {
            "action": "MoveAhead",
            "intentions": "moving forward",
            "pickedObject": null,
            "openedObject": null
        },
        {
            "action": "MoveAhead",
            "intentions": null,
            "pickedObject": null,
            "openedObject": null
        },
        {
            "action": "MoveRight",
            "intentions": null,
            "pickedObject": null,
            "openedObject": null
        },
        {
            "action": "MoveRight",
            "intentions": null,
            "pickedObject": null,
            "openedObject": null
        },
        {
            "action": "MoveAhead",
            "intentions": null,
            "pickedObject": null,
            "openedObject": null
        },
        {
            "action": "MoveAhead",
            "intentions": null,
            "pickedObject": null,
            "openedObject": null
        },
        {
            "action": "MoveAhead",
            "intentions": null,
            "pickedObject": null,
            "openedObject": null
        },
        {
            "action": "MoveAhead",
            "intentions": null,
            "pickedObject": null,
            "openedObject": null
        },
        {
            "action": "MoveAhead",
            "intentions": null,
            "pickedObject": null,
            "openedObject": null
        },
        {
            "action": "RotateRight",
            "intentions": "Exploring the next bedroom.",
            "pickedObject": null,
            "openedObject": null
        },
        {
            "action": "MoveLeft",
            "intentions": null,
            "pickedObject": null,
            "openedObject": null
        },
        {
            "action": "MoveLeft",
            "intentions": "There is a study table in this room",
            "pickedObject": null,
            "openedObject": null
        },
        {
            "action": "MoveAhead",
            "intentions": "moving forward",
            "pickedObject": null,
            "openedObject": null
        },
        {
            "action": "MoveAhead",
            "intentions": null,
            "pickedObject": null,
            "openedObject": null
        },
        {
            "action": "MoveAhead",
            "intentions": null,
            "pickedObject": null,
            "openedObject": null
        },
        {
            "action": "MoveAhead",
            "intentions": null,
            "pickedObject": null,
            "openedObject": null
        },
        {
            "action": "MoveAhead",
            "intentions": null,
            "pickedObject": null,
            "openedObject": null
        },
        {
            "action": "MoveAhead",
            "intentions": null,
            "pickedObject": null,
            "openedObject": null
        },
        {
            "action": "MoveAhead",
            "intentions": "Checking out the table",
            "pickedObject": null,
            "openedObject": null
        },
        {
            "action": "MoveRight",
            "intentions": "There seems to be a book at end of the table",
            "pickedObject": null,
            "openedObject": null
        },
        {
            "action": "MoveAhead",
            "intentions": "Moving towards the book",
            "pickedObject": null,
            "openedObject": null
        },
        {
            "action": "MoveAhead",
            "intentions": null,
            "pickedObject": null,
            "openedObject": null
        },
        {
            "action": "MoveAhead",
            "intentions": null,
            "pickedObject": null,
            "openedObject": null
        },
        {
            "action": "PickUpObject",
            "intentions": "Found the book. Picking it up now",
            "pickedObject": "Book|surface|6|71",
            "openedObject": null
        },
        {
            "action": "end",
            "intentions": "Done",
            "pickedObject": null,
            "openedObject": null
        }
    ],
    "pickupable_objects": [
        [],
        [
            "BasketBall|8|2"
        ],
        [
            "BasketBall|8|2"
        ],
        [],
        [],
        [],
        [],
        [],
        [],
        [],
        [],
        [],
        [],
        [],
        [],
        [],
        [],
        [],
        [],
        [],
        [],
        [],
        [],
        [],
        [],
        [
            "Book|surface|6|71",
            "CellPhone|surface|6|62"
        ],
        [
            "Book|surface|6|71"
        ],
        [
            "Book|surface|6|71"
        ]
    ],
    "openable_objects": [
        [
            "Dresser|8|1___8",
            "Dresser|8|1___7",
            "Dresser|8|1___6",
            "Dresser|8|1___5",
            "Dresser|8|1___4",
            "Dresser|8|1___3",
            "Dresser|8|1___2",
            "Dresser|8|1___1",
            "Dresser|8|1___0"
        ],
        [],
        [
            "door|4|8"
        ],
        [
            "door|4|8"
        ],
        [
            "door|7|8"
        ],
        [
            "door|7|8"
        ],
        [
            "door|7|8"
        ],
        [
            "door|7|8"
        ],
        [
            "door|7|8"
        ],
        [
            "door|7|8",
            "door|6|7"
        ],
        [
            "door|7|8",
            "door|6|7"
        ],
        [
            "door|6|7"
        ],
        [
            "door|6|7"
        ],
        [
            "door|6|7"
        ],
        [
            "door|6|7"
        ],
        [
            "door|6|7"
        ],
        [
            "door|6|7"
        ],
        [
            "door|6|7"
        ],
        [
            "door|6|10",
            "door|6|7"
        ],
        [
            "door|6|10"
        ],
        [],
        [],
        [],
        [],
        [],
        [
            "Book|surface|6|71"
        ],
        [
            "Book|surface|6|71"
        ],
        [
            "Book|surface|6|71"
        ]
    ]
}