{
    "house_id": 2741,
    "intentions": [],
    "target_object_type": "SprayBottle",
    "frames_dir": "expert_annotations/frames/house_2741/SprayBottle/",
    "actions": [
        {
            "action": "RotateRight",
            "intentions": "It is drawing room in the scene. A spray bottle probably won't be here.",
            "pickedObject": null,
            "openedObject": null
        },
        {
            "action": "RotateRight",
            "intentions": "We can see a part of kitchen. a spray bottle would be here somewhere",
            "pickedObject": null,
            "openedObject": null
        },
        {
            "action": "MoveAhead",
            "intentions": null,
            "pickedObject": null,
            "openedObject": null
        },
        {
            "action": "PickUpObject",
            "intentions": null,
            "pickedObject": "SprayBottle|surface|2|16",
            "openedObject": null
        },
        {
            "action": "end",
            "intentions": "done",
            "pickedObject": null,
            "openedObject": null
        }
    ],
    "pickupable_objects": [
        [],
        [
            "SoapBottle|surface|2|3"
        ],
        [
            "SprayBottle|surface|2|16",
            "Ladle|surface|2|13",
            "SoapBottle|surface|2|3"
        ],
        [
            "SprayBottle|surface|2|16",
            "Ladle|surface|2|13",
            "Bread|surface|2|9",
            "SoapBottle|surface|2|3"
        ],
        [
            "SprayBottle|surface|2|16",
            "Ladle|surface|2|13",
            "Bread|surface|2|9",
            "SoapBottle|surface|2|3"
        ]
    ],
    "openable_objects": [
        [],
        [],
        [],
        [],
        []
    ]
}