{
    "house_id": 2741,
    "intentions": [],
    "target_object_type": "Apple",
    "frames_dir": "expert_annotations/frames/house_2741/Apple/",
    "actions": [
        {
            "action": "RotateRight",
            "intentions": "this is drawing room. An apple probably won't be here. Lets check out the kitchen",
            "pickedObject": null,
            "openedObject": null
        },
        {
            "action": "MoveAhead",
            "intentions": "Lets check out the rack in scene first",
            "pickedObject": null,
            "openedObject": null
        },
        {
            "action": "MoveAhead",
            "intentions": null,
            "pickedObject": null,
            "openedObject": null
        },
        {
            "action": "MoveAhead",
            "intentions": null,
            "pickedObject": null,
            "openedObject": null
        },
        {
            "action": "MoveAhead",
            "intentions": null,
            "pickedObject": null,
            "openedObject": null
        },
        {
            "action": "MoveAhead",
            "intentions": null,
            "pickedObject": null,
            "openedObject": null
        },
        {
            "action": "RotateRight",
            "intentions": null,
            "pickedObject": null,
            "openedObject": null
        },
        {
            "action": "MoveLeft",
            "intentions": null,
            "pickedObject": null,
            "openedObject": null
        },
        {
            "action": "PickUpObject",
            "intentions": "here is an apple. lets pick it up",
            "pickedObject": "Apple|surface|2|15",
            "openedObject": null
        },
        {
            "action": "end",
            "intentions": "done",
            "pickedObject": null,
            "openedObject": null
        }
    ],
    "pickupable_objects": [
        [],
        [
            "SoapBottle|surface|2|3"
        ],
        [
            "SoapBottle|surface|2|3"
        ],
        [],
        [
            "Vase|surface|2|10",
            "Pot|surface|2|0"
        ],
        [
            "Vase|surface|2|10",
            "Pot|surface|2|0"
        ],
        [
            "Vase|surface|2|10",
            "Pot|surface|2|0"
        ],
        [
            "Vase|surface|2|10",
            "Pot|surface|2|0"
        ],
        [
            "Apple|surface|2|15",
            "Vase|surface|2|10",
            "Pot|surface|2|0"
        ],
        [
            "Apple|surface|2|15",
            "Vase|surface|2|10",
            "Pot|surface|2|0"
        ]
    ],
    "openable_objects": [
        [],
        [],
        [],
        [],
        [],
        [],
        [],
        [],
        [],
        []
    ]
}