{
    "house_id": 2741,
    "intentions": [],
    "target_object_type": "Bowl",
    "frames_dir": "expert_annotations/frames/house_2741/Bowl/",
    "actions": [
        {
            "action": "RotateRight",
            "intentions": null,
            "pickedObject": null,
            "openedObject": null
        },
        {
            "action": "RotateRight",
            "intentions": "a bowl would be in a kitchen. here, we can see some part of kitchen, so lets keep moving further.",
            "pickedObject": null,
            "openedObject": null
        },
        {
            "action": "MoveAhead",
            "intentions": "we can see a bowl like figure on the platform in the scene. Lets approach there.",
            "pickedObject": null,
            "openedObject": null
        },
        {
            "action": "MoveRight",
            "intentions": null,
            "pickedObject": null,
            "openedObject": null
        },
        {
            "action": "MoveAhead",
            "intentions": null,
            "pickedObject": null,
            "openedObject": null
        },
        {
            "action": "MoveAhead",
            "intentions": null,
            "pickedObject": null,
            "openedObject": null
        },
        {
            "action": "MoveAhead",
            "intentions": null,
            "pickedObject": null,
            "openedObject": null
        },
        {
            "action": "RotateLeft",
            "intentions": null,
            "pickedObject": null,
            "openedObject": null
        },
        {
            "action": "PickUpObject",
            "intentions": "found the bowl. lets pick it up.",
            "pickedObject": "Bowl|surface|2|14",
            "openedObject": null
        },
        {
            "action": "end",
            "intentions": "done",
            "pickedObject": null,
            "openedObject": null
        }
    ],
    "pickupable_objects": [
        [],
        [
            "SoapBottle|surface|2|3"
        ],
        [
            "SprayBottle|surface|2|16",
            "Ladle|surface|2|13",
            "SoapBottle|surface|2|3"
        ],
        [
            "SprayBottle|surface|2|16",
            "Ladle|surface|2|13",
            "Bread|surface|2|9",
            "SoapBottle|surface|2|3"
        ],
        [
            "SprayBottle|surface|2|16",
            "Ladle|surface|2|13"
        ],
        [
            "Ladle|surface|2|13",
            "Bread|surface|2|9"
        ],
        [
            "Plate|surface|2|17",
            "Bottle|surface|2|12",
            "Fork|surface|2|7"
        ],
        [
            "Plate|surface|2|17",
            "Bowl|surface|2|14",
            "Bottle|surface|2|12",
            "Fork|surface|2|7"
        ],
        [
            "SprayBottle|surface|2|16",
            "Bowl|surface|2|14",
            "Ladle|surface|2|13",
            "Bottle|surface|2|12",
            "Spoon|surface|2|11",
            "Bread|surface|2|9",
            "ButterKnife|surface|2|6",
            "ButterKnife|surface|2|5",
            "SoapBottle|surface|2|3"
        ],
        [
            "SprayBottle|surface|2|16",
            "Bowl|surface|2|14",
            "Ladle|surface|2|13",
            "Bottle|surface|2|12",
            "Spoon|surface|2|11",
            "Bread|surface|2|9",
            "ButterKnife|surface|2|6",
            "ButterKnife|surface|2|5",
            "SoapBottle|surface|2|3"
        ]
    ],
    "openable_objects": [
        [],
        [],
        [],
        [],
        [],
        [
            "Fridge|2|1"
        ],
        [
            "Fridge|2|1"
        ],
        [
            "Fridge|2|1"
        ],
        [],
        []
    ]
}