{
    "house_id": 1967,
    "intentions": [],
    "target_object_type": "RemoteControl",
    "frames_dir": "expert_annotations/frames/house_1967/RemoteControl/",
    "actions": [
        {
            "action": "RotateRight",
            "intentions": "remote control can be found near the television or on a table near the television",
            "pickedObject": null,
            "openedObject": null
        },
        {
            "action": "MoveAhead",
            "intentions": null,
            "pickedObject": null,
            "openedObject": null
        },
        {
            "action": "MoveAhead",
            "intentions": null,
            "pickedObject": null,
            "openedObject": null
        },
        {
            "action": "MoveAhead",
            "intentions": null,
            "pickedObject": null,
            "openedObject": null
        },
        {
            "action": "PickUpObject",
            "intentions": null,
            "pickedObject": "RemoteControl|surface|3|28",
            "openedObject": null
        },
        {
            "action": "end",
            "intentions": null,
            "pickedObject": null,
            "openedObject": null
        }
    ],
    "pickupable_objects": [
        [],
        [],
        [
            "CellPhone|surface|3|25",
            "CellPhone|surface|3|29",
            "RemoteControl|surface|3|28",
            "Laptop|surface|3|23",
            "Book|surface|3|21",
            "KeyChain|surface|3|20"
        ],
        [
            "CellPhone|surface|3|25",
            "RemoteControl|surface|3|28",
            "Laptop|surface|3|23",
            "KeyChain|surface|3|20"
        ],
        [
            "CellPhone|surface|3|25",
            "RemoteControl|surface|3|28",
            "Laptop|surface|3|23",
            "KeyChain|surface|3|20"
        ],
        [
            "CellPhone|surface|3|25",
            "RemoteControl|surface|3|28",
            "Laptop|surface|3|23",
            "KeyChain|surface|3|20"
        ]
    ],
    "openable_objects": [
        [],
        [],
        [
            "Laptop|surface|3|23",
            "Book|surface|3|21"
        ],
        [
            "Laptop|surface|3|23"
        ],
        [
            "Laptop|surface|3|23"
        ],
        [
            "Laptop|surface|3|23"
        ]
    ]
}