{
    "house_id": 1782,
    "intentions": [],
    "target_object_type": "Apple",
    "frames_dir": "expert_annotations/frames/house_1782/Apple/",
    "actions": [
        {
            "action": "RotateRight",
            "intentions": "apple can be found on the dining table or in the kitchen area or in the refrigerator",
            "pickedObject": null,
            "openedObject": null
        },
        {
            "action": "MoveAhead",
            "intentions": null,
            "pickedObject": null,
            "openedObject": null
        },
        {
            "action": "MoveLeft",
            "intentions": null,
            "pickedObject": null,
            "openedObject": null
        },
        {
            "action": "MoveAhead",
            "intentions": null,
            "pickedObject": null,
            "openedObject": null
        },
        {
            "action": "end",
            "intentions": null,
            "pickedObject": null,
            "openedObject": null
        }
    ],
    "pickupable_objects": [
        [],
        [
            "ButterKnife|surface|8|62",
            "Bread|surface|8|55",
            "Potato|surface|8|46",
            "Pen|surface|8|41",
            "Vase|surface|8|36"
        ],
        [
            "Fork|surface|8|68",
            "Pot|surface|8|65",
            "Plate|surface|8|63",
            "ButterKnife|surface|8|62",
            "Bread|surface|8|56",
            "Bread|surface|8|55",
            "Bread|surface|8|54",
            "Potato|surface|8|46",
            "Pan|surface|8|45",
            "Pen|surface|8|41",
            "Bottle|surface|8|40",
            "Bottle|surface|8|39",
            "Bottle|surface|8|38",
            "Vase|surface|8|36"
        ],
        [
            "Pot|surface|8|65",
            "Plate|surface|8|63",
            "ButterKnife|surface|8|62",
            "Bread|surface|8|56",
            "Bread|surface|8|55",
            "Bread|surface|8|54",
            "Potato|surface|8|46",
            "Pan|surface|8|45",
            "Bottle|surface|8|40",
            "Bottle|surface|8|39",
            "Bottle|surface|8|38",
            "Vase|surface|8|36"
        ],
        [
            "Pot|surface|8|65",
            "Plate|surface|8|63",
            "ButterKnife|surface|8|62",
            "Bread|surface|8|56",
            "Bread|surface|8|55",
            "Bread|surface|8|54",
            "Potato|surface|8|46",
            "Pan|surface|8|45",
            "Bottle|surface|8|40",
            "Bottle|surface|8|39",
            "Bottle|surface|8|38",
            "Vase|surface|8|36"
        ]
    ],
    "openable_objects": [
        [
            "Fridge|8|1"
        ],
        [],
        [],
        [],
        []
    ]
}