{
    "house_id": 1967,
    "intentions": [],
    "target_object_type": "Bowl",
    "frames_dir": "expert_annotations/frames/house_1967/Bowl/",
    "actions": [
        {
            "action": "RotateLeft",
            "intentions": "bowl can be found on a dining table or in a kitchen",
            "pickedObject": null,
            "openedObject": null
        },
        {
            "action": "MoveAhead",
            "intentions": null,
            "pickedObject": null,
            "openedObject": null
        },
        {
            "action": "MoveAhead",
            "intentions": null,
            "pickedObject": null,
            "openedObject": null
        },
        {
            "action": "MoveAhead",
            "intentions": null,
            "pickedObject": null,
            "openedObject": null
        },
        {
            "action": "MoveAhead",
            "intentions": null,
            "pickedObject": null,
            "openedObject": null
        },
        {
            "action": "PickUpObject",
            "intentions": null,
            "pickedObject": "Bowl|surface|3|24",
            "openedObject": null
        },
        {
            "action": "end",
            "intentions": null,
            "pickedObject": null,
            "openedObject": null
        }
    ],
    "pickupable_objects": [
        [],
        [],
        [],
        [
            "Bowl|surface|3|24",
            "Vase|surface|3|22"
        ],
        [
            "Bowl|surface|3|24",
            "Vase|surface|3|22"
        ],
        [
            "Statue|surface|3|27",
            "Candle|surface|3|26",
            "Bowl|surface|3|24",
            "Vase|surface|3|22"
        ],
        [
            "Statue|surface|3|27",
            "Candle|surface|3|26",
            "Bowl|surface|3|24",
            "Vase|surface|3|22"
        ]
    ],
    "openable_objects": [
        [],
        [],
        [],
        [],
        [],
        [],
        []
    ]
}