{
    "house_id": 1967,
    "intentions": [],
    "target_object_type": "Book",
    "frames_dir": "expert_annotations/frames/house_1967/Book/",
    "actions": [
        {
            "action": "RotateRight",
            "intentions": "book can be found on a table or desk or some study drawer",
            "pickedObject": null,
            "openedObject": null
        },
        {
            "action": "MoveAhead",
            "intentions": null,
            "pickedObject": null,
            "openedObject": null
        },
        {
            "action": "MoveRight",
            "intentions": null,
            "pickedObject": null,
            "openedObject": null
        },
        {
            "action": "MoveBack",
            "intentions": null,
            "pickedObject": null,
            "openedObject": null
        },
        {
            "action": "MoveAhead",
            "intentions": null,
            "pickedObject": null,
            "openedObject": null
        },
        {
            "action": "MoveAhead",
            "intentions": null,
            "pickedObject": null,
            "openedObject": null
        },
        {
            "action": "MoveLeft",
            "intentions": null,
            "pickedObject": null,
            "openedObject": null
        },
        {
            "action": "MoveRight",
            "intentions": null,
            "pickedObject": null,
            "openedObject": null
        },
        {
            "action": "MoveRight",
            "intentions": null,
            "pickedObject": null,
            "openedObject": null
        },
        {
            "action": "MoveAhead",
            "intentions": null,
            "pickedObject": null,
            "openedObject": null
        },
        {
            "action": "end",
            "intentions": null,
            "pickedObject": null,
            "openedObject": null
        }
    ],
    "pickupable_objects": [
        [],
        [],
        [
            "CellPhone|surface|3|25",
            "CellPhone|surface|3|29",
            "RemoteControl|surface|3|28",
            "Laptop|surface|3|23",
            "Book|surface|3|21",
            "KeyChain|surface|3|20"
        ],
        [
            "CellPhone|surface|3|25",
            "CellPhone|surface|3|29",
            "RemoteControl|surface|3|28",
            "Laptop|surface|3|23",
            "Book|surface|3|21",
            "KeyChain|surface|3|20"
        ],
        [
            "CellPhone|surface|3|25",
            "RemoteControl|surface|3|28",
            "Laptop|surface|3|23",
            "Book|surface|3|21"
        ],
        [
            "CellPhone|surface|3|25",
            "CellPhone|surface|3|29",
            "RemoteControl|surface|3|28",
            "Laptop|surface|3|23",
            "Book|surface|3|21",
            "KeyChain|surface|3|20"
        ],
        [
            "CellPhone|surface|3|25",
            "RemoteControl|surface|3|28",
            "Laptop|surface|3|23",
            "KeyChain|surface|3|20"
        ],
        [
            "CellPhone|surface|3|25",
            "RemoteControl|surface|3|28",
            "Laptop|surface|3|23",
            "KeyChain|surface|3|20"
        ],
        [
            "CellPhone|surface|3|25",
            "RemoteControl|surface|3|28",
            "Laptop|surface|3|23",
            "KeyChain|surface|3|20"
        ],
        [
            "RemoteControl|surface|3|28",
            "Laptop|surface|3|23",
            "KeyChain|surface|3|20"
        ],
        []
    ],
    "openable_objects": [
        [],
        [],
        [
            "Laptop|surface|3|23",
            "Book|surface|3|21"
        ],
        [
            "Laptop|surface|3|23",
            "Book|surface|3|21"
        ],
        [
            "Laptop|surface|3|23",
            "Book|surface|3|21"
        ],
        [
            "Laptop|surface|3|23",
            "Book|surface|3|21"
        ],
        [
            "Laptop|surface|3|23"
        ],
        [
            "Laptop|surface|3|23"
        ],
        [
            "Laptop|surface|3|23"
        ],
        [
            "Laptop|surface|3|23"
        ],
        []
    ]
}