{
    "house_id": 1782,
    "intentions": [],
    "target_object_type": "Bowl",
    "frames_dir": "expert_annotations/frames/house_1782/Bowl/",
    "actions": [
        {
            "action": "RotateLeft",
            "intentions": "exit door can move towards left to check for a possible table",
            "pickedObject": null,
            "openedObject": null
        },
        {
            "action": "RotateLeft",
            "intentions": "table with multiple objects but bowl not found, can move towards the left side",
            "pickedObject": null,
            "openedObject": null
        },
        {
            "action": "MoveAhead",
            "intentions": "window scene, door on the left ",
            "pickedObject": null,
            "openedObject": null
        },
        {
            "action": "MoveAhead",
            "intentions": null,
            "pickedObject": null,
            "openedObject": null
        },
        {
            "action": "MoveAhead",
            "intentions": null,
            "pickedObject": null,
            "openedObject": null
        },
        {
            "action": "MoveAhead",
            "intentions": null,
            "pickedObject": null,
            "openedObject": null
        },
        {
            "action": "RotateLeft",
            "intentions": "dead end window, look on the left for a clear view of the room",
            "pickedObject": null,
            "openedObject": null
        },
        {
            "action": "MoveAhead",
            "intentions": "table located, check for objects by moving ahead",
            "pickedObject": null,
            "openedObject": null
        },
        {
            "action": "MoveAhead",
            "intentions": null,
            "pickedObject": null,
            "openedObject": null
        },
        {
            "action": "MoveAhead",
            "intentions": null,
            "pickedObject": null,
            "openedObject": null
        },
        {
            "action": "RotateLeft",
            "intentions": null,
            "pickedObject": null,
            "openedObject": null
        },
        {
            "action": "RotateRight",
            "intentions": null,
            "pickedObject": null,
            "openedObject": null
        },
        {
            "action": "RotateRight",
            "intentions": null,
            "pickedObject": null,
            "openedObject": null
        },
        {
            "action": "MoveAhead",
            "intentions": null,
            "pickedObject": null,
            "openedObject": null
        },
        {
            "action": "RotateLeft",
            "intentions": null,
            "pickedObject": null,
            "openedObject": null
        },
        {
            "action": "MoveAhead",
            "intentions": null,
            "pickedObject": null,
            "openedObject": null
        },
        {
            "action": "MoveAhead",
            "intentions": null,
            "pickedObject": null,
            "openedObject": null
        },
        {
            "action": "RotateRight",
            "intentions": null,
            "pickedObject": null,
            "openedObject": null
        },
        {
            "action": "MoveAhead",
            "intentions": "room with television, couch and side table. move towards the side table to look for objects on it",
            "pickedObject": null,
            "openedObject": null
        },
        {
            "action": "MoveAhead",
            "intentions": null,
            "pickedObject": null,
            "openedObject": null
        },
        {
            "action": "MoveAhead",
            "intentions": null,
            "pickedObject": null,
            "openedObject": null
        },
        {
            "action": "MoveAhead",
            "intentions": null,
            "pickedObject": null,
            "openedObject": null
        },
        {
            "action": "MoveAhead",
            "intentions": null,
            "pickedObject": null,
            "openedObject": null
        },
        {
            "action": "MoveAhead",
            "intentions": null,
            "pickedObject": null,
            "openedObject": null
        },
        {
            "action": "MoveAhead",
            "intentions": null,
            "pickedObject": null,
            "openedObject": null
        },
        {
            "action": "MoveAhead",
            "intentions": null,
            "pickedObject": null,
            "openedObject": null
        },
        {
            "action": "MoveAhead",
            "intentions": null,
            "pickedObject": null,
            "openedObject": null
        },
        {
            "action": "PickUpObject",
            "intentions": "bowl visible on the table",
            "pickedObject": "Bowl|surface|9|72",
            "openedObject": null
        },
        {
            "action": "end",
            "intentions": "bowl spotted on the side table, picked",
            "pickedObject": null,
            "openedObject": null
        }
    ],
    "pickupable_objects": [
        [],
        [
            "Ladle|surface|8|67",
            "Lettuce|surface|8|66",
            "Cup|surface|8|64",
            "PepperShaker|surface|8|60",
            "SoapBottle|surface|8|49",
            "Bread|surface|8|47",
            "CreditCard|surface|8|44",
            "ButterKnife|surface|8|42"
        ],
        [
            "Lettuce|surface|8|66",
            "SoapBottle|surface|8|49",
            "ButterKnife|surface|8|42"
        ],
        [
            "Lettuce|surface|8|66",
            "ButterKnife|surface|8|42"
        ],
        [],
        [],
        [],
        [
            "Pen|surface|8|41"
        ],
        [
            "ButterKnife|surface|8|62",
            "Bread|surface|8|55",
            "Potato|surface|8|46",
            "Pen|surface|8|41",
            "Bottle|surface|8|40",
            "Bottle|surface|8|38"
        ],
        [
            "Plate|surface|8|63",
            "ButterKnife|surface|8|62",
            "Bread|surface|8|55",
            "Pan|surface|8|45",
            "Pen|surface|8|41",
            "Bottle|surface|8|40",
            "Bottle|surface|8|39",
            "Bottle|surface|8|38"
        ],
        [
            "Fork|surface|8|68",
            "Plate|surface|8|63",
            "ButterKnife|surface|8|62",
            "Pan|surface|8|45",
            "Pen|surface|8|41",
            "Bottle|surface|8|40",
            "Bottle|surface|8|39",
            "Bottle|surface|8|38"
        ],
        [
            "Fork|surface|8|68",
            "Plate|surface|8|63",
            "ButterKnife|surface|8|62",
            "Bread|surface|8|56",
            "Bread|surface|8|55",
            "Bread|surface|8|54",
            "Potato|surface|8|46",
            "Pan|surface|8|45",
            "Pen|surface|8|41",
            "Bottle|surface|8|40",
            "Bottle|surface|8|39",
            "Bottle|surface|8|38",
            "Vase|surface|8|36"
        ],
        [
            "Fork|surface|8|68",
            "Plate|surface|8|63",
            "ButterKnife|surface|8|62",
            "Pan|surface|8|45",
            "Pen|surface|8|41",
            "Bottle|surface|8|40",
            "Bottle|surface|8|39",
            "Bottle|surface|8|38"
        ],
        [],
        [],
        [
            "Pan|surface|8|45"
        ],
        [],
        [],
        [
            "HousePlant|surface|9|78",
            "Pencil|surface|9|76",
            "Watch|surface|9|71"
        ],
        [
            "HousePlant|surface|9|78",
            "Pencil|surface|9|76",
            "Watch|surface|9|71"
        ],
        [
            "HousePlant|surface|9|78",
            "Pencil|surface|9|76",
            "Watch|surface|9|71"
        ],
        [
            "HousePlant|surface|9|78"
        ],
        [],
        [],
        [],
        [
            "Bowl|surface|9|72",
            "Pencil|surface|9|70"
        ],
        [
            "Bowl|surface|9|72",
            "Pencil|surface|9|70"
        ],
        [
            "Bowl|surface|9|72",
            "Pencil|surface|9|70"
        ],
        [
            "Bowl|surface|9|72",
            "Pencil|surface|9|70"
        ]
    ],
    "openable_objects": [
        [
            "Fridge|8|1"
        ],
        [
            "Fridge|8|1"
        ],
        [],
        [],
        [],
        [],
        [],
        [],
        [],
        [],
        [],
        [],
        [],
        [],
        [],
        [],
        [],
        [],
        [],
        [],
        [],
        [],
        [
            "door|4|9"
        ],
        [
            "door|4|9"
        ],
        [
            "door|4|9"
        ],
        [
            "door|4|9"
        ],
        [
            "door|4|9"
        ],
        [],
        []
    ]
}