{
    "house_id": 1782,
    "intentions": [],
    "target_object_type": "Pen",
    "frames_dir": "expert_annotations/frames/house_1782/Pen/",
    "actions": [
        {
            "action": "RotateLeft",
            "intentions": "door spotted, check for pen on a table or study desk",
            "pickedObject": null,
            "openedObject": null
        },
        {
            "action": "RotateLeft",
            "intentions": null,
            "pickedObject": null,
            "openedObject": null
        },
        {
            "action": "MoveAhead",
            "intentions": null,
            "pickedObject": null,
            "openedObject": null
        },
        {
            "action": "MoveAhead",
            "intentions": null,
            "pickedObject": null,
            "openedObject": null
        },
        {
            "action": "RotateLeft",
            "intentions": null,
            "pickedObject": null,
            "openedObject": null
        },
        {
            "action": "MoveAhead",
            "intentions": null,
            "pickedObject": null,
            "openedObject": null
        },
        {
            "action": "MoveAhead",
            "intentions": null,
            "pickedObject": null,
            "openedObject": null
        },
        {
            "action": "MoveAhead",
            "intentions": null,
            "pickedObject": null,
            "openedObject": null
        },
        {
            "action": "PickUpObject",
            "intentions": null,
            "pickedObject": "Pen|surface|8|41",
            "openedObject": null
        },
        {
            "action": "end",
            "intentions": null,
            "pickedObject": null,
            "openedObject": null
        }
    ],
    "pickupable_objects": [
        [],
        [
            "Ladle|surface|8|67",
            "Lettuce|surface|8|66",
            "Cup|surface|8|64",
            "PepperShaker|surface|8|60",
            "SoapBottle|surface|8|49",
            "Bread|surface|8|47",
            "CreditCard|surface|8|44",
            "ButterKnife|surface|8|42"
        ],
        [
            "Lettuce|surface|8|66",
            "SoapBottle|surface|8|49",
            "ButterKnife|surface|8|42"
        ],
        [
            "Lettuce|surface|8|66",
            "ButterKnife|surface|8|42"
        ],
        [],
        [
            "ButterKnife|surface|8|62",
            "Bread|surface|8|55",
            "Pen|surface|8|41"
        ],
        [
            "ButterKnife|surface|8|62",
            "Bread|surface|8|55",
            "Potato|surface|8|46",
            "Pan|surface|8|45",
            "Pen|surface|8|41",
            "Bottle|surface|8|40",
            "Bottle|surface|8|39",
            "Bottle|surface|8|38"
        ],
        [
            "Fork|surface|8|68",
            "Pot|surface|8|65",
            "Plate|surface|8|63",
            "ButterKnife|surface|8|62",
            "Bread|surface|8|56",
            "Bread|surface|8|55",
            "Bread|surface|8|54",
            "Potato|surface|8|46",
            "Pan|surface|8|45",
            "Pen|surface|8|41",
            "Bottle|surface|8|40",
            "Bottle|surface|8|39",
            "Bottle|surface|8|38"
        ],
        [
            "Fork|surface|8|68",
            "Plate|surface|8|63",
            "ButterKnife|surface|8|62",
            "Bread|surface|8|56",
            "Bread|surface|8|55",
            "Bread|surface|8|54",
            "Potato|surface|8|46",
            "Pan|surface|8|45",
            "Pen|surface|8|41",
            "Bottle|surface|8|40",
            "Bottle|surface|8|39",
            "Bottle|surface|8|38"
        ],
        [
            "Fork|surface|8|68",
            "Plate|surface|8|63",
            "ButterKnife|surface|8|62",
            "Bread|surface|8|56",
            "Bread|surface|8|55",
            "Bread|surface|8|54",
            "Potato|surface|8|46",
            "Pan|surface|8|45",
            "Pen|surface|8|41",
            "Bottle|surface|8|40",
            "Bottle|surface|8|39",
            "Bottle|surface|8|38"
        ]
    ],
    "openable_objects": [
        [
            "Fridge|8|1"
        ],
        [
            "Fridge|8|1"
        ],
        [],
        [],
        [],
        [],
        [],
        [],
        [],
        []
    ]
}