image,prompt
frame_0.jpg,"a person standing in front of a door in a room, an ambient occlusion render, inspired by Leandro Erlich, photorealism, gameplay screenshot with ui, streaming on twitch, detailed photo of virtual world, dark shadow, cool skydome, tall door, unity engine, arma 3"
frame_1.jpg,"a computer desk sitting in a room next to a door, a screenshot, inspired by Jozef Simmler, building cover with plant, android phones, death grips, screenshot from the game, tall door, highly realistic photograph, planters, avatar image, gamedesign, description, vase, blue image"
frame_2.jpg,"a computer generated image of a living room, a screenshot, inspired by John Crawford Brown, kafkaesque, third - person, blue scheme, first-person, 64x64, police station, gumroad, someone in home sits in bed"
frame_3.jpg,"a room with a desk and a chair in it, a screenshot, net art, third person gameplay, appgamekit, crime scene, blue: 0.5, mit technology review, destroying houses, ssao, boissb - blanca. j, gamedesign, hand on the doorknob, various scenarios, 64x64"
frame_4.jpg,"a room with a desk and a chair in it, a screenshot, inspired by John Crawford Brown, bodycam, computer generated, mysterious highly detailed, hand on the doorknob, 2 5 6 x 2 5 6, mit technology review, streaming on twitch, ue marketplace, blue: 0.25, 2 0 1 9"
frame_5.jpg,"a room with a desk and a chair in it, a screenshot, inspired by Balthus, postminimalism, using a vr headset, mit technology review, police tape, japan studio game, mobile, app, e3, 2 0 1 9, an eerie, unsettling photo, realosm, # fututistic"
frame_6.jpg,"a person standing in front of a door in a room, a screenshot, polycount, new objectivity, mobile learning app prototype, shadow beneath character, blue: 0.5, objects levitating, (rust), fist training, best ai image, yoworld, long shadow"
frame_7.jpg,"a shadow of a person standing in front of a door, a raytraced image, inspired by Alberto Giacometti, with cactus plants in the room, mobile game asset, the hair reaches the ground, hairy arms, profile picture 1024px, streaming, an ai generated image, tall trees"
frame_8.jpg,"a shadow of a person standing in a room, a raytraced image, inspired by René Magritte, in game engine, holding a giant flail, giant red carnation afro head, clock tower, from arknights, who is looking up at it in fear, game level design, eggplant, scp-049"
frame_9.jpg,"a shadow of a person standing in a room, a raytraced image, inspired by Raphaelle Peale, in - game screenshot, depicting a flower, diebenkorn, giant red carnation afro head, unity engine, streaming on twitch, interior decoration, depth detailed"
frame_10.jpg,"the shadow of a person standing in a room, a screenshot, inspired by Pieter de Hooch, ffffound, modern gallery furniture, screenshot from the game, ebay listing thumbnail, giant carnation flower as a head, style of mirror\'s edge, apartment of an art student, profile picture 1024px"
frame_11.jpg,"a shadow of a person standing in a room, a raytraced image, inspired by Raphaelle Peale, in - game screenshot, depicting a flower, diebenkorn, giant red carnation afro head, unity engine, streaming on twitch, interior decoration, depth detailed"
frame_12.jpg,"a shadow of a person standing in a room, a raytraced image, inspired by René Magritte, in game engine, holding a giant flail, giant red carnation afro head, clock tower, from arknights, who is looking up at it in fear, game level design, eggplant, scp-049"
frame_13.jpg,"a room with a door and a refrigerator in it, a computer rendering, first person screenshot, streaming, developers, hand on the doorknob, realosm, creating a soft, mobile, shadow depth, ui"
frame_14.jpg,"a room with a door and a refrigerator in it, a computer rendering, virtual reality metaverse engine, worm's eye view from floor, streaming on twitch, developers, merged machima, 90 degree spotlighting, volumetric lighting — w 6 4 0, superdetail, mobile, realosm, shonen"
frame_15.jpg,"a computer generated image of a room with a refrigerator, photorealism, streaming on twitch, hand on the doorknob, 3 rd person game, dynamic shadow, website, metal key for the doors, blue: 0.25, developers, wood door, elevator doors look like a mouth, listing image, app"
frame_16.jpg,"a computer generated image of a room with a refrigerator, new objectivity, virtual reality metaverse engine, long cast shadows, streaming on twitch, about to enter doorframe, mobile learning app prototype, blue door, profile picture 1024px, automated defence platform"
frame_17.jpg,"a black refrigerator freezer sitting inside of a kitchen, a screenshot, inspired by Leandro Erlich, new objectivity, volumetric clouds and fog, mobile learning app prototype, upper body avatar, sunny sky light, blue door, studyng in bedroom, digitigrade, goldsrc"
frame_18.jpg,"a black refrigerator freezer sitting inside of a kitchen, a raytraced image, inspired by Leandro Erlich, net art, wow clouds, doors to various bedrooms, appgamekit, towering over your view, blue door, ambient oclusion, mit technology review, metaverse"
frame_19.jpg,"a room with a desk and a chair in it, a digital rendering, inspired by Gustave Caillebotte, mobile learning app prototype, dark dimension portal, prison cell, homeworld, doors to various bedrooms, first - person view, mit technology review, siggraph"
frame_20.jpg,"a room with a desk and a chair in it, a digital rendering, inspired by Marius Borgeaud, [ horror game ], streaming on twitch, mit technology review, 3 d mesh, agoraphobia, an escape room in a small, future science fiction. game cg, apartment, a room"
frame_21.jpg,"a room with a desk and a chair in it, a raytraced image, serial art, streaming on twitch, computer game art, sad prisoner holding ipad, two buddies sitting in a room, perfect dark, he is all alone, polygon, game maker, the artist has used bright, counter strike"
frame_22.jpg,"a living room with a couch and a table, inspired by William Michael Harnett, generative art, sad cop looking at a, interior gameplay screenshot, streaming on twitch, dark moody purple lighting, 64x64, unity 2 d, female protagonist, the artist has used bright"
frame_23.jpg,"a computer generated image of a living room, a screenshot, inspired by Leandro Erlich, new objectivity, selfie of a man, kimono robe detailed toggles, the stanley parable, slapstick, mobile, stealth, interior of a bathroom, yoworld, streaming, character is standing, spy"
frame_24.jpg,"a computer generated view of a living room, inspired by John F. Peto, mobile learning app prototype, long dark shadows, only visited during dreams, yoworld, safehavenhq, narrow hallway, dribbble, 2007 blog, lowres, puyallup berteronian, furnished room"
frame_25.jpg,"a living room filled with furniture and a painting, a computer rendering, inspired by John F. Peto, postminimalism, screenshot from the game, roblox avatar, blair witch project, 64x64, vignette, solid object in a void, solid snake, death grips, description, gamedesign"
frame_26.jpg,"a view of a living room from above, a screenshot, inspired by John F. Peto, postminimalism, upper body avatar, death grips, protagonist in foreground, untextured, black furniture, petscop, without text, stealth, is at dawn and bluish, description"
frame_27.jpg,"a living room with a television and a lamp, a raytraced image, inspired by John Crawford Brown, [ horror game ], streaming on twitch, small bedroom, videogame asset, no furniture, anxious. highly detailed, someone in home sits in bed"
frame_28.jpg,"a living room with a television and a lamp, a raytraced image, streaming on twitch, ut 4, listing image, haunted house interior, lamp ( ( ( mirror ) ) ) ), first person weapon, ray traced, detailled light, hgtv, lamp posts, object features, third-person view"
frame_29.jpg,"a shadow of a flower on a wall, a raytraced image, new objectivity, giant rose flower head, giant hammer, dim bedroom, scp, looks like a tree silhouette, small gadget, large globe, in game, shaded lighting, is at dawn and bluish, an ai generated image"
frame_30.jpg,"a shadow of a tree casting a shadow on a wall, a raytraced image, inspired by Diego Giacometti, stands at a his easel, giant carnation flower as a head, twitch streamer, in game engine, holding a cane, spherical lens, shadows screaming, vase, small gadget"
