image,prompt
frame_0.jpg,"a room with a bed and a dresser, a raytraced image, inspired by Félix Vallotton, postminimalism, hand on the doorknob, jerma, design your own avatar, hairy legs, blue shadows, tall entry, the shining, empty floor, maple story, an ai generated image, arm"
frame_1.jpg,"a room with a bed and a desk in it, a screenshot, inspired by John Crawford Brown, blender npr, news archive, appgamekit"
frame_2.jpg,"a room with a bed, a dresser and a mirror, a screenshot, inspired by Bedwyr Williams, virtual reality metaverse engine, other bedrooms can be seen, jerma, without text, 64x64, streaming on twitch, bump map, ultra realistic classic, twitch streamer"
frame_3.jpg,"a room with a bed and a desk in it, a screenshot, inspired by John Crawford Brown, blender npr, black teenage boy, front page, mit technology review, plain walls |somber white eyes, mobile learning app prototype, toy room, realistic »"
frame_4.jpg,"a room with a bed and a desk in it, inspired by Paul Kelpe, postminimalism, puddle of milk, -h 960, siggraph, streaming on twitch, augmented reality, 1 9 9 9 aesthetic, 64x64, realistic human movement, bad dream, white map library, utradetailed"
frame_5.jpg,"a room with a bed, a dresser and a painting on the wall, inspired by Paul Kelpe, polycount, rules dream world, streaming on twitch, ai researcher, utradetailed, one-point perspective, sports car in the room, opengl, creating a soft, without text, ar"
frame_6.jpg,"a room with a bed, a dresser and pictures on the wall, a screenshot, polycount, postminimalism, mit technology review, mobile learning app prototype, sport game, psx screenshot, environments, fps game"
frame_7.jpg,"a room with a bed and a basketball on the floor, a screenshot, inspired by John Crawford Brown, postminimalism, mit technology review, mobile app, cgworld, 90 60 90, depth perception, uploaded, 9 5"
frame_8.jpg,"a room with a bed and a dresser, a screenshot, inspired by Nyuju Stumpy Brown, postminimalism, head is an egg, mc ride, third person perspective, listing image, computer science, hand on the doorknob, avatar image, an ai generated image, large comfy bed, on amino"
frame_9.jpg,"a room with a bed and a table, a screenshot, postminimalism, spherical body, blind brown man, third-person view, hand on the doorknob, android close to camera, japan studio game, sports, unity engine, :6, brain interface, white bed, destroy lonely, pfp, object"
frame_10.jpg,"a room with a bed, dressers and a ball on the floor, a screenshot, inspired by Paul Kelpe, postminimalism, epic 3 d omolu, mit technology review, white map library, listing image, third person gameplay, 3 d icon for mobile game, experiment, first - person view"
frame_11.jpg,"a room with a bed and a ball on the floor, a screenshot, inspired by Balthus, postminimalism, mit technology review, japan studio game, first-person, ut 4, sports, app, 0, one object, no foliage, e3, environments, without text, destructible environments"
frame_12.jpg,"a room with a bed and a basketball on the floor, inspired by Paul Kelpe, postminimalism, head is an egg, mobile app, 3 d, mit technology review, higurashi, realistic », streaming on twitch, white map library, cgworld, absurdism, hyperrealstic, alarm clock"
frame_13.jpg,"a room that has a bed and a chair in it, a screenshot, postminimalism, mit technology review, frostbite 3 engine, third person perspective, android, imagenet, graphics, ground camera, apartment"
frame_14.jpg,"a bed room with a neatly made bed, a computer rendering, by Ben Enwonwu, postminimalism, mit technology review, mobile game asset, prosthetic leg, frostbite engine, security camera photo, ai researcher, streaming on twitch, lossless, avatar image, foreboding room"
frame_15.jpg,"a bed room with a neatly made bed, inspired by Richard Hamilton, polycount, postminimalism, cctv footage of a movie set, other bedrooms can be seen, using a vr headset, phantom dust gameplay screenshot, mit technology review, screenshot from the game, loss"
frame_16.jpg,"a room with a bed and a television in it, a raytraced image, postminimalism, garbage wheel bin, masked person in corner, an ai generated image, third-person view, android close to camera, japan studio game, (empty black void), photo 3 d, streaming, nge, bed"
frame_17.jpg,"a room with a bed and a television in it, a raytraced image, by Puru, net art, trash can, mobile learning app prototype, from disney pixar's up (2009), black face, 64x64, shinkiro, dribbble, third person gameplay, surveillance camera"
frame_18.jpg,"a room with a bed and a television in it, a screenshot, inspired by Malevich, prosthetic arm, 360, dribbble, black void, sink"
frame_19.jpg,"a bathroom with a toilet and a trash can, a raytraced image, net art, snow is falling, upper body avatar, black house, test, datanft as a data avatar, white concrete floor, black border: 0.75, floating objects, 5 7 9, third-person view"
frame_20.jpg,"a black trash can sitting on top of a white floor, a screenshot, inspired by Rube Goldberg, objective abstraction, portrait casting long shadows, portrait of gigachad, destroying the walls, no foliage, cameraphone 2002, jerma985, listing image, black face"
frame_21.jpg,"a man in a suit and tie standing in front of a wall, a raytraced image, giant carnation flower as a head, perfect shadow, bushy tail, antialiased, female image in shadow, the photo shows a large, single long stick, corruption, puffballs, the shadow, houseplants, image on the store website"
frame_22.jpg,"a room with a bed and a desk in it, a screenshot, inspired by William Home Lizars, net art, first-person, doors to various bedrooms, using a vr headset, playstation 2 gameplay still, mobile game, mit technology review, gameplay screenshot"
frame_23.jpg,"a room with a bed and a desk in it, a screenshot, inspired by Balthus, new objectivity, mit technology review, first-person, doors to various bedrooms, lowpoly, app, playstation 2 horror game, spy, environments, door, immersive, stable diffusion ai, 9 5"
frame_24.jpg,"a room with a bed and a desk in it, a screenshot, inspired by Eero Snellman, new objectivity, first person perspective, mobile learning app prototype, japan studio game, doors to various bedrooms, jerma, 64x64, image, mit technology review, realosm"
frame_25.jpg,"a room with a bed and a desk in it, a screenshot, inspired by Edward Bailey, new objectivity, first person perspective, mobile learning app prototype, jerma985, half image, mit technology review, tall door, gameplay screenshot"
frame_26.jpg,"a room with a door and a table in it, a screenshot, new objectivity, mit technology review, vr, interior gameplay screenshot, doors to various bedrooms, cameraphone 2002, long cast shadows, motel, antview, unsettling images, without text, angular, bedroom, imagenet"
frame_27.jpg,"a view of a living room from the hallway, a screenshot, new objectivity, mit technology review, in - game, mobile learning app prototype, nursing home, immersive, photoreal details, 50mp, 3 d, vinesauce, realosm"
frame_28.jpg,"a living room with a couch and a table, a digital rendering, inspired by John Crawford Brown, [ horror game ], mit technology review, ue marketplace, realisms, jerma985, many doorways, 64x64, the artist has used bright, empty floor, twitch streamer, lived in"
frame_29.jpg,"a computer generated image of a living room, inspired by Eero Snellman, mobile learning app prototype, apartment hallway, 64x64, streaming on twitch, ue marketplace, people looking at a house, wooden floor, first person, darpa, door, without text"
frame_30.jpg,"a computer generated image of a living room, a screenshot, inspired by Eero Snellman, tall door, third-person view, mobile learning app prototype, orange: 0.5, streaming on twitch, 3 d highly detailed, small path up to door, pre-rendered, immersive, rendered"
frame_31.jpg,"a computer generated image of a living room, a screenshot, inspired by John Crawford Brown, full body profile camera shot, mobile learning app prototype, screenshot from the game, studio orange, mit technology review, vignette, first person screenshot, old apartment, 5d, frontpage, mobile, golden key, map key"
frame_32.jpg,"a living room filled with furniture and a door, a screenshot, inspired by Eero Snellman, spy, first person point of view, mit technology review, mobile game, jerma985, realistic »"
frame_33.jpg,"a living room filled with furniture and a lamp, a screenshot, inspired by Marius Borgeaud, disassemble the computer, first-person, hand on the doorknob, is essentially arbitrary, sweet home, spy kangaroo, father figure image, streaming on twitch, mobile game asset, (rust)"
frame_34.jpg,"a living room filled with furniture and a lamp, a screenshot, inspired by Marius Borgeaud, computer - generated, unity engine, jerma, worm's - eye view, streaming on twitch, mit technology review, destroying houses, angular, door, parlor"
frame_35.jpg,"a living room filled with furniture and a lamp, a screenshot, inspired by Marius Borgeaud, eyelevel perspective image, screenshot from the game, mit technology review, highly detailed horror, first-person, destroying houses, jerma, elevator, without text, 64x64"
frame_36.jpg,"a living room filled with furniture and a lamp, a screenshot, inspired by Marius Borgeaud, wearing a vr-headset, tall door, protagonist in foreground, sitcom screenshot, sharp focus on houses, small path up to door, post - apokalyptic, jerma, cell shaded graphics"
frame_37.jpg,"a living room filled with furniture and a flat screen tv, inspired by Marius Borgeaud, trending on polycount, placed in a bloody hall, an intruder, hi, rated t for teen, 64x64, doorway, jerma, biped, p, opengl, y"
frame_38.jpg,"a living room with a couch and a table, a screenshot, inspired by Marius Borgeaud, door to lab, eyelevel perspective image, hand on the doorknob, first - person view, orange color, an ai generated image, in a bedroom, without text, dark scenario, computer generated"
frame_39.jpg,"a room with an open door and a couch, a screenshot, postminimalism, upper body avatar, other dimensions"
frame_40.jpg,"a room with two doors and a chair, a raytraced image, postminimalism, mit technology review, mobile learning app prototype, psychological horror, 90 60 90, metaverse, -h 960, doors, environments"
frame_41.jpg,"an open door in a room with a wooden floor, a raytraced image, inspired by John Crawford Brown, postminimalism, jerma, color palette is dark orange, wearing a vr headset, gamedesign, ssao, android phones, prerendered graphics, floating graphics, lived in"
frame_42.jpg,"an open door leading to a bathroom with a yellow floor, inspired by John F. Peto, trending on polycount, context art, mobile learning app prototype, for displaying recipes, trash can, first-person pov, suddenly there came a tapping, mit technology review, n 6 4"
frame_43.jpg,"a room with two doors and a yellow floor, a screenshot, new objectivity, worm\'s eye view, vr, cameraphone 2002, shelf, cube, front left speaker, (empty black void), orange: 0.5, autechre, unity 2 d, videogame cover art"
frame_44.jpg,"a man standing on top of a beach next to the ocean, a raytraced image, inspired by Vermeer, minimalism, upper body avatar, alien racing drivers, sitting on a desk, roblox, gun at bottom of screen, orange lamp, the cars have faces, empty floor, beveled edges"
frame_45.jpg,"a silhouette of a person holding an umbrella, inspired by Kazimir Malevich, polycount, minimalism, in foreground boy with shotgun, 120 degree view, full scene camera shot, sitting on a martian rock, cameraphone 2002"
frame_46.jpg,"an open door in a room with a yellow floor, a screenshot, inspired by Rube Goldberg, polycount, red and brown color scheme, hand on the doorknob, curved red arrow, first-person, mobile learning app prototype, shadow depth, placed in a living room, diskworld, connector, washington"
frame_47.jpg,"a bathroom with a toilet and a sink, a screenshot, inspired by Rube Goldberg, postminimalism, thps 2 level, dribbble, from disney pixar's up (2009), screenshot from the game, schrodinger's cat, placed in a living room, scp 3008"
frame_48.jpg,"a bathroom with a toilet and a sink, a screenshot, inspired by Marcel Duchamp, postminimalism, outer wilds screenshot, wearing an orange t-shirt, ebay listing thumbnail, from disney pixar's up (2009), unity 2 d, hogwarts 2 0 7 7, streaming on twitch"
frame_49.jpg,"a white toilet sitting in a bathroom next to a toilet paper dispenser, a screenshot, trending on polycount, dada, mexican standoff, second life avatar, mc ride, add text: auto repair, portrait of donald trump, magic broom, kramer, pathetic robot, wearing vr"
frame_50.jpg,"a room with a toilet and a toilet paper dispenser, a raytraced image, inspired by Vermeer, giant red carnation afro head, screenshot from the game, dynamic shadow, using a spade, death grips, from toy story, gamedesign, launching a straight ball, unshaded"
frame_51.jpg,"a tree casting a shadow on a wall, inspired by Diego Giacometti, trending on polycount, head made of carnations flower, bob ross painting bob ross, magic broom, petscop, security camera photo, discord pfp, smooth clean texture, kingdom hearts, hairy arms, she, m"
frame_52.jpg,"a white toilet sitting next to a brown door, trending on polycount, serial art, very kenyan, realistic weapon, realistic », bomb, taking a selfie, phone, house and home, epic game, epic 3 d omolu, timeless masterpiece, funny and weird, complex contraption"
frame_53.jpg,"a white toilet sitting in a bathroom next to a brown door, a screenshot, inspired by Chris Ware, using a vr headset, interior gameplay screenshot, profile picture 1024px, grindcore, avatar image, jerma, streaming, screenshot from the game, higurashi, gui"
frame_54.jpg,"a bathroom with a toilet and a sink, a screenshot, inspired by Marcel Duchamp, context art, brilliant daylight vr os ux, 2 0 1 9, toiletpaper magazine, jerma985, streaming on twitch, tileable, [ horror game ], description, seinfeld, agoraphobia, tall door"
frame_55.jpg,"a bathroom with a toilet and a sink, a screenshot, inspired by Pieter de Hooch, fever dream, 64x64, first-person pov, door, mit technology review, studio orange, map key, nitid horizon, doors of perception, ir, medium poly"
frame_56.jpg,"a view of a living room through two open doors, a screenshot, golden toilet, post - apokalyptic, virtual engine, studio orange, mit technology review, streaming on twitch, realosm, infinite hallway, environments, hyperdetails, orange, no foliage"
frame_57.jpg,"a computer generated image of a living room, a screenshot, inspired by William Home Lizars, orange color, virtual metaverse room, long dark hallway, mobile app, ai researcher, 2000, people looking at a house, orange and blue color scheme, pre-rendered, antview, depth blur"
frame_58.jpg,"a living room with couches, chairs and a flat screen tv, a screenshot, inspired by John Crawford Brown, using a vr headset, mit technology review, style of mirror\'s edge, friends sitcom screenshot, app, white map library, 64x64, adventure game, psychosis"
frame_59.jpg,"a living room filled with furniture and a flat screen tv, a screenshot, inspired by John Crawford Brown, using a vr headset, mit technology review, cameraphone 2002, adventure game, ue marketplace, new realism, 64x64, imagenet, jerma985, description"
frame_60.jpg,"a living room filled with furniture and a flat screen tv, a screenshot, inspired by John Crawford Brown, using a vr headset, mit technology review, ue marketplace, adventure game, apartment, goldsrc, realistic », convoluted halls, apartment design, jerma"
frame_61.jpg,"a living room filled with furniture and a flat screen tv, a screenshot, inspired by Edward Bailey, postminimalism, using a vr headset, japan studio game, higurashi, mit technology review, tall door, low pov, screenshot from the game, well - rendered, 64x64, hgtv"
frame_62.jpg,"a living room filled with furniture and a door, a screenshot, inspired by Edward Bailey, postminimalism, mit technology review, third-person view, jerma 9 8 5, japan studio game, imagenet, no foliage, 64x64, [ horror game ]"
frame_63.jpg,"a living room with a couch and a table, a screenshot, inspired by Bertram Brooker, net art, style of mirror\'s edge, stairs to the second floor, cameraphone 2002, environment artist, nitid horizon, depth perception, 64x64, listing image, jerma 9 8 5"
frame_64.jpg,"a room with a table, chairs and pictures on the wall, inspired by John F. Peto, polycount, doing a kickflip over stairs, timeless disturbing masterpiece, streaming on twitch, autechre, 64x64, first person perspective, tons of rooms, [ [ hyperrealistic ] ], vertigo"
frame_65.jpg,"a living room with a chair and a lamp, a raytraced image, net art, screenshot from the game, mit technology review, tall door, psychological horror, avatar image, eyelevel perspective image, angular design, teleportation, sunny environment, listing image"
frame_66.jpg,"a chair and a lamp in a room, a raytraced image, net art, third person gameplay, tall door, viewpoint is to front and left, doors to various living quarters, streaming on twitch, lucid dreaming, 3 doors, 3rd person view, lamp ( ( ( mirror ) ) ) ), unity screenshot"
frame_67.jpg,"a computer generated image of a living room, a screenshot, inspired by Pieter de Hooch, deconstructivism, shadowy cat under the bed', tall door, screenshot from the game, hedonic treadmill, realistic shadows, mit technology review, streaming on twitch, utradetailed"
frame_68.jpg,"a living room with a couch and a chair, a screenshot, inspired by John Crawford Brown, using a vr headset, mit technology review, wooden floor boards, cameraphone 2002, dribbble, third person gameplay, various scenarios, door, 64x64, listing image, shadow depth"
frame_69.jpg,"a room with a door and a chair in it, a screenshot, new objectivity, mit technology review, bird\'s eye view, realityengine, controlling shadows, house and home, mobile learning app prototype, dsrl photo"
frame_70.jpg,"a computer generated image of a living room, a screenshot, new objectivity, long dark shadows, hand on the doorknob, avatar image, ant pov from the floor, golden hour scene, mit technology review, small path up to door, frontpage, texturing xyz, description, cast shadows"
frame_71.jpg,"a view of a room with a table and chairs, net art, long dark shadows, virtual metaverse room, without text, sharp focus on houses, about to enter doorframe, in an attic, mobile learning app prototype, boardgamegeek, mit technology review, gameplay"
frame_72.jpg,"a computer generated view of a kitchen and dining room, inspired by John Crawford Brown, first person shooter, mobile learning app prototype, streaming on twitch, midwest town, highly detailed and hypnotic, inside an old apartment, mit technology review, vr, chalet, pfp"
frame_73.jpg,"a computer generated image of a kitchen and dining room, inspired by John Crawford Brown, first person shooter, android phones, medium height, mit technology review, streaming on twitch, no foliage, people looking at a house, 2007 blog, avatar image, yoworld, lowpoly, screenshot"
frame_74.jpg,"a computer generated image of a kitchen and dining room, inspired by John Crawford Brown, first person shooter, mobile learning app prototype, dirty apartment, 64x64, mit technology review, gallery, avatar image, jerma 9 8 5, blue - ray screenshot, artstatiom, official screenshot"
frame_75.jpg,"a room that has a table and chairs in it, a digital rendering, inspired by Pieter de Hooch, walter white in roblox, doors to various living quarters, playstation 2 gameplay still, mit technology review, radiohead album art cover, bakery, 2010, h 1024, utradetailed, description"
frame_76.jpg,"a room that has a table and chairs in it, a screenshot, american scene painting, the encrypted metaverse, the photo shows a large, overheard camera view of kitchen, blue: 0.25, in a comfy house, lowpoly, discord profile picture, gamedesign, destroying houses"
frame_77.jpg,"a room that has a table and chairs in it, a screenshot, inspired by John Crawford Brown, gameplay footage, inside a modern apartment, cameraphone 2002, in the kitchen, lowpoly, destroying houses, 64x64, gameplay still, description, flat paint, no foliage"
frame_78.jpg,"a room that has a table and chairs in it, a digital rendering, inspired by John Crawford Brown, [ horror game ], streaming on twitch, mit technology review, apartments, very long shadows, untextured, in a kitchen, neighborhood themed, rendered"
frame_79.jpg,"a room that has a table and chairs in it, a computer rendering, postminimalism, playstation 2 gameplay still, streaming on twitch, fbx, narrow hallway, french village interior, jerma985, 3 d shadowing, apartments, with highly detailed, the encrypted metaverse, sketchfab"
frame_80.jpg,"a computer generated image of a living room, inspired by Balthus, playstation 2 gameplay still, mobile learning app prototype, ambient oclusion, a sick cat laying in a bedroom, 3rd-person camera!, streaming on twitch, it is very detailed, apartment design, highly rendered"
frame_81.jpg,"a computer sitting on top of a wooden desk, a computer rendering, inspired by Balthus, net art, videogame asset, the cat is walking, inside a modern apartment, photograph of 3d ios room, empty floor, listing image, yoworld, first person screenshot, dynamic shadow, suburban home"
frame_82.jpg,"a shadow of a person standing in a room, polycount, destroying houses, in game engine, hand on the doorknob, blocky shape, the time of day is dusk, moai, no furniture, nimbus, documents, screenshot, torch shadows, (rust), golden toilet, gym, 1 1 1 1"
frame_83.jpg,"a computer generated image of a room with a door, a screenshot, 3rd person, ffffound, jerma985, acrophobia, ( ( fantasy plants ) ), about to enter doorframe, super - flat, avatar image, yoworld, blue image, ascending, realistic »"
frame_84.jpg,"a view of a living room from the top of the stairs, a screenshot, minimalism, realistic rock figurine, hand on the doorknob, table is centered, best ai image, blue door, parkour, tabletop, extreme depth, japanic style, years old, streaming on twitch, stones, 3 d"
frame_85.jpg,"a room with a door and a chair in it, a screenshot, inspired by Wilhelm Hammershøi, pixiv, minimalism, human babies, kanye west donda album cover, ebay listing thumbnail, 2007 blog, nitid horizon, 8 feet fall, noise rock album cover, balconies"
frame_86.jpg,"a room with a bed and a door, a screenshot, inspired by Pieter de Hooch, net art, with interior potted palm trees, empty buildings with vegetation, wooden stairs, masked person in corner, japan studio game, sparse vegetation, ultra - high jump, gamedesign"
frame_87.jpg,"a living room with a couch and a television, a screenshot, inspired by John F. Peto, postminimalism, screenshot from the game, 64x64, tom cruise handcuffed to a chair, 3rd person, has a very realistic look to it, jerma, bump map, sitting alone"
frame_88.jpg,"a living room with a couch and a television, a raytraced image, postminimalism, in game screenshot, mit technology review, the stanley parable, imagenet, features intricate detail, blue: 0.25, spoon placed, funky furniture, 4 limbs and civilized behavior, ptsd"
frame_89.jpg,"a living room with a couch and a television, a raytraced image, inspired by John Crawford Brown, serial art, jerma, creating an ominous presence, skimask, unity engine, features, house and home, streaming, no textures, in a japanese apartment, bad selfie"
frame_90.jpg,"a living room with a couch and a television, a raytraced image, inspired by Balthus, serial art, mit technology review, death grips, streaming on twitch, rating: general, aaaa achievement collection, seinfeld, destructible environments, empty room"
frame_91.jpg,"a living room with a couch and a television, a raytraced image, inspired by John Crawford Brown, serial art, jerma, oscar nominated cinematography, tall skeletal figure, streaming on twitch, from horror movies, mit technology review, unreal5, long-arms"
frame_92.jpg,"a living room filled with furniture and a flat screen tv, a raytraced image, postminimalism, inspect in inventory image, (golden hour), elongated arms, horror atmosphere, sports setting, theft, third-person view, streaming, item"
frame_93.jpg,"a living room with a couch and a television, trending on polycount, serial art, upper body avatar, rating: general, scary shadows, first person gun, vase, pfp, slender, official print, bad selfie, 2 0 1 9, streaming, 2. 5 - dimensional, test, arm, hgtv"
frame_94.jpg,"a living room with a couch and a television, a raytraced image, inspired by Pieter de Hooch, net art, hairy legs, shelf, it is visibly angry at the tv, screenshot from the game, discord profile picture, crime photos, mit technology review, unreal5"
frame_95.jpg,"a computer sitting on top of a desk in a room, by Puru, slenderman zombie, streaming, hgtv, computer - generated, for ps5, 3 d mesh, streaming on twitch, saxophone, long cast shadows, it is visibly angry at the tv, skin : tjalf sparnaay"
frame_96.jpg,"a skeleton sitting on top of a laptop computer, a raytraced image, video art, game of the year, golden mask, streaming on twitch, ! movie scene, placed in a living room, miniaturecore, mecha limbs, mit technology review, golden gloves, the encrypted metaverse"
frame_97.jpg,"a computer monitor sitting on top of a desk, a raytraced image, inspired by Rube Goldberg, streaming on twitch, highly detailed. realistic award, arcane from netflix, the encrypted metaverse, gamedesign, broken tv, unreal5, displays, low res, the golden humanoid robot"
