,Unnamed: 0,image,prompt,action,gpt_prompt
0,0,frame_0.jpg,"a room with a bed and a dresser, a raytraced image, inspired by Félix Vallotton, postminimalism, hand on the doorknob, jerma, design your own avatar, hairy legs, with ominous shadows, tall door, maple story, first person view, the shining, yoworld, ai startup","

The next best possible single action would be to open the door and walk into the hallway. The intention behind this action would be to find the bowl.","I am in an unknown house.

This is the floorplan, from a top-down view.
On the bottom right, is a bedrooom in the house, where you currently are. To the right of the bedroom, is the master bedroom which has an entery to an additional childrens room. Connecting to the master bedroom on the top left is the drawing room with a sofa in it. In the mid bottom connecting to the drawing room is the kitchen and the dining area. On the left of the kitchen is a verticle room with T.V in it.  

The goal is to find the shortest path to the Bowl, giving a detailed step-by-step trajectory.

We are given the frame description as follows - 
a room with a bed and a dresser, a raytraced image, inspired by Félix Vallotton, postminimalism, hand on the doorknob, jerma, design your own avatar, hairy legs, with ominous shadows, tall door, maple story, first person view, the shining, yoworld, ai startup

Generate the next best possible single action and the intention behind the action as colon-separated action and intention."
1,1,frame_1.jpg,"a room with a bed and a dresser, a raytraced image, inspired by Félix Vallotton, postminimalism, hand on the doorknob, jerma, design your own avatar, hairy legs, with ominous shadows, tall door, maple story, first person view, the shining, yoworld, ai startup","

The next best possible single action is to open the door and walk into the drawing room. The intention behind this action is to find the bowl.","I am in an unknown house.

This is the floorplan, from a top-down view.
On the bottom right, is a bedrooom in the house, where you currently are. To the right of the bedroom, is the master bedroom which has an entery to an additional childrens room. Connecting to the master bedroom on the top left is the drawing room with a sofa in it. In the mid bottom connecting to the drawing room is the kitchen and the dining area. On the left of the kitchen is a verticle room with T.V in it.  

The goal is to find the shortest path to the Bowl, giving a detailed step-by-step trajectory.

We are given the frame description as follows - 
a room with a bed and a dresser, a raytraced image, inspired by Félix Vallotton, postminimalism, hand on the doorknob, jerma, design your own avatar, hairy legs, with ominous shadows, tall door, maple story, first person view, the shining, yoworld, ai startup

Generate the next best possible single action and the intention behind the action as colon-separated action and intention."
2,2,frame_2.jpg,"a room with a bed, dresser and a television, a screenshot, inspired by John Crawford Brown, gourds, third-person view, from then on a basketball, on amino, mit technology review, in - game, wearing an orange t-shirt, safehavenhq, joytoy, goldsrc, app","

The next best possible single action is to walk to the door of the room and open it. The intention behind the action is to find a way out of the room.","I am in an unknown house.

This is the floorplan, from a top-down view.
On the bottom right, is a bedrooom in the house, where you currently are. To the right of the bedroom, is the master bedroom which has an entery to an additional childrens room. Connecting to the master bedroom on the top left is the drawing room with a sofa in it. In the mid bottom connecting to the drawing room is the kitchen and the dining area. On the left of the kitchen is a verticle room with T.V in it.  

The goal is to find the shortest path to the Bowl, giving a detailed step-by-step trajectory.

We are given the frame description as follows - 
a room with a bed, dresser and a television, a screenshot, inspired by John Crawford Brown, gourds, third-person view, from then on a basketball, on amino, mit technology review, in - game, wearing an orange t-shirt, safehavenhq, joytoy, goldsrc, app

Generate the next best possible single action and the intention behind the action as colon-separated action and intention."
3,3,frame_3.jpg,"a room with a bed, desk and television, a screenshot, inspired by Paul Kelpe, postminimalism, imagenet, using a vr headset, mit technology review, on amino, nursing home, japan studio game, alan turing, screenshot from the game, npr, vignette, n 6 4, cctv","

Go to the television room.

Action: Go to the television room.

Intention: To find the shortest path to the Bowl.","I am in an unknown house.

This is the floorplan, from a top-down view.
On the bottom right, is a bedrooom in the house, where you currently are. To the right of the bedroom, is the master bedroom which has an entery to an additional childrens room. Connecting to the master bedroom on the top left is the drawing room with a sofa in it. In the mid bottom connecting to the drawing room is the kitchen and the dining area. On the left of the kitchen is a verticle room with T.V in it.  

The goal is to find the shortest path to the Bowl, giving a detailed step-by-step trajectory.

We are given the frame description as follows - 
a room with a bed, desk and television, a screenshot, inspired by Paul Kelpe, postminimalism, imagenet, using a vr headset, mit technology review, on amino, nursing home, japan studio game, alan turing, screenshot from the game, npr, vignette, n 6 4, cctv

Generate the next best possible single action and the intention behind the action as colon-separated action and intention."
4,4,frame_4.jpg,"a room with a bed and a desk in it, a screenshot, inspired by John Crawford Brown, blender npr, news archive, appgamekit","

1. Leave the bedroom and enter the master bedroom.
2. Enter the drawing room.
3. Enter the kitchen.
4. Enter the dining area.
5. Enter the room with the TV.","I am in an unknown house.

This is the floorplan, from a top-down view.
On the bottom right, is a bedrooom in the house, where you currently are. To the right of the bedroom, is the master bedroom which has an entery to an additional childrens room. Connecting to the master bedroom on the top left is the drawing room with a sofa in it. In the mid bottom connecting to the drawing room is the kitchen and the dining area. On the left of the kitchen is a verticle room with T.V in it.  

The goal is to find the shortest path to the Bowl, giving a detailed step-by-step trajectory.

We are given the frame description as follows - 
a room with a bed and a desk in it, a screenshot, inspired by John Crawford Brown, blender npr, news archive, appgamekit

Generate the next best possible single action and the intention behind the action as colon-separated action and intention."
5,5,frame_5.jpg,"a room with a bed, a dresser and a mirror, a screenshot, inspired by Bedwyr Williams, virtual reality metaverse engine, other bedrooms can be seen, jerma, without text, 64x64, streaming on twitch, bump map, ultra realistic classic, twitch streamer","

The next best possible single action is to walk to the door of the room and exit. The intention behind the action is to find the shortest path to the bowl.","I am in an unknown house.

This is the floorplan, from a top-down view.
On the bottom right, is a bedrooom in the house, where you currently are. To the right of the bedroom, is the master bedroom which has an entery to an additional childrens room. Connecting to the master bedroom on the top left is the drawing room with a sofa in it. In the mid bottom connecting to the drawing room is the kitchen and the dining area. On the left of the kitchen is a verticle room with T.V in it.  

The goal is to find the shortest path to the Bowl, giving a detailed step-by-step trajectory.

We are given the frame description as follows - 
a room with a bed, a dresser and a mirror, a screenshot, inspired by Bedwyr Williams, virtual reality metaverse engine, other bedrooms can be seen, jerma, without text, 64x64, streaming on twitch, bump map, ultra realistic classic, twitch streamer

Generate the next best possible single action and the intention behind the action as colon-separated action and intention."
6,6,frame_6.jpg,"a room with a bed and a dresser in it, inspired by Paul Kelpe, polycount, postminimalism, timeless disturbing masterpiece, jerma in a liminal space, on amino, e3, augmented reality, fps game, streaming on twitch, 2223194009, infinite hallway","

The next best possible single action is to walk to the master bedroom and the intention behind the action is to find the childrens room.","I am in an unknown house.

This is the floorplan, from a top-down view.
On the bottom right, is a bedrooom in the house, where you currently are. To the right of the bedroom, is the master bedroom which has an entery to an additional childrens room. Connecting to the master bedroom on the top left is the drawing room with a sofa in it. In the mid bottom connecting to the drawing room is the kitchen and the dining area. On the left of the kitchen is a verticle room with T.V in it.  

The goal is to find the shortest path to the Bowl, giving a detailed step-by-step trajectory.

We are given the frame description as follows - 
a room with a bed and a dresser in it, inspired by Paul Kelpe, polycount, postminimalism, timeless disturbing masterpiece, jerma in a liminal space, on amino, e3, augmented reality, fps game, streaming on twitch, 2223194009, infinite hallway

Generate the next best possible single action and the intention behind the action as colon-separated action and intention."
7,7,frame_7.jpg,"a room with a bed and a dresser in it, a screenshot, inspired by Paul Kelpe, polycount, postminimalism, mit technology review, cameraphone 2002, paddle and ball, cctv footage of a movie set, gamedev, angular, sports setting, without text, nitid horizon, 9 5","

Go to the master bedroom: The intention is to find the children's room.

Open the door to the master bedroom: The intention is to find the children's room.

Enter the master bedroom: The intention is to find the children's room.

Turn left: The intention is to find the children's room.

Enter the children's room: The intention is to find the bowl.","I am in an unknown house.

This is the floorplan, from a top-down view.
On the bottom right, is a bedrooom in the house, where you currently are. To the right of the bedroom, is the master bedroom which has an entery to an additional childrens room. Connecting to the master bedroom on the top left is the drawing room with a sofa in it. In the mid bottom connecting to the drawing room is the kitchen and the dining area. On the left of the kitchen is a verticle room with T.V in it.  

The goal is to find the shortest path to the Bowl, giving a detailed step-by-step trajectory.

We are given the frame description as follows - 
a room with a bed and a dresser in it, a screenshot, inspired by Paul Kelpe, polycount, postminimalism, mit technology review, cameraphone 2002, paddle and ball, cctv footage of a movie set, gamedev, angular, sports setting, without text, nitid horizon, 9 5

Generate the next best possible single action and the intention behind the action as colon-separated action and intention."
8,8,frame_8.jpg,"a room with a bed a dresser and a mirror, a screenshot, inspired by John Crawford Brown, siggraph, flying soccer balls, modern supernatural horror, mit technology review, adventure game, sport game, without text, psychological horror, sphere, 4 0 9 6, sports","

The next best possible single action is to go to the master bedroom and the intention behind the action is to find the bowl.","I am in an unknown house.

This is the floorplan, from a top-down view.
On the bottom right, is a bedrooom in the house, where you currently are. To the right of the bedroom, is the master bedroom which has an entery to an additional childrens room. Connecting to the master bedroom on the top left is the drawing room with a sofa in it. In the mid bottom connecting to the drawing room is the kitchen and the dining area. On the left of the kitchen is a verticle room with T.V in it.  

The goal is to find the shortest path to the Bowl, giving a detailed step-by-step trajectory.

We are given the frame description as follows - 
a room with a bed a dresser and a mirror, a screenshot, inspired by John Crawford Brown, siggraph, flying soccer balls, modern supernatural horror, mit technology review, adventure game, sport game, without text, psychological horror, sphere, 4 0 9 6, sports

Generate the next best possible single action and the intention behind the action as colon-separated action and intention."
9,9,frame_9.jpg,"a room with a door and a window, a screenshot, objective abstraction, third-person view, from 2001, small path up to door, 64x64, realistic human movement, streaming on twitch, without text, procedural code, n 6 4, ai researcher, b3d","

The next best possible single action is to go to the door and open it. The intention behind the action is to find a way out of the house.","I am in an unknown house.

This is the floorplan, from a top-down view.
On the bottom right, is a bedrooom in the house, where you currently are. To the right of the bedroom, is the master bedroom which has an entery to an additional childrens room. Connecting to the master bedroom on the top left is the drawing room with a sofa in it. In the mid bottom connecting to the drawing room is the kitchen and the dining area. On the left of the kitchen is a verticle room with T.V in it.  

The goal is to find the shortest path to the Bowl, giving a detailed step-by-step trajectory.

We are given the frame description as follows - 
a room with a door and a window, a screenshot, objective abstraction, third-person view, from 2001, small path up to door, 64x64, realistic human movement, streaming on twitch, without text, procedural code, n 6 4, ai researcher, b3d

Generate the next best possible single action and the intention behind the action as colon-separated action and intention."
10,10,frame_10.jpg,"a room with a door and a ball on the floor, a screenshot, inspired by Félix Vallotton, objective abstraction, blind brown man, third-person view, hand on the doorknob, 2 5 6 x 2 5 6, broken furniture, no foliage, award-winning artwork, jerma985","

The next best possible single action is to open the door and go into the next room. The intention behind the action is to find the bowl.","I am in an unknown house.

This is the floorplan, from a top-down view.
On the bottom right, is a bedrooom in the house, where you currently are. To the right of the bedroom, is the master bedroom which has an entery to an additional childrens room. Connecting to the master bedroom on the top left is the drawing room with a sofa in it. In the mid bottom connecting to the drawing room is the kitchen and the dining area. On the left of the kitchen is a verticle room with T.V in it.  

The goal is to find the shortest path to the Bowl, giving a detailed step-by-step trajectory.

We are given the frame description as follows - 
a room with a door and a ball on the floor, a screenshot, inspired by Félix Vallotton, objective abstraction, blind brown man, third-person view, hand on the doorknob, 2 5 6 x 2 5 6, broken furniture, no foliage, award-winning artwork, jerma985

Generate the next best possible single action and the intention behind the action as colon-separated action and intention."
11,11,frame_11.jpg,"a computer generated image of a room with an open door, a screenshot, inspired by Leandro Erlich, objective abstraction, first person shooter, shadowy cat under the bed', upper body avatar, early screen test, jerma985, streaming on twitch, white map library, unreal engines","

The next best possible single action is to go to the master bedroom and the intention behind the action is to find the shortest path to the Bowl.","I am in an unknown house.

This is the floorplan, from a top-down view.
On the bottom right, is a bedrooom in the house, where you currently are. To the right of the bedroom, is the master bedroom which has an entery to an additional childrens room. Connecting to the master bedroom on the top left is the drawing room with a sofa in it. In the mid bottom connecting to the drawing room is the kitchen and the dining area. On the left of the kitchen is a verticle room with T.V in it.  

The goal is to find the shortest path to the Bowl, giving a detailed step-by-step trajectory.

We are given the frame description as follows - 
a computer generated image of a room with an open door, a screenshot, inspired by Leandro Erlich, objective abstraction, first person shooter, shadowy cat under the bed', upper body avatar, early screen test, jerma985, streaming on twitch, white map library, unreal engines

Generate the next best possible single action and the intention behind the action as colon-separated action and intention."
12,12,frame_12.jpg,"a room with a door and a football on the floor, a screenshot, inspired by John Crawford Brown, egg, 2007, first-person, built on a steep hill, soft lighting gradient. no text, in a dream, bed, no foliage, impossible stairs, early screen test, concept image","

The next best possible single action would be to walk to the door of the room and open it. The intention behind the action would be to find a way out of the room.","I am in an unknown house.

This is the floorplan, from a top-down view.
On the bottom right, is a bedrooom in the house, where you currently are. To the right of the bedroom, is the master bedroom which has an entery to an additional childrens room. Connecting to the master bedroom on the top left is the drawing room with a sofa in it. In the mid bottom connecting to the drawing room is the kitchen and the dining area. On the left of the kitchen is a verticle room with T.V in it.  

The goal is to find the shortest path to the Bowl, giving a detailed step-by-step trajectory.

We are given the frame description as follows - 
a room with a door and a football on the floor, a screenshot, inspired by John Crawford Brown, egg, 2007, first-person, built on a steep hill, soft lighting gradient. no text, in a dream, bed, no foliage, impossible stairs, early screen test, concept image

Generate the next best possible single action and the intention behind the action as colon-separated action and intention."
13,13,frame_13.jpg,"a view of an open door in a room, a screenshot, inspired by John F. Peto, postminimalism, screenshot from the game, streaming on twitch, towering over the camera, stable diffusion ai as a human, without text, complete house, frostbite 3 engine rendered, first-person, cameraphone","

The next best possible single action is to walk through the door into the next room. The intention behind the action is to find the bowl.","I am in an unknown house.

This is the floorplan, from a top-down view.
On the bottom right, is a bedrooom in the house, where you currently are. To the right of the bedroom, is the master bedroom which has an entery to an additional childrens room. Connecting to the master bedroom on the top left is the drawing room with a sofa in it. In the mid bottom connecting to the drawing room is the kitchen and the dining area. On the left of the kitchen is a verticle room with T.V in it.  

The goal is to find the shortest path to the Bowl, giving a detailed step-by-step trajectory.

We are given the frame description as follows - 
a view of an open door in a room, a screenshot, inspired by John F. Peto, postminimalism, screenshot from the game, streaming on twitch, towering over the camera, stable diffusion ai as a human, without text, complete house, frostbite 3 engine rendered, first-person, cameraphone

Generate the next best possible single action and the intention behind the action as colon-separated action and intention."
14,14,frame_14.jpg,"an open door in a room with a picture on the wall, polycount, new objectivity, first - person view, white: 0.5, an ai generated image, walking over you, steps 50, an intruder, description, arthouse, in an attic, white furniture, ssao","

The next best possible single action is to walk through the open door into the room with the picture on the wall. The intention behind the action is to find the shortest path to the bowl.","I am in an unknown house.

This is the floorplan, from a top-down view.
On the bottom right, is a bedrooom in the house, where you currently are. To the right of the bedroom, is the master bedroom which has an entery to an additional childrens room. Connecting to the master bedroom on the top left is the drawing room with a sofa in it. In the mid bottom connecting to the drawing room is the kitchen and the dining area. On the left of the kitchen is a verticle room with T.V in it.  

The goal is to find the shortest path to the Bowl, giving a detailed step-by-step trajectory.

We are given the frame description as follows - 
an open door in a room with a picture on the wall, polycount, new objectivity, first - person view, white: 0.5, an ai generated image, walking over you, steps 50, an intruder, description, arthouse, in an attic, white furniture, ssao

Generate the next best possible single action and the intention behind the action as colon-separated action and intention."
15,15,frame_15.jpg,"a picture of a room with a bed and a door, a screenshot, inspired by Leandro Erlich, objective abstraction, jerma985, academic art insanely quality, streaming on twitch, ai - generated art, ground perspective; detailed, long dark hallway, 64x64, tall door","

The next best possible single action would be to open the door to the master bedroom and the intention behind the action would be to find the bowl.","I am in an unknown house.

This is the floorplan, from a top-down view.
On the bottom right, is a bedrooom in the house, where you currently are. To the right of the bedroom, is the master bedroom which has an entery to an additional childrens room. Connecting to the master bedroom on the top left is the drawing room with a sofa in it. In the mid bottom connecting to the drawing room is the kitchen and the dining area. On the left of the kitchen is a verticle room with T.V in it.  

The goal is to find the shortest path to the Bowl, giving a detailed step-by-step trajectory.

We are given the frame description as follows - 
a picture of a room with a bed and a door, a screenshot, inspired by Leandro Erlich, objective abstraction, jerma985, academic art insanely quality, streaming on twitch, ai - generated art, ground perspective; detailed, long dark hallway, 64x64, tall door

Generate the next best possible single action and the intention behind the action as colon-separated action and intention."
16,16,frame_16.jpg,"a room with a door and a window in it, a screenshot, inspired by Balthus, new objectivity, your personal data avatar, jerma, super photo realistic, infinite hallway, google point of view, screenshot from the game, tall door, carpeted floor, vertex, ffffound","

The next best possible single action would be to walk to the door of the room and open it. The intention behind this action would be to find a way out of the room.","I am in an unknown house.

This is the floorplan, from a top-down view.
On the bottom right, is a bedrooom in the house, where you currently are. To the right of the bedroom, is the master bedroom which has an entery to an additional childrens room. Connecting to the master bedroom on the top left is the drawing room with a sofa in it. In the mid bottom connecting to the drawing room is the kitchen and the dining area. On the left of the kitchen is a verticle room with T.V in it.  

The goal is to find the shortest path to the Bowl, giving a detailed step-by-step trajectory.

We are given the frame description as follows - 
a room with a door and a window in it, a screenshot, inspired by Balthus, new objectivity, your personal data avatar, jerma, super photo realistic, infinite hallway, google point of view, screenshot from the game, tall door, carpeted floor, vertex, ffffound

Generate the next best possible single action and the intention behind the action as colon-separated action and intention."
17,17,frame_17.jpg,"a room with a door and a picture on the wall, inspired by Leandro Erlich, polycount, net art, ebay listing thumbnail, mobile learning app prototype, japan studio game, carpeted floor, 64x64, realism : 9 5 %, unsettling images, broken furniture, metaverse","

The next best possible single action would be to go through the door in the room, with the intention of finding the bowl.","I am in an unknown house.

This is the floorplan, from a top-down view.
On the bottom right, is a bedrooom in the house, where you currently are. To the right of the bedroom, is the master bedroom which has an entery to an additional childrens room. Connecting to the master bedroom on the top left is the drawing room with a sofa in it. In the mid bottom connecting to the drawing room is the kitchen and the dining area. On the left of the kitchen is a verticle room with T.V in it.  

The goal is to find the shortest path to the Bowl, giving a detailed step-by-step trajectory.

We are given the frame description as follows - 
a room with a door and a picture on the wall, inspired by Leandro Erlich, polycount, net art, ebay listing thumbnail, mobile learning app prototype, japan studio game, carpeted floor, 64x64, realism : 9 5 %, unsettling images, broken furniture, metaverse

Generate the next best possible single action and the intention behind the action as colon-separated action and intention."
18,18,frame_18.jpg,"a room with a bed and a window, a raytraced image, inspired by Balthus, pixiv, net art, ebay listing thumbnail, autechre, screenshot from the game, roblox avatar, 4 0 9 6, without text, streaming on twitch, white map library, vr googles, beds, seinfeld","

The next best possible single action is to walk to the door of the room and open it. The intention behind the action is to find a way out of the room.","I am in an unknown house.

This is the floorplan, from a top-down view.
On the bottom right, is a bedrooom in the house, where you currently are. To the right of the bedroom, is the master bedroom which has an entery to an additional childrens room. Connecting to the master bedroom on the top left is the drawing room with a sofa in it. In the mid bottom connecting to the drawing room is the kitchen and the dining area. On the left of the kitchen is a verticle room with T.V in it.  

The goal is to find the shortest path to the Bowl, giving a detailed step-by-step trajectory.

We are given the frame description as follows - 
a room with a bed and a window, a raytraced image, inspired by Balthus, pixiv, net art, ebay listing thumbnail, autechre, screenshot from the game, roblox avatar, 4 0 9 6, without text, streaming on twitch, white map library, vr googles, beds, seinfeld

Generate the next best possible single action and the intention behind the action as colon-separated action and intention."
19,19,frame_19.jpg,"a room with a table and pictures on the wall, a raytraced image, inspired by Balthus, superflat, holding a baseball bat, in a wooden box. top down photo, walter white in roblox, gravity failing, old home decor, blunt borders, wands, cursed photography, long","

The next best possible single action is to walk to the door of the room you are in. The intention behind the action is to leave the room and explore the house.","I am in an unknown house.

This is the floorplan, from a top-down view.
On the bottom right, is a bedrooom in the house, where you currently are. To the right of the bedroom, is the master bedroom which has an entery to an additional childrens room. Connecting to the master bedroom on the top left is the drawing room with a sofa in it. In the mid bottom connecting to the drawing room is the kitchen and the dining area. On the left of the kitchen is a verticle room with T.V in it.  

The goal is to find the shortest path to the Bowl, giving a detailed step-by-step trajectory.

We are given the frame description as follows - 
a room with a table and pictures on the wall, a raytraced image, inspired by Balthus, superflat, holding a baseball bat, in a wooden box. top down photo, walter white in roblox, gravity failing, old home decor, blunt borders, wands, cursed photography, long

Generate the next best possible single action and the intention behind the action as colon-separated action and intention."
20,20,frame_20.jpg,"a room with a bed and a mirror on the wall, a screenshot, cg society, new objectivity, walkable, ground level camera view, computer - generated, golden hour scene, mit technology review, towering over the camera, about to enter doorframe, upper body avatar, realosm, gamedev","

The next best possible single action would be to walk through the door into the master bedroom. The intention behind this action would be to find the bowl.","I am in an unknown house.

This is the floorplan, from a top-down view.
On the bottom right, is a bedrooom in the house, where you currently are. To the right of the bedroom, is the master bedroom which has an entery to an additional childrens room. Connecting to the master bedroom on the top left is the drawing room with a sofa in it. In the mid bottom connecting to the drawing room is the kitchen and the dining area. On the left of the kitchen is a verticle room with T.V in it.  

The goal is to find the shortest path to the Bowl, giving a detailed step-by-step trajectory.

We are given the frame description as follows - 
a room with a bed and a mirror on the wall, a screenshot, cg society, new objectivity, walkable, ground level camera view, computer - generated, golden hour scene, mit technology review, towering over the camera, about to enter doorframe, upper body avatar, realosm, gamedev

Generate the next best possible single action and the intention behind the action as colon-separated action and intention."
21,21,frame_21.jpg,"a room with a bed and a mirror on the wall, a screenshot, inspired by Jozef Simmler, postminimalism, upper body avatar, 64x64, in a japanese apartment, ai researcher, b3d, placed in a living room, contemporary, tall door, soft blur lighting, nitid horizon","

The next best possible single action would be to walk to the door of the room and open it. The intention behind the action is to find a way out of the room.","I am in an unknown house.

This is the floorplan, from a top-down view.
On the bottom right, is a bedrooom in the house, where you currently are. To the right of the bedroom, is the master bedroom which has an entery to an additional childrens room. Connecting to the master bedroom on the top left is the drawing room with a sofa in it. In the mid bottom connecting to the drawing room is the kitchen and the dining area. On the left of the kitchen is a verticle room with T.V in it.  

The goal is to find the shortest path to the Bowl, giving a detailed step-by-step trajectory.

We are given the frame description as follows - 
a room with a bed and a mirror on the wall, a screenshot, inspired by Jozef Simmler, postminimalism, upper body avatar, 64x64, in a japanese apartment, ai researcher, b3d, placed in a living room, contemporary, tall door, soft blur lighting, nitid horizon

Generate the next best possible single action and the intention behind the action as colon-separated action and intention."
22,22,frame_22.jpg,"a room with a bed and a desk in it, a screenshot, inspired by Félix Vallotton, postminimalism, basketball ball, zach hill, mit technology review, third-person view, 2223194009, paranormal flashlight, rating: general, japanese horror, cgworld, utradetailed","

The next best possible single action is to go to the master bedroom. The intention behind the action is to find the bowl.","I am in an unknown house.

This is the floorplan, from a top-down view.
On the bottom right, is a bedrooom in the house, where you currently are. To the right of the bedroom, is the master bedroom which has an entery to an additional childrens room. Connecting to the master bedroom on the top left is the drawing room with a sofa in it. In the mid bottom connecting to the drawing room is the kitchen and the dining area. On the left of the kitchen is a verticle room with T.V in it.  

The goal is to find the shortest path to the Bowl, giving a detailed step-by-step trajectory.

We are given the frame description as follows - 
a room with a bed and a desk in it, a screenshot, inspired by Félix Vallotton, postminimalism, basketball ball, zach hill, mit technology review, third-person view, 2223194009, paranormal flashlight, rating: general, japanese horror, cgworld, utradetailed

Generate the next best possible single action and the intention behind the action as colon-separated action and intention."
23,23,frame_23.jpg,"a room with a bed and a table, a screenshot, inspired by Félix Vallotton, postminimalism, basketball ball, jerma, has a very realistic look to it, hand on the doorknob, first - person view, listing image, white map library, an ai generated image, loss, nihilism","

The next best possible single action is to open the door leading out of the bedroom. The intention behind the action is to find the bowl.","I am in an unknown house.

This is the floorplan, from a top-down view.
On the bottom right, is a bedrooom in the house, where you currently are. To the right of the bedroom, is the master bedroom which has an entery to an additional childrens room. Connecting to the master bedroom on the top left is the drawing room with a sofa in it. In the mid bottom connecting to the drawing room is the kitchen and the dining area. On the left of the kitchen is a verticle room with T.V in it.  

The goal is to find the shortest path to the Bowl, giving a detailed step-by-step trajectory.

We are given the frame description as follows - 
a room with a bed and a table, a screenshot, inspired by Félix Vallotton, postminimalism, basketball ball, jerma, has a very realistic look to it, hand on the doorknob, first - person view, listing image, white map library, an ai generated image, loss, nihilism

Generate the next best possible single action and the intention behind the action as colon-separated action and intention."
24,24,frame_24.jpg,"a room with a bed, dressers and a mirror, a raytraced image, inspired by Marius Borgeaud, mobile learning app prototype, from disney pixar's up (2009), basketball ball, baseball bat, petscop, listing image, screenshot from the game, streaming on twitch, pfp","

The next best possible single action is to walk to the door of the room and open it. The intention behind the action is to find a way out of the room.","I am in an unknown house.

This is the floorplan, from a top-down view.
On the bottom right, is a bedrooom in the house, where you currently are. To the right of the bedroom, is the master bedroom which has an entery to an additional childrens room. Connecting to the master bedroom on the top left is the drawing room with a sofa in it. In the mid bottom connecting to the drawing room is the kitchen and the dining area. On the left of the kitchen is a verticle room with T.V in it.  

The goal is to find the shortest path to the Bowl, giving a detailed step-by-step trajectory.

We are given the frame description as follows - 
a room with a bed, dressers and a mirror, a raytraced image, inspired by Marius Borgeaud, mobile learning app prototype, from disney pixar's up (2009), basketball ball, baseball bat, petscop, listing image, screenshot from the game, streaming on twitch, pfp

Generate the next best possible single action and the intention behind the action as colon-separated action and intention."
25,25,frame_25.jpg,"a room with a bed and a basketball on the floor, a screenshot, inspired by Nyuju Stumpy Brown, postminimalism, mc ride, only visited during dreams, computer - generated, baseball bat, listing image, avatar image, high quality realistic, cannonballs","

The next best possible single action would be to go to the master bedroom and look for the children's room. The intention behind this action would be to find the shortest path to the bowl.","I am in an unknown house.

This is the floorplan, from a top-down view.
On the bottom right, is a bedrooom in the house, where you currently are. To the right of the bedroom, is the master bedroom which has an entery to an additional childrens room. Connecting to the master bedroom on the top left is the drawing room with a sofa in it. In the mid bottom connecting to the drawing room is the kitchen and the dining area. On the left of the kitchen is a verticle room with T.V in it.  

The goal is to find the shortest path to the Bowl, giving a detailed step-by-step trajectory.

We are given the frame description as follows - 
a room with a bed and a basketball on the floor, a screenshot, inspired by Nyuju Stumpy Brown, postminimalism, mc ride, only visited during dreams, computer - generated, baseball bat, listing image, avatar image, high quality realistic, cannonballs

Generate the next best possible single action and the intention behind the action as colon-separated action and intention."
26,26,frame_26.jpg,"a bedroom with a bed, dressers and a basketball on the floor, a screenshot, inspired by John Crawford Brown, postminimalism, mit technology review, spheres, demo scene, tactile, baseball bat, 2 0 1 9, nitid horizon, mobile app, vinesauce, realistic dirt","

The next best possible single action is to walk to the door of the master bedroom. The intention behind the action is to find the shortest path to the bowl.","I am in an unknown house.

This is the floorplan, from a top-down view.
On the bottom right, is a bedrooom in the house, where you currently are. To the right of the bedroom, is the master bedroom which has an entery to an additional childrens room. Connecting to the master bedroom on the top left is the drawing room with a sofa in it. In the mid bottom connecting to the drawing room is the kitchen and the dining area. On the left of the kitchen is a verticle room with T.V in it.  

The goal is to find the shortest path to the Bowl, giving a detailed step-by-step trajectory.

We are given the frame description as follows - 
a bedroom with a bed, dressers and a basketball on the floor, a screenshot, inspired by John Crawford Brown, postminimalism, mit technology review, spheres, demo scene, tactile, baseball bat, 2 0 1 9, nitid horizon, mobile app, vinesauce, realistic dirt

Generate the next best possible single action and the intention behind the action as colon-separated action and intention."
27,27,frame_27.jpg,"a bedroom with a bed, dressers and a basketball on the floor, a screenshot, inspired by John Crawford Brown, postminimalism, mit technology review, spheres, demo scene, tactile, baseball bat, 2 0 1 9, nitid horizon, mobile app, vinesauce, realistic dirt","

The next best possible single action is to pick up the basketball and go to the master bedroom. The intention behind the action is to get the ball to the children's room.","I am in an unknown house.

This is the floorplan, from a top-down view.
On the bottom right, is a bedrooom in the house, where you currently are. To the right of the bedroom, is the master bedroom which has an entery to an additional childrens room. Connecting to the master bedroom on the top left is the drawing room with a sofa in it. In the mid bottom connecting to the drawing room is the kitchen and the dining area. On the left of the kitchen is a verticle room with T.V in it.  

The goal is to find the shortest path to the Bowl, giving a detailed step-by-step trajectory.

We are given the frame description as follows - 
a bedroom with a bed, dressers and a basketball on the floor, a screenshot, inspired by John Crawford Brown, postminimalism, mit technology review, spheres, demo scene, tactile, baseball bat, 2 0 1 9, nitid horizon, mobile app, vinesauce, realistic dirt

Generate the next best possible single action and the intention behind the action as colon-separated action and intention."
28,28,frame_28.jpg,"a bedroom with a bed, dressers and a basketball on the floor, a screenshot, inspired by John Crawford Brown, postminimalism, mit technology review, spheres, demo scene, tactile, baseball bat, 2 0 1 9, nitid horizon, mobile app, vinesauce, realistic dirt","

The next best possible single action is to go to the master bedroom and the intention is to find the bowl.","I am in an unknown house.

This is the floorplan, from a top-down view.
On the bottom right, is a bedrooom in the house, where you currently are. To the right of the bedroom, is the master bedroom which has an entery to an additional childrens room. Connecting to the master bedroom on the top left is the drawing room with a sofa in it. In the mid bottom connecting to the drawing room is the kitchen and the dining area. On the left of the kitchen is a verticle room with T.V in it.  

The goal is to find the shortest path to the Bowl, giving a detailed step-by-step trajectory.

We are given the frame description as follows - 
a bedroom with a bed, dressers and a basketball on the floor, a screenshot, inspired by John Crawford Brown, postminimalism, mit technology review, spheres, demo scene, tactile, baseball bat, 2 0 1 9, nitid horizon, mobile app, vinesauce, realistic dirt

Generate the next best possible single action and the intention behind the action as colon-separated action and intention."
29,29,frame_29.jpg,"a bedroom with a bed, dressers and a basketball on the floor, a screenshot, inspired by John Crawford Brown, postminimalism, mit technology review, spheres, demo scene, tactile, baseball bat, 2 0 1 9, nitid horizon, mobile app, vinesauce, realistic dirt","

The agent will:

1. Go to the master bedroom
2. Enter the children's room
3. Go to the drawing room
4. Go to the kitchen
5. Go to the TV room
6. Find the shortest path to the bowl","I am in an unknown house.

This is the floorplan, from a top-down view.
On the bottom right, is a bedrooom in the house, where you currently are. To the right of the bedroom, is the master bedroom which has an entery to an additional childrens room. Connecting to the master bedroom on the top left is the drawing room with a sofa in it. In the mid bottom connecting to the drawing room is the kitchen and the dining area. On the left of the kitchen is a verticle room with T.V in it.  

The goal is to find the shortest path to the Bowl, giving a detailed step-by-step trajectory.

We are given the frame description as follows - 
a bedroom with a bed, dressers and a basketball on the floor, a screenshot, inspired by John Crawford Brown, postminimalism, mit technology review, spheres, demo scene, tactile, baseball bat, 2 0 1 9, nitid horizon, mobile app, vinesauce, realistic dirt

Generate the next best possible single action and the intention behind the action as colon-separated action and intention."
30,30,frame_30.jpg,"a room with a bed and a toilet in it, inspired by Paul Kelpe, new objectivity, garbage wheel bin, digital screenshot, bed, mit technology review, japan studio game, iphone, surveillance camera, realistic »","

The next best possible single action would be to leave the bedroom and go into the master bedroom. The intention behind the action would be to find the bowl.","I am in an unknown house.

This is the floorplan, from a top-down view.
On the bottom right, is a bedrooom in the house, where you currently are. To the right of the bedroom, is the master bedroom which has an entery to an additional childrens room. Connecting to the master bedroom on the top left is the drawing room with a sofa in it. In the mid bottom connecting to the drawing room is the kitchen and the dining area. On the left of the kitchen is a verticle room with T.V in it.  

The goal is to find the shortest path to the Bowl, giving a detailed step-by-step trajectory.

We are given the frame description as follows - 
a room with a bed and a toilet in it, inspired by Paul Kelpe, new objectivity, garbage wheel bin, digital screenshot, bed, mit technology review, japan studio game, iphone, surveillance camera, realistic »

Generate the next best possible single action and the intention behind the action as colon-separated action and intention."
31,31,frame_31.jpg,"a room with a bed and a chair in it, a computer rendering, by Ben Enwonwu, postminimalism, mit technology review, horror game, ai researcher, cameraphone, amazon, dating app icon, prosthetic arm, bad dream, security camera photo, streaming on twitch, frostbite engine, realistic!!!","

The next best possible single action is to walk to the door of the bedroom and open it. The intention behind the action is to find a way out of the house.","I am in an unknown house.

This is the floorplan, from a top-down view.
On the bottom right, is a bedrooom in the house, where you currently are. To the right of the bedroom, is the master bedroom which has an entery to an additional childrens room. Connecting to the master bedroom on the top left is the drawing room with a sofa in it. In the mid bottom connecting to the drawing room is the kitchen and the dining area. On the left of the kitchen is a verticle room with T.V in it.  

The goal is to find the shortest path to the Bowl, giving a detailed step-by-step trajectory.

We are given the frame description as follows - 
a room with a bed and a chair in it, a computer rendering, by Ben Enwonwu, postminimalism, mit technology review, horror game, ai researcher, cameraphone, amazon, dating app icon, prosthetic arm, bad dream, security camera photo, streaming on twitch, frostbite engine, realistic!!!

Generate the next best possible single action and the intention behind the action as colon-separated action and intention."
32,32,frame_32.jpg,"a bed room with a neatly made bed, inspired by Balthus, polycount, postminimalism, prosthetic leg, screenshot from the game, mit technology review, ai limbo","

The next best possible single action is to walk to the door of the master bedroom and the intention is to explore the house.","I am in an unknown house.

This is the floorplan, from a top-down view.
On the bottom right, is a bedrooom in the house, where you currently are. To the right of the bedroom, is the master bedroom which has an entery to an additional childrens room. Connecting to the master bedroom on the top left is the drawing room with a sofa in it. In the mid bottom connecting to the drawing room is the kitchen and the dining area. On the left of the kitchen is a verticle room with T.V in it.  

The goal is to find the shortest path to the Bowl, giving a detailed step-by-step trajectory.

We are given the frame description as follows - 
a bed room with a neatly made bed, inspired by Balthus, polycount, postminimalism, prosthetic leg, screenshot from the game, mit technology review, ai limbo

Generate the next best possible single action and the intention behind the action as colon-separated action and intention."
33,33,frame_33.jpg,"a room with a bed and a television on the wall, a screenshot, inspired by Rube Goldberg, postminimalism, from half-life, mit technology review, third-person view, apartment with black walls, simple primitive tube shape, an ai generated image, depth blur","

The next best possible single action is to walk to the door of the room and open it. The intention behind the action is to find a way out of the room.","I am in an unknown house.

This is the floorplan, from a top-down view.
On the bottom right, is a bedrooom in the house, where you currently are. To the right of the bedroom, is the master bedroom which has an entery to an additional childrens room. Connecting to the master bedroom on the top left is the drawing room with a sofa in it. In the mid bottom connecting to the drawing room is the kitchen and the dining area. On the left of the kitchen is a verticle room with T.V in it.  

The goal is to find the shortest path to the Bowl, giving a detailed step-by-step trajectory.

We are given the frame description as follows - 
a room with a bed and a television on the wall, a screenshot, inspired by Rube Goldberg, postminimalism, from half-life, mit technology review, third-person view, apartment with black walls, simple primitive tube shape, an ai generated image, depth blur

Generate the next best possible single action and the intention behind the action as colon-separated action and intention."
34,34,frame_34.jpg,"a room with a bed and a television in it, a screenshot, objective abstraction, prosthetic arm, first - person view, holds a smart phone in one hand, black circle, black border: 0.75, man steal computers, uploaded, 64x64, rey tracing, soyjack, toilet","

The next best possible single action would be to walk to the kitchen, and the intention behind the action would be to find the bowl.","I am in an unknown house.

This is the floorplan, from a top-down view.
On the bottom right, is a bedrooom in the house, where you currently are. To the right of the bedroom, is the master bedroom which has an entery to an additional childrens room. Connecting to the master bedroom on the top left is the drawing room with a sofa in it. In the mid bottom connecting to the drawing room is the kitchen and the dining area. On the left of the kitchen is a verticle room with T.V in it.  

The goal is to find the shortest path to the Bowl, giving a detailed step-by-step trajectory.

We are given the frame description as follows - 
a room with a bed and a television in it, a screenshot, objective abstraction, prosthetic arm, first - person view, holds a smart phone in one hand, black circle, black border: 0.75, man steal computers, uploaded, 64x64, rey tracing, soyjack, toilet

Generate the next best possible single action and the intention behind the action as colon-separated action and intention."
35,35,frame_35.jpg,"a person standing in a room with a television on the wall, a raytraced image, inspired by John F. Peto, garbage wheel bin, third person gameplay, android close to camera, black squares on 4 corners, skeb.jp, tabletop, first person, destructible environments, ssao","

The next best possible single action is to walk to the door of the room and open it. The intention behind the action is to find a way out of the room.","I am in an unknown house.

This is the floorplan, from a top-down view.
On the bottom right, is a bedrooom in the house, where you currently are. To the right of the bedroom, is the master bedroom which has an entery to an additional childrens room. Connecting to the master bedroom on the top left is the drawing room with a sofa in it. In the mid bottom connecting to the drawing room is the kitchen and the dining area. On the left of the kitchen is a verticle room with T.V in it.  

The goal is to find the shortest path to the Bowl, giving a detailed step-by-step trajectory.

We are given the frame description as follows - 
a person standing in a room with a television on the wall, a raytraced image, inspired by John F. Peto, garbage wheel bin, third person gameplay, android close to camera, black squares on 4 corners, skeb.jp, tabletop, first person, destructible environments, ssao

Generate the next best possible single action and the intention behind the action as colon-separated action and intention."
36,36,frame_36.jpg,"a bathroom with a toilet, sink and mirror, a raytraced image, net art, holding a tin can, empty room with black walls, banal object on a pedestal, third person gameplay, photo taken with an iphone, flikr, shadowing, basketball ball, roblox, 3 dcg, in game","

The next best possible single action is to go to the bathroom and the intention is to use the toilet.","I am in an unknown house.

This is the floorplan, from a top-down view.
On the bottom right, is a bedrooom in the house, where you currently are. To the right of the bedroom, is the master bedroom which has an entery to an additional childrens room. Connecting to the master bedroom on the top left is the drawing room with a sofa in it. In the mid bottom connecting to the drawing room is the kitchen and the dining area. On the left of the kitchen is a verticle room with T.V in it.  

The goal is to find the shortest path to the Bowl, giving a detailed step-by-step trajectory.

We are given the frame description as follows - 
a bathroom with a toilet, sink and mirror, a raytraced image, net art, holding a tin can, empty room with black walls, banal object on a pedestal, third person gameplay, photo taken with an iphone, flikr, shadowing, basketball ball, roblox, 3 dcg, in game

Generate the next best possible single action and the intention behind the action as colon-separated action and intention."
37,37,frame_37.jpg,"a bathroom with a toilet and a toilet paper dispenser, a raytraced image, inspired by Rube Goldberg, net art, dribbble, screenshot from the game, large potted plant, 2007 blog, mc ride, holding a tin can, aaron sims, crashed, black plastic, higurashi","

The next best possible single action is to go to the bathroom and pick up the toilet paper dispenser. The intention behind the action is to use the toilet paper dispenser to find the shortest path to the bowl.","I am in an unknown house.

This is the floorplan, from a top-down view.
On the bottom right, is a bedrooom in the house, where you currently are. To the right of the bedroom, is the master bedroom which has an entery to an additional childrens room. Connecting to the master bedroom on the top left is the drawing room with a sofa in it. In the mid bottom connecting to the drawing room is the kitchen and the dining area. On the left of the kitchen is a verticle room with T.V in it.  

The goal is to find the shortest path to the Bowl, giving a detailed step-by-step trajectory.

We are given the frame description as follows - 
a bathroom with a toilet and a toilet paper dispenser, a raytraced image, inspired by Rube Goldberg, net art, dribbble, screenshot from the game, large potted plant, 2007 blog, mc ride, holding a tin can, aaron sims, crashed, black plastic, higurashi

Generate the next best possible single action and the intention behind the action as colon-separated action and intention."
38,38,frame_38.jpg,"a room with a bed and a desk, a screenshot, net art, virtual reality metaverse engine, gameplay screenshot, rating: general, doors to various bedrooms, streaming on twitch, ai researcher, blue accent lighting, walk cycle, 3d shadowing","

The next best possible single action is to walk to the door of the master bedroom and the intention is to find the shortest path to the bowl.","I am in an unknown house.

This is the floorplan, from a top-down view.
On the bottom right, is a bedrooom in the house, where you currently are. To the right of the bedroom, is the master bedroom which has an entery to an additional childrens room. Connecting to the master bedroom on the top left is the drawing room with a sofa in it. In the mid bottom connecting to the drawing room is the kitchen and the dining area. On the left of the kitchen is a verticle room with T.V in it.  

The goal is to find the shortest path to the Bowl, giving a detailed step-by-step trajectory.

We are given the frame description as follows - 
a room with a bed and a desk, a screenshot, net art, virtual reality metaverse engine, gameplay screenshot, rating: general, doors to various bedrooms, streaming on twitch, ai researcher, blue accent lighting, walk cycle, 3d shadowing

Generate the next best possible single action and the intention behind the action as colon-separated action and intention."
39,39,frame_39.jpg,"a room with a bed and a desk in it, a screenshot, inspired by Édouard Vuillard, net art, mobile game asset, using a vr headset, third person gameplay, japan studio game, nursing home, mit technology review, [ horror game ]","

The next best possible action is to go to the master bedroom and the intention is to find the children's room.","I am in an unknown house.

This is the floorplan, from a top-down view.
On the bottom right, is a bedrooom in the house, where you currently are. To the right of the bedroom, is the master bedroom which has an entery to an additional childrens room. Connecting to the master bedroom on the top left is the drawing room with a sofa in it. In the mid bottom connecting to the drawing room is the kitchen and the dining area. On the left of the kitchen is a verticle room with T.V in it.  

The goal is to find the shortest path to the Bowl, giving a detailed step-by-step trajectory.

We are given the frame description as follows - 
a room with a bed and a desk in it, a screenshot, inspired by Édouard Vuillard, net art, mobile game asset, using a vr headset, third person gameplay, japan studio game, nursing home, mit technology review, [ horror game ]

Generate the next best possible single action and the intention behind the action as colon-separated action and intention."
40,40,frame_40.jpg,"a room with a bed and a desk in it, a screenshot, inspired by Balthus, new objectivity, mit technology review, first - person view, highly details content, mobile game, bed, crime photos, skeb.jp, # fututistic, e3, app, description, depth perception","

The next best possible single action is to walk to the door of the room. The intention behind the action is to exit the room.","I am in an unknown house.

This is the floorplan, from a top-down view.
On the bottom right, is a bedrooom in the house, where you currently are. To the right of the bedroom, is the master bedroom which has an entery to an additional childrens room. Connecting to the master bedroom on the top left is the drawing room with a sofa in it. In the mid bottom connecting to the drawing room is the kitchen and the dining area. On the left of the kitchen is a verticle room with T.V in it.  

The goal is to find the shortest path to the Bowl, giving a detailed step-by-step trajectory.

We are given the frame description as follows - 
a room with a bed and a desk in it, a screenshot, inspired by Balthus, new objectivity, mit technology review, first - person view, highly details content, mobile game, bed, crime photos, skeb.jp, # fututistic, e3, app, description, depth perception

Generate the next best possible single action and the intention behind the action as colon-separated action and intention."
41,41,frame_41.jpg,"a room with a bed and a desk in it, a screenshot, inspired by Balthus, new objectivity, mit technology review, first - person view, unsettling images, mobile game, 90 60 90, stealth, doors to various bedrooms, hi","

The next best possible single action is to open the door to the master bedroom. The intention behind the action is to find the bowl.","I am in an unknown house.

This is the floorplan, from a top-down view.
On the bottom right, is a bedrooom in the house, where you currently are. To the right of the bedroom, is the master bedroom which has an entery to an additional childrens room. Connecting to the master bedroom on the top left is the drawing room with a sofa in it. In the mid bottom connecting to the drawing room is the kitchen and the dining area. On the left of the kitchen is a verticle room with T.V in it.  

The goal is to find the shortest path to the Bowl, giving a detailed step-by-step trajectory.

We are given the frame description as follows - 
a room with a bed and a desk in it, a screenshot, inspired by Balthus, new objectivity, mit technology review, first - person view, unsettling images, mobile game, 90 60 90, stealth, doors to various bedrooms, hi

Generate the next best possible single action and the intention behind the action as colon-separated action and intention."
42,42,frame_42.jpg,"a room with a bed and a desk in it, a screenshot, inspired by Eero Snellman, new objectivity, first person perspective, mobile learning app prototype, japan studio game, doors to various bedrooms, jerma, 64x64, image, mit technology review, realosm","

The next best possible single action is to walk to the door of the master bedroom. The intention behind the action is to find the shortest path to the bowl.","I am in an unknown house.

This is the floorplan, from a top-down view.
On the bottom right, is a bedrooom in the house, where you currently are. To the right of the bedroom, is the master bedroom which has an entery to an additional childrens room. Connecting to the master bedroom on the top left is the drawing room with a sofa in it. In the mid bottom connecting to the drawing room is the kitchen and the dining area. On the left of the kitchen is a verticle room with T.V in it.  

The goal is to find the shortest path to the Bowl, giving a detailed step-by-step trajectory.

We are given the frame description as follows - 
a room with a bed and a desk in it, a screenshot, inspired by Eero Snellman, new objectivity, first person perspective, mobile learning app prototype, japan studio game, doors to various bedrooms, jerma, 64x64, image, mit technology review, realosm

Generate the next best possible single action and the intention behind the action as colon-separated action and intention."
43,43,frame_43.jpg,"a room with a bed and a desk in it, a screenshot, inspired by Edward Bailey, new objectivity, first person perspective, mobile learning app prototype, jerma985, half image, tall door, key is on the center of image, nitid horizon, map key, h 1024","

The next best possible single action is to go to the master bedroom and the intention behind the action is to find the children's room.","I am in an unknown house.

This is the floorplan, from a top-down view.
On the bottom right, is a bedrooom in the house, where you currently are. To the right of the bedroom, is the master bedroom which has an entery to an additional childrens room. Connecting to the master bedroom on the top left is the drawing room with a sofa in it. In the mid bottom connecting to the drawing room is the kitchen and the dining area. On the left of the kitchen is a verticle room with T.V in it.  

The goal is to find the shortest path to the Bowl, giving a detailed step-by-step trajectory.

We are given the frame description as follows - 
a room with a bed and a desk in it, a screenshot, inspired by Edward Bailey, new objectivity, first person perspective, mobile learning app prototype, jerma985, half image, tall door, key is on the center of image, nitid horizon, map key, h 1024

Generate the next best possible single action and the intention behind the action as colon-separated action and intention."
44,44,frame_44.jpg,"a room with a door and a table in it, a screenshot, inspired by Stanislav Zhukovsky, net art, style of mirror\'s edge, mobile learning app prototype, mit technology review, psychological horror, japan studio game, apartment design, utradetailed, 3-d","

The next best possible single action is to walk to the door of the room and open it. The intention behind the action is to find a way out of the room.","I am in an unknown house.

This is the floorplan, from a top-down view.
On the bottom right, is a bedrooom in the house, where you currently are. To the right of the bedroom, is the master bedroom which has an entery to an additional childrens room. Connecting to the master bedroom on the top left is the drawing room with a sofa in it. In the mid bottom connecting to the drawing room is the kitchen and the dining area. On the left of the kitchen is a verticle room with T.V in it.  

The goal is to find the shortest path to the Bowl, giving a detailed step-by-step trajectory.

We are given the frame description as follows - 
a room with a door and a table in it, a screenshot, inspired by Stanislav Zhukovsky, net art, style of mirror\'s edge, mobile learning app prototype, mit technology review, psychological horror, japan studio game, apartment design, utradetailed, 3-d

Generate the next best possible single action and the intention behind the action as colon-separated action and intention."
45,45,frame_45.jpg,"a view of a living room from the hallway, a screenshot, inspired by Stanislav Zhukovsky, vinesauce, mobile learning app prototype, style of mirror\'s edge, higurashi, mit technology review, has a very realistic look to it, ai researcher, utradetailed","

Go to the master bedroom and look for the bowl.","I am in an unknown house.

This is the floorplan, from a top-down view.
On the bottom right, is a bedrooom in the house, where you currently are. To the right of the bedroom, is the master bedroom which has an entery to an additional childrens room. Connecting to the master bedroom on the top left is the drawing room with a sofa in it. In the mid bottom connecting to the drawing room is the kitchen and the dining area. On the left of the kitchen is a verticle room with T.V in it.  

The goal is to find the shortest path to the Bowl, giving a detailed step-by-step trajectory.

We are given the frame description as follows - 
a view of a living room from the hallway, a screenshot, inspired by Stanislav Zhukovsky, vinesauce, mobile learning app prototype, style of mirror\'s edge, higurashi, mit technology review, has a very realistic look to it, ai researcher, utradetailed

Generate the next best possible single action and the intention behind the action as colon-separated action and intention."
46,46,frame_46.jpg,"a living room with a couch and a table, a digital rendering, inspired by John Crawford Brown, [ horror game ], mit technology review, ue marketplace, realisms, jerma985, many doorways, 64x64, the artist has used bright, empty floor, twitch streamer, lived in","

Go to the drawing room: The intention is to find the shortest path to the bowl.","I am in an unknown house.

This is the floorplan, from a top-down view.
On the bottom right, is a bedrooom in the house, where you currently are. To the right of the bedroom, is the master bedroom which has an entery to an additional childrens room. Connecting to the master bedroom on the top left is the drawing room with a sofa in it. In the mid bottom connecting to the drawing room is the kitchen and the dining area. On the left of the kitchen is a verticle room with T.V in it.  

The goal is to find the shortest path to the Bowl, giving a detailed step-by-step trajectory.

We are given the frame description as follows - 
a living room with a couch and a table, a digital rendering, inspired by John Crawford Brown, [ horror game ], mit technology review, ue marketplace, realisms, jerma985, many doorways, 64x64, the artist has used bright, empty floor, twitch streamer, lived in

Generate the next best possible single action and the intention behind the action as colon-separated action and intention."
47,47,frame_47.jpg,"a computer generated image of a living room, inspired by William Home Lizars, virtual metaverse room, wooden floor boards, mobile learning app prototype, apartment hallway, depth blur, sunny environment, computer generated, bog, wood door, 50mp, bbloom","

The next best possible single action is to open the door leading to the kitchen. The intention behind the action is to find the bowl.","I am in an unknown house.

This is the floorplan, from a top-down view.
On the bottom right, is a bedrooom in the house, where you currently are. To the right of the bedroom, is the master bedroom which has an entery to an additional childrens room. Connecting to the master bedroom on the top left is the drawing room with a sofa in it. In the mid bottom connecting to the drawing room is the kitchen and the dining area. On the left of the kitchen is a verticle room with T.V in it.  

The goal is to find the shortest path to the Bowl, giving a detailed step-by-step trajectory.

We are given the frame description as follows - 
a computer generated image of a living room, inspired by William Home Lizars, virtual metaverse room, wooden floor boards, mobile learning app prototype, apartment hallway, depth blur, sunny environment, computer generated, bog, wood door, 50mp, bbloom

Generate the next best possible single action and the intention behind the action as colon-separated action and intention."
48,48,frame_48.jpg,"a computer generated image of a living room, a screenshot, inspired by Eero Snellman, tall door, third-person view, mobile learning app prototype, orange: 0.5, streaming on twitch, 3 d highly detailed, small path up to door, pre-rendered, immersive","

The next best possible action is to walk to the door. The intention is to exit the room.","I am in an unknown house.

This is the floorplan, from a top-down view.
On the bottom right, is a bedrooom in the house, where you currently are. To the right of the bedroom, is the master bedroom which has an entery to an additional childrens room. Connecting to the master bedroom on the top left is the drawing room with a sofa in it. In the mid bottom connecting to the drawing room is the kitchen and the dining area. On the left of the kitchen is a verticle room with T.V in it.  

The goal is to find the shortest path to the Bowl, giving a detailed step-by-step trajectory.

We are given the frame description as follows - 
a computer generated image of a living room, a screenshot, inspired by Eero Snellman, tall door, third-person view, mobile learning app prototype, orange: 0.5, streaming on twitch, 3 d highly detailed, small path up to door, pre-rendered, immersive

Generate the next best possible single action and the intention behind the action as colon-separated action and intention."
49,49,frame_49.jpg,"a computer generated image of a living room, inspired by Eero Snellman, hand on the doorknob, mobile learning app prototype, from half-life 2, mit technology review, flat perspective, classroom","

The next best possible single action would be to open the door and walk through the living room to the kitchen. The intention behind the action would be to find the bowl.","I am in an unknown house.

This is the floorplan, from a top-down view.
On the bottom right, is a bedrooom in the house, where you currently are. To the right of the bedroom, is the master bedroom which has an entery to an additional childrens room. Connecting to the master bedroom on the top left is the drawing room with a sofa in it. In the mid bottom connecting to the drawing room is the kitchen and the dining area. On the left of the kitchen is a verticle room with T.V in it.  

The goal is to find the shortest path to the Bowl, giving a detailed step-by-step trajectory.

We are given the frame description as follows - 
a computer generated image of a living room, inspired by Eero Snellman, hand on the doorknob, mobile learning app prototype, from half-life 2, mit technology review, flat perspective, classroom

Generate the next best possible single action and the intention behind the action as colon-separated action and intention."
50,50,frame_50.jpg,"a room with a door and a couch in it, inspired by Eero Snellman, new objectivity, mobile app, pop japonisme 3 d ultra detailed, apartment hallway, wooden furtniture, developers, depth details, mobile learning app prototype, siggraph, mit technology review, vrchat","

The next best possible single action is to walk to the left of the room and enter the kitchen. The intention behind this action is to find the bowl.","I am in an unknown house.

This is the floorplan, from a top-down view.
On the bottom right, is a bedrooom in the house, where you currently are. To the right of the bedroom, is the master bedroom which has an entery to an additional childrens room. Connecting to the master bedroom on the top left is the drawing room with a sofa in it. In the mid bottom connecting to the drawing room is the kitchen and the dining area. On the left of the kitchen is a verticle room with T.V in it.  

The goal is to find the shortest path to the Bowl, giving a detailed step-by-step trajectory.

We are given the frame description as follows - 
a room with a door and a couch in it, inspired by Eero Snellman, new objectivity, mobile app, pop japonisme 3 d ultra detailed, apartment hallway, wooden furtniture, developers, depth details, mobile learning app prototype, siggraph, mit technology review, vrchat

Generate the next best possible single action and the intention behind the action as colon-separated action and intention."
51,51,frame_51.jpg,"a room with a door and a couch in it, a screenshot, inspired by Eero Snellman, google point of view, trending on weasyl, app, mit technology review, style of mirror\'s edge, add text: auto repair, bump map, hand on the doorknob, jerma985","

The next best possible single action is to turn the knob and open the door. The intention behind the action is to exit the room and explore the rest of the house.","I am in an unknown house.

This is the floorplan, from a top-down view.
On the bottom right, is a bedrooom in the house, where you currently are. To the right of the bedroom, is the master bedroom which has an entery to an additional childrens room. Connecting to the master bedroom on the top left is the drawing room with a sofa in it. In the mid bottom connecting to the drawing room is the kitchen and the dining area. On the left of the kitchen is a verticle room with T.V in it.  

The goal is to find the shortest path to the Bowl, giving a detailed step-by-step trajectory.

We are given the frame description as follows - 
a room with a door and a couch in it, a screenshot, inspired by Eero Snellman, google point of view, trending on weasyl, app, mit technology review, style of mirror\'s edge, add text: auto repair, bump map, hand on the doorknob, jerma985

Generate the next best possible single action and the intention behind the action as colon-separated action and intention."
52,52,frame_52.jpg,"a room with a door and a couch in it, a screenshot, superflat, spy kangaroo, first - person view, standing outside a house, bixbite, an ai generated image, shows a leg, coming down the stairs, holding a crowbar, template, rating: general, as well as the handyboy","

The best possible single action is to open the door to the room with the couch in it. The intention behind the action is to enter the room and find the bowl.","I am in an unknown house.

This is the floorplan, from a top-down view.
On the bottom right, is a bedrooom in the house, where you currently are. To the right of the bedroom, is the master bedroom which has an entery to an additional childrens room. Connecting to the master bedroom on the top left is the drawing room with a sofa in it. In the mid bottom connecting to the drawing room is the kitchen and the dining area. On the left of the kitchen is a verticle room with T.V in it.  

The goal is to find the shortest path to the Bowl, giving a detailed step-by-step trajectory.

We are given the frame description as follows - 
a room with a door and a couch in it, a screenshot, superflat, spy kangaroo, first - person view, standing outside a house, bixbite, an ai generated image, shows a leg, coming down the stairs, holding a crowbar, template, rating: general, as well as the handyboy

Generate the next best possible single action and the intention behind the action as colon-separated action and intention."
53,53,frame_53.jpg,"a view of a room with a table and chairs, net art, long dark shadows, virtual metaverse room, without text, sharp focus on houses, about to enter doorframe, inside of a cabin, with accurate features, app, sitcom screenshot, cell shaded adult animation","

The next best possible single action is to go to the master bedroom and the intention is to find the bowl.","I am in an unknown house.

This is the floorplan, from a top-down view.
On the bottom right, is a bedrooom in the house, where you currently are. To the right of the bedroom, is the master bedroom which has an entery to an additional childrens room. Connecting to the master bedroom on the top left is the drawing room with a sofa in it. In the mid bottom connecting to the drawing room is the kitchen and the dining area. On the left of the kitchen is a verticle room with T.V in it.  

The goal is to find the shortest path to the Bowl, giving a detailed step-by-step trajectory.

We are given the frame description as follows - 
a view of a room with a table and chairs, net art, long dark shadows, virtual metaverse room, without text, sharp focus on houses, about to enter doorframe, inside of a cabin, with accurate features, app, sitcom screenshot, cell shaded adult animation

Generate the next best possible single action and the intention behind the action as colon-separated action and intention."
54,54,frame_54.jpg,"a computer generated view of a kitchen and dining room, inspired by John Crawford Brown, first person shooter, mobile learning app prototype, streaming on twitch, midwest town, highly detailed and hypnotic, inside an old apartment, mit technology review, vr, chalet, pfp","

The next best possible single action is to turn on the lights in the room. The intention behind the action is to find the shortest path to the bowl.","I am in an unknown house.

This is the floorplan, from a top-down view.
On the bottom right, is a bedrooom in the house, where you currently are. To the right of the bedroom, is the master bedroom which has an entery to an additional childrens room. Connecting to the master bedroom on the top left is the drawing room with a sofa in it. In the mid bottom connecting to the drawing room is the kitchen and the dining area. On the left of the kitchen is a verticle room with T.V in it.  

The goal is to find the shortest path to the Bowl, giving a detailed step-by-step trajectory.

We are given the frame description as follows - 
a computer generated view of a kitchen and dining room, inspired by John Crawford Brown, first person shooter, mobile learning app prototype, streaming on twitch, midwest town, highly detailed and hypnotic, inside an old apartment, mit technology review, vr, chalet, pfp

Generate the next best possible single action and the intention behind the action as colon-separated action and intention."
55,55,frame_55.jpg,"a computer generated image of a kitchen and dining room, inspired by John Crawford Brown, first person shooter, android phones, medium height, mit technology review, streaming on twitch, no foliage, people looking at a house, 2007 blog, avatar image, yoworld, lowpoly, screenshot","

The next best possible single action is to walk to the kitchen. The intention behind the action is to find the bowl.","I am in an unknown house.

This is the floorplan, from a top-down view.
On the bottom right, is a bedrooom in the house, where you currently are. To the right of the bedroom, is the master bedroom which has an entery to an additional childrens room. Connecting to the master bedroom on the top left is the drawing room with a sofa in it. In the mid bottom connecting to the drawing room is the kitchen and the dining area. On the left of the kitchen is a verticle room with T.V in it.  

The goal is to find the shortest path to the Bowl, giving a detailed step-by-step trajectory.

We are given the frame description as follows - 
a computer generated image of a kitchen and dining room, inspired by John Crawford Brown, first person shooter, android phones, medium height, mit technology review, streaming on twitch, no foliage, people looking at a house, 2007 blog, avatar image, yoworld, lowpoly, screenshot

Generate the next best possible single action and the intention behind the action as colon-separated action and intention."
56,56,frame_56.jpg,"a computer generated image of a kitchen and dining room, inspired by John Crawford Brown, first person shooter, mobile learning app prototype, dirty apartment, 64x64, mit technology review, gallery, avatar image, jerma 9 8 5, blue image, flat perspective, official screenshot, artstatiom, 2007 blog","

The next best possible single action is to walk to the right, towards the master bedroom. The intention behind this action is to find the quickest way to the bowl.","I am in an unknown house.

This is the floorplan, from a top-down view.
On the bottom right, is a bedrooom in the house, where you currently are. To the right of the bedroom, is the master bedroom which has an entery to an additional childrens room. Connecting to the master bedroom on the top left is the drawing room with a sofa in it. In the mid bottom connecting to the drawing room is the kitchen and the dining area. On the left of the kitchen is a verticle room with T.V in it.  

The goal is to find the shortest path to the Bowl, giving a detailed step-by-step trajectory.

We are given the frame description as follows - 
a computer generated image of a kitchen and dining room, inspired by John Crawford Brown, first person shooter, mobile learning app prototype, dirty apartment, 64x64, mit technology review, gallery, avatar image, jerma 9 8 5, blue image, flat perspective, official screenshot, artstatiom, 2007 blog

Generate the next best possible single action and the intention behind the action as colon-separated action and intention."
57,57,frame_57.jpg,"a room that has a table and chairs in it, a digital rendering, inspired by Pieter de Hooch, walter white in roblox, doors to various living quarters, playstation 2 gameplay still, mit technology review, radiohead album art cover, bakery, 2010, h 1024, utradetailed, description","

The next best possible single action is to go to the kitchen, and the intention is to find the bowl.","I am in an unknown house.

This is the floorplan, from a top-down view.
On the bottom right, is a bedrooom in the house, where you currently are. To the right of the bedroom, is the master bedroom which has an entery to an additional childrens room. Connecting to the master bedroom on the top left is the drawing room with a sofa in it. In the mid bottom connecting to the drawing room is the kitchen and the dining area. On the left of the kitchen is a verticle room with T.V in it.  

The goal is to find the shortest path to the Bowl, giving a detailed step-by-step trajectory.

We are given the frame description as follows - 
a room that has a table and chairs in it, a digital rendering, inspired by Pieter de Hooch, walter white in roblox, doors to various living quarters, playstation 2 gameplay still, mit technology review, radiohead album art cover, bakery, 2010, h 1024, utradetailed, description

Generate the next best possible single action and the intention behind the action as colon-separated action and intention."
58,58,frame_58.jpg,"a room that has a table and chairs in it, a screenshot, american scene painting, the encrypted metaverse, the photo shows a large, overheard camera view of kitchen, blue: 0.25, in a comfy house, lowpoly, discord profile picture, gamedesign, destroying houses","

The next best possible single action is to go to the kitchen and the intention is to find the bowl.","I am in an unknown house.

This is the floorplan, from a top-down view.
On the bottom right, is a bedrooom in the house, where you currently are. To the right of the bedroom, is the master bedroom which has an entery to an additional childrens room. Connecting to the master bedroom on the top left is the drawing room with a sofa in it. In the mid bottom connecting to the drawing room is the kitchen and the dining area. On the left of the kitchen is a verticle room with T.V in it.  

The goal is to find the shortest path to the Bowl, giving a detailed step-by-step trajectory.

We are given the frame description as follows - 
a room that has a table and chairs in it, a screenshot, american scene painting, the encrypted metaverse, the photo shows a large, overheard camera view of kitchen, blue: 0.25, in a comfy house, lowpoly, discord profile picture, gamedesign, destroying houses

Generate the next best possible single action and the intention behind the action as colon-separated action and intention."
59,59,frame_59.jpg,"a room that has a table and chairs in it, a screenshot, inspired by John Crawford Brown, disassemble the computer, refrigerator, inside a modern apartment, no foliage, mysterious highly detailed, nostalgia, website screenshot, avatar image, low definition, without text","

The next best possible single action is to go to the kitchen and the intention is to get the bowl.","I am in an unknown house.

This is the floorplan, from a top-down view.
On the bottom right, is a bedrooom in the house, where you currently are. To the right of the bedroom, is the master bedroom which has an entery to an additional childrens room. Connecting to the master bedroom on the top left is the drawing room with a sofa in it. In the mid bottom connecting to the drawing room is the kitchen and the dining area. On the left of the kitchen is a verticle room with T.V in it.  

The goal is to find the shortest path to the Bowl, giving a detailed step-by-step trajectory.

We are given the frame description as follows - 
a room that has a table and chairs in it, a screenshot, inspired by John Crawford Brown, disassemble the computer, refrigerator, inside a modern apartment, no foliage, mysterious highly detailed, nostalgia, website screenshot, avatar image, low definition, without text

Generate the next best possible single action and the intention behind the action as colon-separated action and intention."
60,60,frame_60.jpg,"a room that has a table and chairs in it, a computer rendering, inspired by Pieter de Hooch, in game screenshot, radiohead album cover, outer wilds, in american psycho, destroying houses, lo fi, listing image, no furniture, avatar image, without text, white furniture, petscop","

The next best possible single action is to walk to the door of the room and open it. The intention behind the action is to find a way out of the room.","I am in an unknown house.

This is the floorplan, from a top-down view.
On the bottom right, is a bedrooom in the house, where you currently are. To the right of the bedroom, is the master bedroom which has an entery to an additional childrens room. Connecting to the master bedroom on the top left is the drawing room with a sofa in it. In the mid bottom connecting to the drawing room is the kitchen and the dining area. On the left of the kitchen is a verticle room with T.V in it.  

The goal is to find the shortest path to the Bowl, giving a detailed step-by-step trajectory.

We are given the frame description as follows - 
a room that has a table and chairs in it, a computer rendering, inspired by Pieter de Hooch, in game screenshot, radiohead album cover, outer wilds, in american psycho, destroying houses, lo fi, listing image, no furniture, avatar image, without text, white furniture, petscop

Generate the next best possible single action and the intention behind the action as colon-separated action and intention."
61,61,frame_61.jpg,"a room that has a table and chairs in it, a computer rendering, postminimalism, playstation 2 gameplay still, streaming on twitch, fbx, narrow hallway, french village interior, jerma985, 3d shadowing, apartments, website screenshot, detailed scenery —width 672, floors, ar","

The next best possible single action is to walk to the door of the room and open it. The intention behind the action is to find a way out of the room.","I am in an unknown house.

This is the floorplan, from a top-down view.
On the bottom right, is a bedrooom in the house, where you currently are. To the right of the bedroom, is the master bedroom which has an entery to an additional childrens room. Connecting to the master bedroom on the top left is the drawing room with a sofa in it. In the mid bottom connecting to the drawing room is the kitchen and the dining area. On the left of the kitchen is a verticle room with T.V in it.  

The goal is to find the shortest path to the Bowl, giving a detailed step-by-step trajectory.

We are given the frame description as follows - 
a room that has a table and chairs in it, a computer rendering, postminimalism, playstation 2 gameplay still, streaming on twitch, fbx, narrow hallway, french village interior, jerma985, 3d shadowing, apartments, website screenshot, detailed scenery —width 672, floors, ar

Generate the next best possible single action and the intention behind the action as colon-separated action and intention."
62,62,frame_62.jpg,"a computer generated image of a living room, inspired by Balthus, playstation 2 gameplay still, mobile learning app prototype, ambient oclusion, a sick cat laying in a bedroom, 3rd-person camera!, streaming on twitch, it is very detailed, apartment design, highly rendered","

The next best possible single action would be to walk to the door of the room you are in. The intention behind the action would be to leave the room and explore the rest of the house.","I am in an unknown house.

This is the floorplan, from a top-down view.
On the bottom right, is a bedrooom in the house, where you currently are. To the right of the bedroom, is the master bedroom which has an entery to an additional childrens room. Connecting to the master bedroom on the top left is the drawing room with a sofa in it. In the mid bottom connecting to the drawing room is the kitchen and the dining area. On the left of the kitchen is a verticle room with T.V in it.  

The goal is to find the shortest path to the Bowl, giving a detailed step-by-step trajectory.

We are given the frame description as follows - 
a computer generated image of a living room, inspired by Balthus, playstation 2 gameplay still, mobile learning app prototype, ambient oclusion, a sick cat laying in a bedroom, 3rd-person camera!, streaming on twitch, it is very detailed, apartment design, highly rendered

Generate the next best possible single action and the intention behind the action as colon-separated action and intention."
63,63,frame_63.jpg,"a computer sitting on top of a wooden desk, a computer rendering, inspired by Balthus, net art, videogame asset, the cat is walking, inside a modern apartment, photograph of 3d ios room, empty floor, listing image, yoworld, first person screenshot, dynamic shadow, suburban home","

The next best possible single action would be to walk to the door of the master bedroom, and the intention behind the action would be to find the bowl.","I am in an unknown house.

This is the floorplan, from a top-down view.
On the bottom right, is a bedrooom in the house, where you currently are. To the right of the bedroom, is the master bedroom which has an entery to an additional childrens room. Connecting to the master bedroom on the top left is the drawing room with a sofa in it. In the mid bottom connecting to the drawing room is the kitchen and the dining area. On the left of the kitchen is a verticle room with T.V in it.  

The goal is to find the shortest path to the Bowl, giving a detailed step-by-step trajectory.

We are given the frame description as follows - 
a computer sitting on top of a wooden desk, a computer rendering, inspired by Balthus, net art, videogame asset, the cat is walking, inside a modern apartment, photograph of 3d ios room, empty floor, listing image, yoworld, first person screenshot, dynamic shadow, suburban home

Generate the next best possible single action and the intention behind the action as colon-separated action and intention."
64,64,frame_64.jpg,"a computer generated image of a living room, inspired by John F. Peto, screenshot from game, a still life of a microwave, upper body avatar, 64x64, kafkaesque, blue: 0.5, ebay listing thumbnail, cupboards, lossless, twitch streamer, it is very detailed","

The next best possible single action is to go to the kitchen. The intention behind the action is to get the bowl.","I am in an unknown house.

This is the floorplan, from a top-down view.
On the bottom right, is a bedrooom in the house, where you currently are. To the right of the bedroom, is the master bedroom which has an entery to an additional childrens room. Connecting to the master bedroom on the top left is the drawing room with a sofa in it. In the mid bottom connecting to the drawing room is the kitchen and the dining area. On the left of the kitchen is a verticle room with T.V in it.  

The goal is to find the shortest path to the Bowl, giving a detailed step-by-step trajectory.

We are given the frame description as follows - 
a computer generated image of a living room, inspired by John F. Peto, screenshot from game, a still life of a microwave, upper body avatar, 64x64, kafkaesque, blue: 0.5, ebay listing thumbnail, cupboards, lossless, twitch streamer, it is very detailed

Generate the next best possible single action and the intention behind the action as colon-separated action and intention."
65,65,frame_65.jpg,"a computer generated image of a dining room, inspired by Pieter de Hooch, objective abstraction, syphon filter, levitating agricultural sphere, jar on a shelf, placed in a living room, upper body avatar, lossless, refrigerator, ebay listing thumbnail, ai researcher, blue edge, no foliage, 2000s","

The next best possible single action would be to walk to the kitchen, and the intention behind this action would be to get the bowl from the shelf.","I am in an unknown house.

This is the floorplan, from a top-down view.
On the bottom right, is a bedrooom in the house, where you currently are. To the right of the bedroom, is the master bedroom which has an entery to an additional childrens room. Connecting to the master bedroom on the top left is the drawing room with a sofa in it. In the mid bottom connecting to the drawing room is the kitchen and the dining area. On the left of the kitchen is a verticle room with T.V in it.  

The goal is to find the shortest path to the Bowl, giving a detailed step-by-step trajectory.

We are given the frame description as follows - 
a computer generated image of a dining room, inspired by Pieter de Hooch, objective abstraction, syphon filter, levitating agricultural sphere, jar on a shelf, placed in a living room, upper body avatar, lossless, refrigerator, ebay listing thumbnail, ai researcher, blue edge, no foliage, 2000s

Generate the next best possible single action and the intention behind the action as colon-separated action and intention."
