image,prompt
frame_0.jpg,"a room with a bed and a dresser, a raytraced image, inspired by Félix Vallotton, postminimalism, hand on the doorknob, jerma, design your own avatar, hairy legs, with ominous shadows, tall door, maple story, first person view, the shining, yoworld, ai startup"
frame_1.jpg,"a room with a bed and a dresser, a raytraced image, inspired by Félix Vallotton, postminimalism, hand on the doorknob, jerma, design your own avatar, hairy legs, with ominous shadows, tall door, maple story, first person view, the shining, yoworld, ai startup"
frame_2.jpg,"a room with a bed, dresser and a television, a screenshot, inspired by John Crawford Brown, gourds, third-person view, from then on a basketball, on amino, mit technology review, in - game, wearing an orange t-shirt, safehavenhq, joytoy, goldsrc, app"
frame_3.jpg,"a room with a bed, desk and television, a screenshot, inspired by Paul Kelpe, postminimalism, imagenet, using a vr headset, mit technology review, on amino, nursing home, japan studio game, alan turing, screenshot from the game, npr, vignette, n 6 4, cctv"
frame_4.jpg,"a room with a bed and a desk in it, a screenshot, inspired by John Crawford Brown, blender npr, news archive, appgamekit"
frame_5.jpg,"a room with a bed, a dresser and a mirror, a screenshot, inspired by Bedwyr Williams, virtual reality metaverse engine, other bedrooms can be seen, jerma, without text, 64x64, streaming on twitch, bump map, ultra realistic classic, twitch streamer"
frame_6.jpg,"a room with a bed and a dresser in it, inspired by Paul Kelpe, polycount, postminimalism, timeless disturbing masterpiece, jerma in a liminal space, on amino, e3, augmented reality, fps game, streaming on twitch, 2223194009, infinite hallway"
frame_7.jpg,"a room with a bed and a dresser in it, a screenshot, inspired by Paul Kelpe, polycount, postminimalism, mit technology review, cameraphone 2002, paddle and ball, cctv footage of a movie set, gamedev, angular, sports setting, without text, nitid horizon, 9 5"
frame_8.jpg,"a room with a bed a dresser and a mirror, a screenshot, inspired by John Crawford Brown, siggraph, flying soccer balls, modern supernatural horror, mit technology review, adventure game, sport game, without text, psychological horror, sphere, 4 0 9 6, sports"
frame_9.jpg,"a room with a door and a window, a screenshot, objective abstraction, third-person view, from 2001, small path up to door, 64x64, realistic human movement, streaming on twitch, without text, procedural code, n 6 4, ai researcher, b3d"
frame_10.jpg,"a room with a door and a ball on the floor, a screenshot, inspired by Félix Vallotton, objective abstraction, blind brown man, third-person view, hand on the doorknob, 2 5 6 x 2 5 6, broken furniture, no foliage, award-winning artwork, jerma985"
frame_11.jpg,"a computer generated image of a room with an open door, a screenshot, inspired by Leandro Erlich, objective abstraction, first person shooter, shadowy cat under the bed', upper body avatar, early screen test, jerma985, streaming on twitch, white map library, unreal engines"
frame_12.jpg,"a room with a door and a football on the floor, a screenshot, inspired by John Crawford Brown, egg, 2007, first-person, built on a steep hill, soft lighting gradient. no text, in a dream, bed, no foliage, impossible stairs, early screen test, concept image"
frame_13.jpg,"a view of an open door in a room, a screenshot, inspired by John F. Peto, postminimalism, screenshot from the game, streaming on twitch, towering over the camera, stable diffusion ai as a human, without text, complete house, frostbite 3 engine rendered, first-person, cameraphone"
frame_14.jpg,"an open door in a room with a picture on the wall, polycount, new objectivity, first - person view, white: 0.5, an ai generated image, walking over you, steps 50, an intruder, description, arthouse, in an attic, white furniture, ssao"
frame_15.jpg,"a picture of a room with a bed and a door, a screenshot, inspired by Leandro Erlich, objective abstraction, jerma985, academic art insanely quality, streaming on twitch, ai - generated art, ground perspective; detailed, long dark hallway, 64x64, tall door"
frame_16.jpg,"a room with a door and a window in it, a screenshot, inspired by Balthus, new objectivity, your personal data avatar, jerma, super photo realistic, infinite hallway, google point of view, screenshot from the game, tall door, carpeted floor, vertex, ffffound"
frame_17.jpg,"a room with a door and a picture on the wall, inspired by Leandro Erlich, polycount, net art, ebay listing thumbnail, mobile learning app prototype, japan studio game, carpeted floor, 64x64, realism : 9 5 %, unsettling images, broken furniture, metaverse"
frame_18.jpg,"a room with a bed and a window, a raytraced image, inspired by Balthus, pixiv, net art, ebay listing thumbnail, autechre, screenshot from the game, roblox avatar, 4 0 9 6, without text, streaming on twitch, white map library, vr googles, beds, seinfeld"
frame_19.jpg,"a room with a table and pictures on the wall, a raytraced image, inspired by Balthus, superflat, holding a baseball bat, in a wooden box. top down photo, walter white in roblox, gravity failing, old home decor, blunt borders, wands, cursed photography, long"
frame_20.jpg,"a room with a bed and a mirror on the wall, a screenshot, cg society, new objectivity, walkable, ground level camera view, computer - generated, golden hour scene, mit technology review, towering over the camera, about to enter doorframe, upper body avatar, realosm, gamedev"
frame_21.jpg,"a room with a bed and a mirror on the wall, a screenshot, inspired by Jozef Simmler, postminimalism, upper body avatar, 64x64, in a japanese apartment, ai researcher, b3d, placed in a living room, contemporary, tall door, soft blur lighting, nitid horizon"
frame_22.jpg,"a room with a bed and a desk in it, a screenshot, inspired by Félix Vallotton, postminimalism, basketball ball, zach hill, mit technology review, third-person view, 2223194009, paranormal flashlight, rating: general, japanese horror, cgworld, utradetailed"
frame_23.jpg,"a room with a bed and a table, a screenshot, inspired by Félix Vallotton, postminimalism, basketball ball, jerma, has a very realistic look to it, hand on the doorknob, first - person view, listing image, white map library, an ai generated image, loss, nihilism"
frame_24.jpg,"a room with a bed, dressers and a mirror, a raytraced image, inspired by Marius Borgeaud, mobile learning app prototype, from disney pixar's up (2009), basketball ball, baseball bat, petscop, listing image, screenshot from the game, streaming on twitch, pfp"
frame_25.jpg,"a room with a bed and a basketball on the floor, a screenshot, inspired by Nyuju Stumpy Brown, postminimalism, mc ride, only visited during dreams, computer - generated, baseball bat, listing image, avatar image, high quality realistic, cannonballs"
frame_26.jpg,"a bedroom with a bed, dressers and a basketball on the floor, a screenshot, inspired by John Crawford Brown, postminimalism, mit technology review, spheres, demo scene, tactile, baseball bat, 2 0 1 9, nitid horizon, mobile app, vinesauce, realistic dirt"
frame_27.jpg,"a bedroom with a bed, dressers and a basketball on the floor, a screenshot, inspired by John Crawford Brown, postminimalism, mit technology review, spheres, demo scene, tactile, baseball bat, 2 0 1 9, nitid horizon, mobile app, vinesauce, realistic dirt"
frame_28.jpg,"a bedroom with a bed, dressers and a basketball on the floor, a screenshot, inspired by John Crawford Brown, postminimalism, mit technology review, spheres, demo scene, tactile, baseball bat, 2 0 1 9, nitid horizon, mobile app, vinesauce, realistic dirt"
frame_29.jpg,"a bedroom with a bed, dressers and a basketball on the floor, a screenshot, inspired by John Crawford Brown, postminimalism, mit technology review, spheres, demo scene, tactile, baseball bat, 2 0 1 9, nitid horizon, mobile app, vinesauce, realistic dirt"
frame_30.jpg,"a room with a bed and a toilet in it, inspired by Paul Kelpe, new objectivity, garbage wheel bin, digital screenshot, bed, mit technology review, japan studio game, iphone, surveillance camera, realistic »"
frame_31.jpg,"a room with a bed and a chair in it, a computer rendering, by Ben Enwonwu, postminimalism, mit technology review, horror game, ai researcher, cameraphone, amazon, dating app icon, prosthetic arm, bad dream, security camera photo, streaming on twitch, frostbite engine, realistic!!!"
frame_32.jpg,"a bed room with a neatly made bed, inspired by Balthus, polycount, postminimalism, prosthetic leg, screenshot from the game, mit technology review, ai limbo"
frame_33.jpg,"a room with a bed and a television on the wall, a screenshot, inspired by Rube Goldberg, postminimalism, from half-life, mit technology review, third-person view, apartment with black walls, simple primitive tube shape, an ai generated image, depth blur"
frame_34.jpg,"a room with a bed and a television in it, a screenshot, objective abstraction, prosthetic arm, first - person view, holds a smart phone in one hand, black circle, black border: 0.75, man steal computers, uploaded, 64x64, rey tracing, soyjack, toilet"
frame_35.jpg,"a person standing in a room with a television on the wall, a raytraced image, inspired by John F. Peto, garbage wheel bin, third person gameplay, android close to camera, black squares on 4 corners, skeb.jp, tabletop, first person, destructible environments, ssao"
frame_36.jpg,"a bathroom with a toilet, sink and mirror, a raytraced image, net art, holding a tin can, empty room with black walls, banal object on a pedestal, third person gameplay, photo taken with an iphone, flikr, shadowing, basketball ball, roblox, 3 dcg, in game"
frame_37.jpg,"a bathroom with a toilet and a toilet paper dispenser, a raytraced image, inspired by Rube Goldberg, net art, dribbble, screenshot from the game, large potted plant, 2007 blog, mc ride, holding a tin can, aaron sims, crashed, black plastic, higurashi"
frame_38.jpg,"a room with a bed and a desk, a screenshot, net art, virtual reality metaverse engine, gameplay screenshot, rating: general, doors to various bedrooms, streaming on twitch, ai researcher, blue accent lighting, walk cycle, 3d shadowing"
frame_39.jpg,"a room with a bed and a desk in it, a screenshot, inspired by Édouard Vuillard, net art, mobile game asset, using a vr headset, third person gameplay, japan studio game, nursing home, mit technology review, [ horror game ]"
frame_40.jpg,"a room with a bed and a desk in it, a screenshot, inspired by Balthus, new objectivity, mit technology review, first - person view, highly details content, mobile game, bed, crime photos, skeb.jp, # fututistic, e3, app, description, depth perception"
frame_41.jpg,"a room with a bed and a desk in it, a screenshot, inspired by Balthus, new objectivity, mit technology review, first - person view, unsettling images, mobile game, 90 60 90, stealth, doors to various bedrooms, hi"
frame_42.jpg,"a room with a bed and a desk in it, a screenshot, inspired by Eero Snellman, new objectivity, first person perspective, mobile learning app prototype, japan studio game, doors to various bedrooms, jerma, 64x64, image, mit technology review, realosm"
frame_43.jpg,"a room with a bed and a desk in it, a screenshot, inspired by Edward Bailey, new objectivity, first person perspective, mobile learning app prototype, jerma985, half image, tall door, key is on the center of image, nitid horizon, map key, h 1024"
frame_44.jpg,"a room with a door and a table in it, a screenshot, inspired by Stanislav Zhukovsky, net art, style of mirror\'s edge, mobile learning app prototype, mit technology review, psychological horror, japan studio game, apartment design, utradetailed, 3-d"
frame_45.jpg,"a view of a living room from the hallway, a screenshot, inspired by Stanislav Zhukovsky, vinesauce, mobile learning app prototype, style of mirror\'s edge, higurashi, mit technology review, has a very realistic look to it, ai researcher, utradetailed"
frame_46.jpg,"a living room with a couch and a table, a digital rendering, inspired by John Crawford Brown, [ horror game ], mit technology review, ue marketplace, realisms, jerma985, many doorways, 64x64, the artist has used bright, empty floor, twitch streamer, lived in"
frame_47.jpg,"a computer generated image of a living room, inspired by William Home Lizars, virtual metaverse room, wooden floor boards, mobile learning app prototype, apartment hallway, depth blur, sunny environment, computer generated, bog, wood door, 50mp, bbloom"
frame_48.jpg,"a computer generated image of a living room, a screenshot, inspired by Eero Snellman, tall door, third-person view, mobile learning app prototype, orange: 0.5, streaming on twitch, 3 d highly detailed, small path up to door, pre-rendered, immersive"
frame_49.jpg,"a computer generated image of a living room, inspired by Eero Snellman, hand on the doorknob, mobile learning app prototype, from half-life 2, mit technology review, flat perspective, classroom"
frame_50.jpg,"a room with a door and a couch in it, inspired by Eero Snellman, new objectivity, mobile app, pop japonisme 3 d ultra detailed, apartment hallway, wooden furtniture, developers, depth details, mobile learning app prototype, siggraph, mit technology review, vrchat"
frame_51.jpg,"a room with a door and a couch in it, a screenshot, inspired by Eero Snellman, google point of view, trending on weasyl, app, mit technology review, style of mirror\'s edge, add text: auto repair, bump map, hand on the doorknob, jerma985"
frame_52.jpg,"a room with a door and a couch in it, a screenshot, superflat, spy kangaroo, first - person view, standing outside a house, bixbite, an ai generated image, shows a leg, coming down the stairs, holding a crowbar, template, rating: general, as well as the handyboy"
frame_53.jpg,"a view of a room with a table and chairs, net art, long dark shadows, virtual metaverse room, without text, sharp focus on houses, about to enter doorframe, inside of a cabin, with accurate features, app, sitcom screenshot, cell shaded adult animation"
frame_54.jpg,"a computer generated view of a kitchen and dining room, inspired by John Crawford Brown, first person shooter, mobile learning app prototype, streaming on twitch, midwest town, highly detailed and hypnotic, inside an old apartment, mit technology review, vr, chalet, pfp"
frame_55.jpg,"a computer generated image of a kitchen and dining room, inspired by John Crawford Brown, first person shooter, android phones, medium height, mit technology review, streaming on twitch, no foliage, people looking at a house, 2007 blog, avatar image, yoworld, lowpoly, screenshot"
frame_56.jpg,"a computer generated image of a kitchen and dining room, inspired by John Crawford Brown, first person shooter, mobile learning app prototype, dirty apartment, 64x64, mit technology review, gallery, avatar image, jerma 9 8 5, blue image, flat perspective, official screenshot, artstatiom, 2007 blog"
frame_57.jpg,"a room that has a table and chairs in it, a digital rendering, inspired by Pieter de Hooch, walter white in roblox, doors to various living quarters, playstation 2 gameplay still, mit technology review, radiohead album art cover, bakery, 2010, h 1024, utradetailed, description"
frame_58.jpg,"a room that has a table and chairs in it, a screenshot, american scene painting, the encrypted metaverse, the photo shows a large, overheard camera view of kitchen, blue: 0.25, in a comfy house, lowpoly, discord profile picture, gamedesign, destroying houses"
frame_59.jpg,"a room that has a table and chairs in it, a screenshot, inspired by John Crawford Brown, disassemble the computer, refrigerator, inside a modern apartment, no foliage, mysterious highly detailed, nostalgia, website screenshot, avatar image, low definition, without text"
frame_60.jpg,"a room that has a table and chairs in it, a computer rendering, inspired by Pieter de Hooch, in game screenshot, radiohead album cover, outer wilds, in american psycho, destroying houses, lo fi, listing image, no furniture, avatar image, without text, white furniture, petscop"
frame_61.jpg,"a room that has a table and chairs in it, a computer rendering, postminimalism, playstation 2 gameplay still, streaming on twitch, fbx, narrow hallway, french village interior, jerma985, 3d shadowing, apartments, website screenshot, detailed scenery —width 672, floors, ar"
frame_62.jpg,"a computer generated image of a living room, inspired by Balthus, playstation 2 gameplay still, mobile learning app prototype, ambient oclusion, a sick cat laying in a bedroom, 3rd-person camera!, streaming on twitch, it is very detailed, apartment design, highly rendered"
frame_63.jpg,"a computer sitting on top of a wooden desk, a computer rendering, inspired by Balthus, net art, videogame asset, the cat is walking, inside a modern apartment, photograph of 3d ios room, empty floor, listing image, yoworld, first person screenshot, dynamic shadow, suburban home"
frame_64.jpg,"a computer generated image of a living room, inspired by John F. Peto, screenshot from game, a still life of a microwave, upper body avatar, 64x64, kafkaesque, blue: 0.5, ebay listing thumbnail, cupboards, lossless, twitch streamer, it is very detailed"
frame_65.jpg,"a computer generated image of a dining room, inspired by Pieter de Hooch, objective abstraction, syphon filter, levitating agricultural sphere, jar on a shelf, placed in a living room, upper body avatar, lossless, refrigerator, ebay listing thumbnail, ai researcher, blue edge, no foliage, 2000s"
