,Unnamed: 0,image,prompt,action,gpt_prompt
0,0,frame_0.jpg,"a person standing in front of a door in a room, an ambient occlusion render, inspired by Leandro Erlich, photorealism, highly realistic. live cam, pc game with ui, black cloak hidden in shadows, streaming on twitch, detailed photo of virtual world, tall door, volumetric lighting — w 6 4 0","

The next best possible single action is to open the door in front of you and go through it into the next room. The intention behind this action is to find the Mug.","I am in an unknown house.

This is the floorplan, from a top-down view.
On the bottom left, is the kitchen with a refrigerator in front, where you are currently located. To the right of the current position, is the drawing room which has a table near the entry, a sofa and a T.V in front of it. Connecting to the kitchen on the top right is a rectangular bedroom in a verticle fashion which can be entered through a door in the kitchen. In the bedroom on the bottom right corner is a bathroom which can be entered from the bedroom.

The goal is to find the shortest path to the Mug, giving a detailed step-by-step trajectory.

We are given the frame description as follows - 
a person standing in front of a door in a room, an ambient occlusion render, inspired by Leandro Erlich, photorealism, highly realistic. live cam, pc game with ui, black cloak hidden in shadows, streaming on twitch, detailed photo of virtual world, tall door, volumetric lighting — w 6 4 0

Generate the next best possible single action and the intention behind the action as colon-separated action and intention."
1,1,frame_1.jpg,"a computer desk sitting in a room next to a door, a screenshot, inspired by Jozef Simmler, building cover with plant, android phones, third-person view, death grips, large potted plant, creating a soft, tall door, stable diffusion ai as a human, gipf project, listing image","

The next best possible single action is to walk to the door and the intention is to exit the house.","I am in an unknown house.

This is the floorplan, from a top-down view.
On the bottom left, is the kitchen with a refrigerator in front, where you are currently located. To the right of the current position, is the drawing room which has a table near the entry, a sofa and a T.V in front of it. Connecting to the kitchen on the top right is a rectangular bedroom in a verticle fashion which can be entered through a door in the kitchen. In the bedroom on the bottom right corner is a bathroom which can be entered from the bedroom.

The goal is to find the shortest path to the Mug, giving a detailed step-by-step trajectory.

We are given the frame description as follows - 
a computer desk sitting in a room next to a door, a screenshot, inspired by Jozef Simmler, building cover with plant, android phones, third-person view, death grips, large potted plant, creating a soft, tall door, stable diffusion ai as a human, gipf project, listing image

Generate the next best possible single action and the intention behind the action as colon-separated action and intention."
2,2,frame_2.jpg,"a computer generated image of a living room, a screenshot, inspired by John Crawford Brown, kafkaesque, third - person, blue scheme, first-person, people looking at a house, 64x64, police station, streaming on twitch, ue marketplace, dirty apartment, first person","

The next best possible single action is to walk to the right and enter the drawing room. The intention behind the action is to find the mug.","I am in an unknown house.

This is the floorplan, from a top-down view.
On the bottom left, is the kitchen with a refrigerator in front, where you are currently located. To the right of the current position, is the drawing room which has a table near the entry, a sofa and a T.V in front of it. Connecting to the kitchen on the top right is a rectangular bedroom in a verticle fashion which can be entered through a door in the kitchen. In the bedroom on the bottom right corner is a bathroom which can be entered from the bedroom.

The goal is to find the shortest path to the Mug, giving a detailed step-by-step trajectory.

We are given the frame description as follows - 
a computer generated image of a living room, a screenshot, inspired by John Crawford Brown, kafkaesque, third - person, blue scheme, first-person, people looking at a house, 64x64, police station, streaming on twitch, ue marketplace, dirty apartment, first person

Generate the next best possible single action and the intention behind the action as colon-separated action and intention."
3,3,frame_3.jpg,"a room with a desk and a chair in it, a screenshot, net art, third person gameplay, appgamekit, crime scene, blue: 0.5, mit technology review, destroying houses, ssao, boissb - blanca. j, gamedesign, hand on the doorknob, various scenarios, 64x64","

The next best possible single action is to walk to the drawing room and the intention is to find the mug.","I am in an unknown house.

This is the floorplan, from a top-down view.
On the bottom left, is the kitchen with a refrigerator in front, where you are currently located. To the right of the current position, is the drawing room which has a table near the entry, a sofa and a T.V in front of it. Connecting to the kitchen on the top right is a rectangular bedroom in a verticle fashion which can be entered through a door in the kitchen. In the bedroom on the bottom right corner is a bathroom which can be entered from the bedroom.

The goal is to find the shortest path to the Mug, giving a detailed step-by-step trajectory.

We are given the frame description as follows - 
a room with a desk and a chair in it, a screenshot, net art, third person gameplay, appgamekit, crime scene, blue: 0.5, mit technology review, destroying houses, ssao, boissb - blanca. j, gamedesign, hand on the doorknob, various scenarios, 64x64

Generate the next best possible single action and the intention behind the action as colon-separated action and intention."
4,4,frame_4.jpg,"a room with a desk and a chair in it, a screenshot, inspired by Chris Ware, serial art, style of mirror\'s edge, fbi raid, mobile learning app prototype, japan studio game, mit technology review, psychological horror, surrealisme aesthetic, 64x64, first person","

Action: Move to the drawing room

Intention: To find the mug","I am in an unknown house.

This is the floorplan, from a top-down view.
On the bottom left, is the kitchen with a refrigerator in front, where you are currently located. To the right of the current position, is the drawing room which has a table near the entry, a sofa and a T.V in front of it. Connecting to the kitchen on the top right is a rectangular bedroom in a verticle fashion which can be entered through a door in the kitchen. In the bedroom on the bottom right corner is a bathroom which can be entered from the bedroom.

The goal is to find the shortest path to the Mug, giving a detailed step-by-step trajectory.

We are given the frame description as follows - 
a room with a desk and a chair in it, a screenshot, inspired by Chris Ware, serial art, style of mirror\'s edge, fbi raid, mobile learning app prototype, japan studio game, mit technology review, psychological horror, surrealisme aesthetic, 64x64, first person

Generate the next best possible single action and the intention behind the action as colon-separated action and intention."
5,5,frame_5.jpg,"a room with a desk and a chair in it, a screenshot, serial art, using a vr headset, tall door, screenshot from the game, jerma, mit technology review, streaming on twitch, realityengine, blue: 0.5, apartment design, unsettling images, nostalgic lighting, cctv","

The next best possible action is to walk to the right, towards the drawing room. The intention is to find the mug.","I am in an unknown house.

This is the floorplan, from a top-down view.
On the bottom left, is the kitchen with a refrigerator in front, where you are currently located. To the right of the current position, is the drawing room which has a table near the entry, a sofa and a T.V in front of it. Connecting to the kitchen on the top right is a rectangular bedroom in a verticle fashion which can be entered through a door in the kitchen. In the bedroom on the bottom right corner is a bathroom which can be entered from the bedroom.

The goal is to find the shortest path to the Mug, giving a detailed step-by-step trajectory.

We are given the frame description as follows - 
a room with a desk and a chair in it, a screenshot, serial art, using a vr headset, tall door, screenshot from the game, jerma, mit technology review, streaming on twitch, realityengine, blue: 0.5, apartment design, unsettling images, nostalgic lighting, cctv

Generate the next best possible single action and the intention behind the action as colon-separated action and intention."
6,6,frame_6.jpg,"a computer desk and chair in a room, a screenshot, inspired by Pieter de Hooch, new objectivity, streaming on twitch, mr robert is drinking fresh tea, virtual reality metaverse engine, potted plant, disposable camera, perfect dark, gamedesign, highly realistic. live cam, computation","

1. Go to the drawing room.
2. Find the mug.
3. Pick up the mug.","I am in an unknown house.

This is the floorplan, from a top-down view.
On the bottom left, is the kitchen with a refrigerator in front, where you are currently located. To the right of the current position, is the drawing room which has a table near the entry, a sofa and a T.V in front of it. Connecting to the kitchen on the top right is a rectangular bedroom in a verticle fashion which can be entered through a door in the kitchen. In the bedroom on the bottom right corner is a bathroom which can be entered from the bedroom.

The goal is to find the shortest path to the Mug, giving a detailed step-by-step trajectory.

We are given the frame description as follows - 
a computer desk and chair in a room, a screenshot, inspired by Pieter de Hooch, new objectivity, streaming on twitch, mr robert is drinking fresh tea, virtual reality metaverse engine, potted plant, disposable camera, perfect dark, gamedesign, highly realistic. live cam, computation

Generate the next best possible single action and the intention behind the action as colon-separated action and intention."
7,7,frame_7.jpg,"a room with a desk and a chair in it, a screenshot, inspired by Pieter de Hooch, new objectivity, coffee cup, cctv, no ui, 64x64, plants in a glass vase, lo-fi, test, 2 0 1 9, tabletop, kafkaesque, highly details content","

The next best possible single action is to walk to the right and enter the drawing room. The intention is to find the coffee mug.","I am in an unknown house.

This is the floorplan, from a top-down view.
On the bottom left, is the kitchen with a refrigerator in front, where you are currently located. To the right of the current position, is the drawing room which has a table near the entry, a sofa and a T.V in front of it. Connecting to the kitchen on the top right is a rectangular bedroom in a verticle fashion which can be entered through a door in the kitchen. In the bedroom on the bottom right corner is a bathroom which can be entered from the bedroom.

The goal is to find the shortest path to the Mug, giving a detailed step-by-step trajectory.

We are given the frame description as follows - 
a room with a desk and a chair in it, a screenshot, inspired by Pieter de Hooch, new objectivity, coffee cup, cctv, no ui, 64x64, plants in a glass vase, lo-fi, test, 2 0 1 9, tabletop, kafkaesque, highly details content

Generate the next best possible single action and the intention behind the action as colon-separated action and intention."
