image,prompt
frame_0.jpg,"a person standing in front of a door in a room, an ambient occlusion render, inspired by Leandro Erlich, photorealism, highly realistic. live cam, pc game with ui, black cloak hidden in shadows, streaming on twitch, detailed photo of virtual world, tall door, volumetric lighting — w 6 4 0"
frame_1.jpg,"a computer desk sitting in a room next to a door, a screenshot, inspired by Jozef Simmler, building cover with plant, android phones, third-person view, death grips, large potted plant, creating a soft, tall door, stable diffusion ai as a human, gipf project, listing image"
frame_2.jpg,"a computer generated image of a living room, a screenshot, inspired by John Crawford Brown, kafkaesque, third - person, blue scheme, first-person, people looking at a house, 64x64, police station, streaming on twitch, ue marketplace, dirty apartment, first person"
frame_3.jpg,"a room with a desk and a chair in it, a screenshot, net art, third person gameplay, appgamekit, crime scene, blue: 0.5, mit technology review, destroying houses, ssao, boissb - blanca. j, gamedesign, hand on the doorknob, various scenarios, 64x64"
frame_4.jpg,"a room with a desk and a chair in it, a screenshot, inspired by Chris Ware, serial art, style of mirror\'s edge, fbi raid, mobile learning app prototype, japan studio game, mit technology review, psychological horror, surrealisme aesthetic, 64x64, first person"
frame_5.jpg,"a room with a desk and a chair in it, a screenshot, serial art, using a vr headset, tall door, screenshot from the game, jerma, mit technology review, streaming on twitch, realityengine, blue: 0.5, apartment design, unsettling images, nostalgic lighting, cctv"
frame_6.jpg,"a computer desk and chair in a room, a screenshot, inspired by Pieter de Hooch, new objectivity, streaming on twitch, mr robert is drinking fresh tea, virtual reality metaverse engine, potted plant, disposable camera, perfect dark, gamedesign, highly realistic. live cam, computation"
frame_7.jpg,"a room with a desk and a chair in it, a screenshot, inspired by Pieter de Hooch, new objectivity, coffee cup, cctv, no ui, 64x64, plants in a glass vase, lo-fi, test, 2 0 1 9, tabletop, kafkaesque, highly details content"
