{
    "house_id": 565,
    "intentions": [],
    "target_object_type": "Apple",
    "frames_dir": "expert_annotations/frames/house_565/Apple/",
    "actions": [
        {
            "action": "MoveAhead",
            "intentions": null,
            "pickedObject": null,
            "openedObject": null
        },
        {
            "action": "MoveAhead",
            "intentions": null,
            "pickedObject": null,
            "openedObject": null
        },
        {
            "action": "MoveAhead",
            "intentions": null,
            "pickedObject": null,
            "openedObject": null
        },
        {
            "action": "MoveAhead",
            "intentions": null,
            "pickedObject": null,
            "openedObject": null
        },
        {
            "action": "MoveAhead",
            "intentions": null,
            "pickedObject": null,
            "openedObject": null
        },
        {
            "action": "MoveAhead",
            "intentions": null,
            "pickedObject": null,
            "openedObject": null
        },
        {
            "action": "MoveAhead",
            "intentions": null,
            "pickedObject": null,
            "openedObject": null
        },
        {
            "action": "MoveAhead",
            "intentions": null,
            "pickedObject": null,
            "openedObject": null
        },
        {
            "action": "MoveAhead",
            "intentions": null,
            "pickedObject": null,
            "openedObject": null
        },
        {
            "action": "MoveAhead",
            "intentions": null,
            "pickedObject": null,
            "openedObject": null
        },
        {
            "action": "MoveAhead",
            "intentions": null,
            "pickedObject": null,
            "openedObject": null
        },
        {
            "action": "PickUpObject",
            "intentions": "Some objects on the table",
            "pickedObject": "Apple|surface|2|0",
            "openedObject": null
        },
        {
            "action": "end",
            "intentions": null,
            "pickedObject": null,
            "openedObject": null
        }
    ],
    "pickupable_objects": [
        [],
        [],
        [],
        [],
        [],
        [],
        [],
        [],
        [
            "CellPhone|surface|2|6",
            "Bowl|surface|2|2"
        ],
        [
            "SaltShaker|surface|2|15",
            "Fork|surface|2|14",
            "CellPhone|surface|2|6",
            "Bowl|surface|2|2",
            "Apple|surface|2|0"
        ],
        [
            "SaltShaker|surface|2|15",
            "Fork|surface|2|14",
            "CellPhone|surface|2|6",
            "Bowl|surface|2|2",
            "Apple|surface|2|0"
        ],
        [
            "SaltShaker|surface|2|15",
            "Fork|surface|2|14",
            "CellPhone|surface|2|6",
            "Bowl|surface|2|2",
            "Apple|surface|2|0"
        ],
        [
            "SaltShaker|surface|2|15",
            "Fork|surface|2|14",
            "CellPhone|surface|2|6",
            "Bowl|surface|2|2",
            "Apple|surface|2|0"
        ]
    ],
    "openable_objects": [
        [],
        [],
        [],
        [],
        [],
        [],
        [],
        [],
        [],
        [],
        [],
        [],
        []
    ]
}