{
    "house_id": 565,
    "intentions": [],
    "target_object_type": "Pen",
    "frames_dir": "expert_annotations/frames/house_565/Pen/",
    "actions": [
        {
            "action": "MoveAhead",
            "intentions": null,
            "pickedObject": null,
            "openedObject": null
        },
        {
            "action": "RotateLeft",
            "intentions": null,
            "pickedObject": null,
            "openedObject": null
        },
        {
            "action": "MoveAhead",
            "intentions": null,
            "pickedObject": null,
            "openedObject": null
        },
        {
            "action": "MoveAhead",
            "intentions": null,
            "pickedObject": null,
            "openedObject": null
        },
        {
            "action": "MoveAhead",
            "intentions": null,
            "pickedObject": null,
            "openedObject": null
        },
        {
            "action": "MoveAhead",
            "intentions": null,
            "pickedObject": null,
            "openedObject": null
        },
        {
            "action": "MoveAhead",
            "intentions": null,
            "pickedObject": null,
            "openedObject": null
        },
        {
            "action": "PickUpObject",
            "intentions": "we can see a pen on the table",
            "pickedObject": "Pen|surface|3|22",
            "openedObject": null
        },
        {
            "action": "end",
            "intentions": null,
            "pickedObject": null,
            "openedObject": null
        }
    ],
    "pickupable_objects": [
        [],
        [],
        [],
        [],
        [],
        [
            "CreditCard|surface|3|29",
            "Pen|surface|3|22"
        ],
        [
            "CreditCard|surface|3|29",
            "Pen|surface|3|22"
        ],
        [
            "CreditCard|surface|3|29",
            "Pen|surface|3|22"
        ],
        [
            "CreditCard|surface|3|29",
            "Pen|surface|3|22"
        ]
    ],
    "openable_objects": [
        [],
        [],
        [],
        [],
        [
            "door|2|6"
        ],
        [
            "door|2|6",
            "Dresser|3|2___3",
            "Dresser|3|2___2",
            "Dresser|3|2___1",
            "Dresser|3|2___0"
        ],
        [
            "door|2|6",
            "Dresser|3|2___3",
            "Dresser|3|2___2",
            "Dresser|3|2___1",
            "Dresser|3|2___0"
        ],
        [
            "door|2|6",
            "Dresser|3|2___3",
            "Dresser|3|2___2",
            "Dresser|3|2___1",
            "Dresser|3|2___0"
        ],
        [
            "door|2|6",
            "Dresser|3|2___3",
            "Dresser|3|2___2",
            "Dresser|3|2___1",
            "Dresser|3|2___0"
        ]
    ]
}