{
    "house_id": 711,
    "intentions": [],
    "target_object_type": "Bowl",
    "frames_dir": "expert_annotations/frames/house_711/Bowl/",
    "actions": [
        {
            "action": "RotateLeft",
            "intentions": null,
            "pickedObject": null,
            "openedObject": null
        },
        {
            "action": "MoveAhead",
            "intentions": null,
            "pickedObject": null,
            "openedObject": null
        },
        {
            "action": "MoveRight",
            "intentions": null,
            "pickedObject": null,
            "openedObject": null
        },
        {
            "action": "MoveAhead",
            "intentions": null,
            "pickedObject": null,
            "openedObject": null
        },
        {
            "action": "MoveAhead",
            "intentions": null,
            "pickedObject": null,
            "openedObject": null
        },
        {
            "action": "MoveAhead",
            "intentions": null,
            "pickedObject": null,
            "openedObject": null
        },
        {
            "action": "MoveAhead",
            "intentions": null,
            "pickedObject": null,
            "openedObject": null
        },
        {
            "action": "MoveAhead",
            "intentions": null,
            "pickedObject": null,
            "openedObject": null
        },
        {
            "action": "MoveAhead",
            "intentions": null,
            "pickedObject": null,
            "openedObject": null
        },
        {
            "action": "MoveAhead",
            "intentions": null,
            "pickedObject": null,
            "openedObject": null
        },
        {
            "action": "PickUpObject",
            "intentions": "bowl is on the table",
            "pickedObject": "Bowl|surface|2|25",
            "openedObject": null
        },
        {
            "action": "end",
            "intentions": null,
            "pickedObject": null,
            "openedObject": null
        }
    ],
    "pickupable_objects": [
        [],
        [],
        [],
        [],
        [],
        [],
        [],
        [],
        [
            "Kettle|surface|2|26",
            "Bowl|surface|2|25",
            "Knife|surface|2|19",
            "Pen|surface|2|11",
            "Pan|surface|2|2"
        ],
        [
            "Kettle|surface|2|26",
            "Bowl|surface|2|25",
            "Knife|surface|2|19",
            "SprayBottle|surface|2|16",
            "Pen|surface|2|11",
            "Pan|surface|2|2"
        ],
        [
            "Kettle|surface|2|26",
            "Bowl|surface|2|25",
            "Knife|surface|2|19",
            "SprayBottle|surface|2|16",
            "Pan|surface|2|2"
        ],
        [
            "Kettle|surface|2|26",
            "Bowl|surface|2|25",
            "Knife|surface|2|19",
            "SprayBottle|surface|2|16",
            "Pan|surface|2|2"
        ]
    ],
    "openable_objects": [
        [],
        [],
        [],
        [],
        [],
        [],
        [],
        [],
        [
            "Kettle|surface|2|26"
        ],
        [
            "Kettle|surface|2|26"
        ],
        [
            "Kettle|surface|2|26"
        ],
        [
            "Kettle|surface|2|26"
        ]
    ]
}