{
    "house_id": 711,
    "intentions": [],
    "target_object_type": "Mug",
    "frames_dir": "expert_annotations/frames/house_711/Mug/",
    "actions": [
        {
            "action": "RotateLeft",
            "intentions": null,
            "pickedObject": null,
            "openedObject": null
        },
        {
            "action": "MoveAhead",
            "intentions": null,
            "pickedObject": null,
            "openedObject": null
        },
        {
            "action": "MoveAhead",
            "intentions": null,
            "pickedObject": null,
            "openedObject": null
        },
        {
            "action": "MoveRight",
            "intentions": null,
            "pickedObject": null,
            "openedObject": null
        },
        {
            "action": "MoveAhead",
            "intentions": null,
            "pickedObject": null,
            "openedObject": null
        },
        {
            "action": "MoveAhead",
            "intentions": "We entered the dining room",
            "pickedObject": null,
            "openedObject": null
        },
        {
            "action": "MoveAhead",
            "intentions": null,
            "pickedObject": null,
            "openedObject": null
        },
        {
            "action": "MoveAhead",
            "intentions": null,
            "pickedObject": null,
            "openedObject": null
        },
        {
            "action": "MoveAhead",
            "intentions": null,
            "pickedObject": null,
            "openedObject": null
        },
        {
            "action": "MoveRight",
            "intentions": null,
            "pickedObject": null,
            "openedObject": null
        },
        {
            "action": "MoveRight",
            "intentions": null,
            "pickedObject": null,
            "openedObject": null
        },
        {
            "action": "MoveRight",
            "intentions": null,
            "pickedObject": null,
            "openedObject": null
        },
        {
            "action": "MoveRight",
            "intentions": null,
            "pickedObject": null,
            "openedObject": null
        },
        {
            "action": "MoveRight",
            "intentions": null,
            "pickedObject": null,
            "openedObject": null
        },
        {
            "action": "RotateRight",
            "intentions": null,
            "pickedObject": null,
            "openedObject": null
        },
        {
            "action": "MoveAhead",
            "intentions": null,
            "pickedObject": null,
            "openedObject": null
        },
        {
            "action": "MoveAhead",
            "intentions": null,
            "pickedObject": null,
            "openedObject": null
        },
        {
            "action": "MoveLeft",
            "intentions": null,
            "pickedObject": null,
            "openedObject": null
        },
        {
            "action": "MoveLeft",
            "intentions": null,
            "pickedObject": null,
            "openedObject": null
        },
        {
            "action": "MoveLeft",
            "intentions": null,
            "pickedObject": null,
            "openedObject": null
        },
        {
            "action": "MoveAhead",
            "intentions": "we can see some objects, looks like kitchen",
            "pickedObject": null,
            "openedObject": null
        },
        {
            "action": "PickUpObject",
            "intentions": null,
            "pickedObject": "Mug|surface|2|15",
            "openedObject": null
        },
        {
            "action": "end",
            "intentions": null,
            "pickedObject": null,
            "openedObject": null
        }
    ],
    "pickupable_objects": [
        [],
        [],
        [],
        [],
        [],
        [],
        [],
        [],
        [
            "Kettle|surface|2|26",
            "Bowl|surface|2|25",
            "Knife|surface|2|19",
            "Pen|surface|2|11",
            "Pan|surface|2|2"
        ],
        [
            "Kettle|surface|2|26",
            "Bowl|surface|2|25",
            "Knife|surface|2|19",
            "SprayBottle|surface|2|16",
            "Pen|surface|2|11",
            "Pan|surface|2|2"
        ],
        [
            "Kettle|surface|2|26",
            "Bowl|surface|2|25",
            "Plate|surface|2|20",
            "Knife|surface|2|19",
            "SprayBottle|surface|2|16",
            "Pen|surface|2|11",
            "Pan|surface|2|2"
        ],
        [
            "Kettle|surface|2|26",
            "Bowl|surface|2|25",
            "Plate|surface|2|20",
            "Knife|surface|2|19",
            "SprayBottle|surface|2|16",
            "Pen|surface|2|11",
            "Pan|surface|2|2"
        ],
        [
            "Kettle|surface|2|26",
            "Bowl|surface|2|25",
            "Plate|surface|2|20",
            "Knife|surface|2|19",
            "SprayBottle|surface|2|16",
            "Pen|surface|2|11",
            "Pan|surface|2|2"
        ],
        [
            "Bowl|surface|2|25",
            "Plate|surface|2|20",
            "Knife|surface|2|19",
            "SprayBottle|surface|2|16",
            "Pen|surface|2|11",
            "Pan|surface|2|2"
        ],
        [
            "Plate|surface|2|20",
            "SprayBottle|surface|2|16",
            "Pen|surface|2|11"
        ],
        [],
        [
            "Mug|surface|2|15"
        ],
        [
            "Cup|surface|2|28",
            "Fork|surface|2|24",
            "Fork|surface|2|23",
            "Fork|surface|2|22",
            "Knife|surface|2|10",
            "Vase|surface|2|7",
            "ButterKnife|surface|2|6",
            "ButterKnife|surface|2|5",
            "Tomato|surface|2|0"
        ],
        [
            "Cup|surface|2|28",
            "Fork|surface|2|23",
            "Fork|surface|2|22",
            "DishSponge|surface|2|21",
            "Mug|surface|2|15",
            "SoapBottle|surface|2|12",
            "Knife|surface|2|10",
            "PepperShaker|surface|2|8",
            "Vase|surface|2|7",
            "ButterKnife|surface|2|6",
            "ButterKnife|surface|2|5",
            "SaltShaker|surface|2|3",
            "Tomato|surface|2|1"
        ],
        [
            "Cup|surface|2|28",
            "Apple|surface|2|27",
            "Fork|surface|2|23",
            "DishSponge|surface|2|21",
            "Spoon|surface|2|18",
            "Spoon|surface|2|17",
            "Mug|surface|2|15",
            "SoapBottle|surface|2|12",
            "Knife|surface|2|10",
            "PepperShaker|surface|2|8",
            "Vase|surface|2|7",
            "ButterKnife|surface|2|6",
            "ButterKnife|surface|2|5",
            "Ladle|surface|2|4",
            "SaltShaker|surface|2|3",
            "Tomato|surface|2|1"
        ],
        [
            "Cup|surface|2|28",
            "Apple|surface|2|27",
            "DishSponge|surface|2|21",
            "Spoon|surface|2|18",
            "Spoon|surface|2|17",
            "Mug|surface|2|15",
            "SoapBottle|surface|2|12",
            "Knife|surface|2|10",
            "PepperShaker|surface|2|8",
            "Vase|surface|2|7",
            "ButterKnife|surface|2|6",
            "Ladle|surface|2|4",
            "SaltShaker|surface|2|3",
            "Tomato|surface|2|1"
        ],
        [
            "Cup|surface|2|28",
            "Apple|surface|2|27",
            "DishSponge|surface|2|21",
            "Spoon|surface|2|18",
            "Spoon|surface|2|17",
            "Mug|surface|2|15",
            "SoapBottle|surface|2|12",
            "Knife|surface|2|10",
            "PepperShaker|surface|2|8",
            "Vase|surface|2|7",
            "ButterKnife|surface|2|6",
            "Ladle|surface|2|4",
            "SaltShaker|surface|2|3",
            "Tomato|surface|2|1"
        ],
        [
            "Cup|surface|2|28",
            "Apple|surface|2|27",
            "DishSponge|surface|2|21",
            "Spoon|surface|2|18",
            "Spoon|surface|2|17",
            "Mug|surface|2|15",
            "SoapBottle|surface|2|12",
            "Knife|surface|2|10",
            "Vase|surface|2|7",
            "ButterKnife|surface|2|6",
            "Ladle|surface|2|4",
            "SaltShaker|surface|2|3",
            "Tomato|surface|2|1"
        ]
    ],
    "openable_objects": [
        [],
        [],
        [],
        [],
        [],
        [],
        [],
        [],
        [
            "Kettle|surface|2|26"
        ],
        [
            "Kettle|surface|2|26"
        ],
        [
            "Kettle|surface|2|26"
        ],
        [
            "Kettle|surface|2|26"
        ],
        [
            "Kettle|surface|2|26"
        ],
        [],
        [],
        [],
        [],
        [],
        [],
        [],
        [],
        [],
        []
    ]
}