{
    "house_id": 565,
    "intentions": [],
    "target_object_type": "Mug",
    "frames_dir": "expert_annotations/frames/house_565/Mug/",
    "actions": [
        {
            "action": "MoveAhead",
            "intentions": null,
            "pickedObject": null,
            "openedObject": null
        },
        {
            "action": "MoveAhead",
            "intentions": null,
            "pickedObject": null,
            "openedObject": null
        },
        {
            "action": "MoveAhead",
            "intentions": null,
            "pickedObject": null,
            "openedObject": null
        },
        {
            "action": "RotateRight",
            "intentions": null,
            "pickedObject": null,
            "openedObject": null
        },
        {
            "action": "MoveAhead",
            "intentions": null,
            "pickedObject": null,
            "openedObject": null
        },
        {
            "action": "MoveAhead",
            "intentions": null,
            "pickedObject": null,
            "openedObject": null
        },
        {
            "action": "MoveAhead",
            "intentions": null,
            "pickedObject": null,
            "openedObject": null
        },
        {
            "action": "MoveLeft",
            "intentions": null,
            "pickedObject": null,
            "openedObject": null
        },
        {
            "action": "MoveLeft",
            "intentions": null,
            "pickedObject": null,
            "openedObject": null
        },
        {
            "action": "MoveAhead",
            "intentions": null,
            "pickedObject": null,
            "openedObject": null
        },
        {
            "action": "PickUpObject",
            "intentions": "we can see the mug",
            "pickedObject": "Mug|surface|2|10",
            "openedObject": null
        },
        {
            "action": "end",
            "intentions": null,
            "pickedObject": null,
            "openedObject": null
        }
    ],
    "pickupable_objects": [
        [],
        [],
        [],
        [],
        [],
        [],
        [],
        [
            "Bread|surface|2|9",
            "SoapBottle|surface|2|5"
        ],
        [
            "Lettuce|surface|2|12",
            "Cup|surface|2|11",
            "Bread|surface|2|9",
            "SoapBottle|surface|2|5"
        ],
        [
            "Fork|surface|2|16",
            "Lettuce|surface|2|12",
            "Cup|surface|2|11",
            "Bread|surface|2|9",
            "PaperTowelRoll|surface|2|8",
            "SoapBottle|surface|2|5"
        ],
        [
            "Fork|surface|2|16",
            "Lettuce|surface|2|12",
            "Cup|surface|2|11",
            "Mug|surface|2|10",
            "Bread|surface|2|9",
            "PaperTowelRoll|surface|2|8",
            "SoapBottle|surface|2|5",
            "Kettle|surface|2|4"
        ],
        [
            "Fork|surface|2|16",
            "Lettuce|surface|2|12",
            "Cup|surface|2|11",
            "Mug|surface|2|10",
            "Bread|surface|2|9",
            "PaperTowelRoll|surface|2|8",
            "SoapBottle|surface|2|5",
            "Kettle|surface|2|4"
        ]
    ],
    "openable_objects": [
        [],
        [],
        [],
        [],
        [],
        [],
        [],
        [
            "Microwave|surface|2|1"
        ],
        [
            "Microwave|surface|2|1"
        ],
        [
            "Microwave|surface|2|1"
        ],
        [
            "Kettle|surface|2|4",
            "Microwave|surface|2|1"
        ],
        [
            "Kettle|surface|2|4",
            "Microwave|surface|2|1"
        ]
    ]
}