,Unnamed: 0,image,prompt,action,gpt_prompt
0,0,frame_0.jpg,"a person standing in front of a door in a room, an ambient occlusion render, inspired by Leandro Erlich, photorealism, highly realistic. live cam, pc game with ui, black cloak hidden in shadows, streaming on twitch, detailed photo of virtual world, tall door, volumetric lighting — w 6 4 0","

The next best possible single action is to open the door in front of you and the intention is to enter the room.","I am in an unknown house.

This is the floorplan, from a top-down view.
On the bottom left, is the kitchen with a refrigerator in front, where you are currently located. To the right of the current position, is the drawing room which has a table near the entry, a sofa and a T.V in front of it. Connecting to the kitchen on the top right is a rectangular bedroom in a verticle fashion which can be entered through a door in the kitchen. In the bedroom on the bottom right corner is a bathroom which can be entered from the bedroom.

The goal is to find the shortest path to the Apple, giving a detailed step-by-step trajectory.

We are given the frame description as follows - 
a person standing in front of a door in a room, an ambient occlusion render, inspired by Leandro Erlich, photorealism, highly realistic. live cam, pc game with ui, black cloak hidden in shadows, streaming on twitch, detailed photo of virtual world, tall door, volumetric lighting — w 6 4 0

Generate the next best possible single action and the intention behind the action as colon-separated action and intention."
1,1,frame_1.jpg,"a computer desk sitting in a room next to a door, a screenshot, inspired by Jozef Simmler, building cover with plant, android phones, third-person view, death grips, large potted plant, creating a soft, tall door, stable diffusion ai as a human, gipf project, listing image","

The next best possible single action is to walk to the right and enter the drawing room. The intention behind the action is to find the apple.","I am in an unknown house.

This is the floorplan, from a top-down view.
On the bottom left, is the kitchen with a refrigerator in front, where you are currently located. To the right of the current position, is the drawing room which has a table near the entry, a sofa and a T.V in front of it. Connecting to the kitchen on the top right is a rectangular bedroom in a verticle fashion which can be entered through a door in the kitchen. In the bedroom on the bottom right corner is a bathroom which can be entered from the bedroom.

The goal is to find the shortest path to the Apple, giving a detailed step-by-step trajectory.

We are given the frame description as follows - 
a computer desk sitting in a room next to a door, a screenshot, inspired by Jozef Simmler, building cover with plant, android phones, third-person view, death grips, large potted plant, creating a soft, tall door, stable diffusion ai as a human, gipf project, listing image

Generate the next best possible single action and the intention behind the action as colon-separated action and intention."
2,2,frame_2.jpg,"a computer generated image of a living room, a screenshot, inspired by John Crawford Brown, kafkaesque, third - person, blue scheme, first-person, people looking at a house, 64x64, police station, streaming on twitch, ue marketplace, dirty apartment, first person","

The next best possible single action would be to walk towards the sofa in the drawing room, with the intention of finding a way out of the house.","I am in an unknown house.

This is the floorplan, from a top-down view.
On the bottom left, is the kitchen with a refrigerator in front, where you are currently located. To the right of the current position, is the drawing room which has a table near the entry, a sofa and a T.V in front of it. Connecting to the kitchen on the top right is a rectangular bedroom in a verticle fashion which can be entered through a door in the kitchen. In the bedroom on the bottom right corner is a bathroom which can be entered from the bedroom.

The goal is to find the shortest path to the Apple, giving a detailed step-by-step trajectory.

We are given the frame description as follows - 
a computer generated image of a living room, a screenshot, inspired by John Crawford Brown, kafkaesque, third - person, blue scheme, first-person, people looking at a house, 64x64, police station, streaming on twitch, ue marketplace, dirty apartment, first person

Generate the next best possible single action and the intention behind the action as colon-separated action and intention."
3,3,frame_3.jpg,"a room with a desk and a chair in it, a screenshot, net art, third person gameplay, appgamekit, crime scene, blue: 0.5, mit technology review, destroying houses, ssao, boissb - blanca. j, gamedesign, hand on the doorknob, various scenarios, 64x64","

The next best possible single action would be to move towards the door in the kitchen in order to enter the bedroom. The intention behind this action would be to find the Apple.","I am in an unknown house.

This is the floorplan, from a top-down view.
On the bottom left, is the kitchen with a refrigerator in front, where you are currently located. To the right of the current position, is the drawing room which has a table near the entry, a sofa and a T.V in front of it. Connecting to the kitchen on the top right is a rectangular bedroom in a verticle fashion which can be entered through a door in the kitchen. In the bedroom on the bottom right corner is a bathroom which can be entered from the bedroom.

The goal is to find the shortest path to the Apple, giving a detailed step-by-step trajectory.

We are given the frame description as follows - 
a room with a desk and a chair in it, a screenshot, net art, third person gameplay, appgamekit, crime scene, blue: 0.5, mit technology review, destroying houses, ssao, boissb - blanca. j, gamedesign, hand on the doorknob, various scenarios, 64x64

Generate the next best possible single action and the intention behind the action as colon-separated action and intention."
4,4,frame_4.jpg,"a room with a desk and a chair in it, a screenshot, inspired by John Crawford Brown, security camera footage, 2 5 6 x 2 5 6, mobile learning app prototype, jerma985, apartment, 64x64, blue image, mit technology review, third person gameplay, images","

The next best possible single action would be to move towards the drawing room, and the intention behind the action would be to find the Apple.","I am in an unknown house.

This is the floorplan, from a top-down view.
On the bottom left, is the kitchen with a refrigerator in front, where you are currently located. To the right of the current position, is the drawing room which has a table near the entry, a sofa and a T.V in front of it. Connecting to the kitchen on the top right is a rectangular bedroom in a verticle fashion which can be entered through a door in the kitchen. In the bedroom on the bottom right corner is a bathroom which can be entered from the bedroom.

The goal is to find the shortest path to the Apple, giving a detailed step-by-step trajectory.

We are given the frame description as follows - 
a room with a desk and a chair in it, a screenshot, inspired by John Crawford Brown, security camera footage, 2 5 6 x 2 5 6, mobile learning app prototype, jerma985, apartment, 64x64, blue image, mit technology review, third person gameplay, images

Generate the next best possible single action and the intention behind the action as colon-separated action and intention."
5,5,frame_5.jpg,"a room with a desk and a chair in it, a screenshot, inspired by Balthus, postminimalism, using a vr headset, mit technology review, police tape, japan studio game, mobile, app, e3, 2 0 1 9, an eerie, unsettling photo, realosm, # fututistic","

The next best possible single action is to walk to the right, towards the drawing room. The intention behind this action is to find the Apple.","I am in an unknown house.

This is the floorplan, from a top-down view.
On the bottom left, is the kitchen with a refrigerator in front, where you are currently located. To the right of the current position, is the drawing room which has a table near the entry, a sofa and a T.V in front of it. Connecting to the kitchen on the top right is a rectangular bedroom in a verticle fashion which can be entered through a door in the kitchen. In the bedroom on the bottom right corner is a bathroom which can be entered from the bedroom.

The goal is to find the shortest path to the Apple, giving a detailed step-by-step trajectory.

We are given the frame description as follows - 
a room with a desk and a chair in it, a screenshot, inspired by Balthus, postminimalism, using a vr headset, mit technology review, police tape, japan studio game, mobile, app, e3, 2 0 1 9, an eerie, unsettling photo, realosm, # fututistic

Generate the next best possible single action and the intention behind the action as colon-separated action and intention."
6,6,frame_6.jpg,"a room with a desk and a chair in it, a screenshot, inspired by Pieter de Hooch, postminimalism, north korean slasher, eyelevel perspective image, japan studio game, security camera photo, cameraphone 2002, blue image, 2 0 1 9, apartment of an art student","

The next best possible single action would be to move from the current position in the kitchen to the bedroom, with the intention of finding the apple.","I am in an unknown house.

This is the floorplan, from a top-down view.
On the bottom left, is the kitchen with a refrigerator in front, where you are currently located. To the right of the current position, is the drawing room which has a table near the entry, a sofa and a T.V in front of it. Connecting to the kitchen on the top right is a rectangular bedroom in a verticle fashion which can be entered through a door in the kitchen. In the bedroom on the bottom right corner is a bathroom which can be entered from the bedroom.

The goal is to find the shortest path to the Apple, giving a detailed step-by-step trajectory.

We are given the frame description as follows - 
a room with a desk and a chair in it, a screenshot, inspired by Pieter de Hooch, postminimalism, north korean slasher, eyelevel perspective image, japan studio game, security camera photo, cameraphone 2002, blue image, 2 0 1 9, apartment of an art student

Generate the next best possible single action and the intention behind the action as colon-separated action and intention."
7,7,frame_7.jpg,"a room with a desk and a chair in it, a screenshot, inspired by Pieter de Hooch, postminimalism, furry paw pov art, tall door, an approaching shadow, wearing vr, profile picture 1024px, autechre, construction, noise rock album cover, blue shadows, destroying houses","

The next best possible single action would be to walk towards the door in the kitchen in order to exit the room and enter the drawing room. The intention behind this action would be to explore the different rooms in the house in order to find the apple.","I am in an unknown house.

This is the floorplan, from a top-down view.
On the bottom left, is the kitchen with a refrigerator in front, where you are currently located. To the right of the current position, is the drawing room which has a table near the entry, a sofa and a T.V in front of it. Connecting to the kitchen on the top right is a rectangular bedroom in a verticle fashion which can be entered through a door in the kitchen. In the bedroom on the bottom right corner is a bathroom which can be entered from the bedroom.

The goal is to find the shortest path to the Apple, giving a detailed step-by-step trajectory.

We are given the frame description as follows - 
a room with a desk and a chair in it, a screenshot, inspired by Pieter de Hooch, postminimalism, furry paw pov art, tall door, an approaching shadow, wearing vr, profile picture 1024px, autechre, construction, noise rock album cover, blue shadows, destroying houses

Generate the next best possible single action and the intention behind the action as colon-separated action and intention."
8,8,frame_8.jpg,"a bathroom with a toilet and a sink, a screenshot, inspired by Rube Goldberg, superflat, extreme log shot, long dark hallway, sword pointed at sky, third person gameplay, the photo shows a large, scratching post, totorrl, height 1 7 8, gamedev, detail content","

The next best possible single action is to walk to the right, towards the drawing room. The intention is to find the apple.","I am in an unknown house.

This is the floorplan, from a top-down view.
On the bottom left, is the kitchen with a refrigerator in front, where you are currently located. To the right of the current position, is the drawing room which has a table near the entry, a sofa and a T.V in front of it. Connecting to the kitchen on the top right is a rectangular bedroom in a verticle fashion which can be entered through a door in the kitchen. In the bedroom on the bottom right corner is a bathroom which can be entered from the bedroom.

The goal is to find the shortest path to the Apple, giving a detailed step-by-step trajectory.

We are given the frame description as follows - 
a bathroom with a toilet and a sink, a screenshot, inspired by Rube Goldberg, superflat, extreme log shot, long dark hallway, sword pointed at sky, third person gameplay, the photo shows a large, scratching post, totorrl, height 1 7 8, gamedev, detail content

Generate the next best possible single action and the intention behind the action as colon-separated action and intention."
9,9,frame_9.jpg,"a room with a desk and a chair in it, a screenshot, inspired by Pieter de Hooch, new objectivity, stable diffusion ai, with cactus plants in the room, screenshot from the game, streaming on twitch, the artist has used bright, game icon asset, apartment, sit - com","

The next best possible single action would be to move towards the door in the kitchen that leads to the bedroom, with the intention of finding the apple.","I am in an unknown house.

This is the floorplan, from a top-down view.
On the bottom left, is the kitchen with a refrigerator in front, where you are currently located. To the right of the current position, is the drawing room which has a table near the entry, a sofa and a T.V in front of it. Connecting to the kitchen on the top right is a rectangular bedroom in a verticle fashion which can be entered through a door in the kitchen. In the bedroom on the bottom right corner is a bathroom which can be entered from the bedroom.

The goal is to find the shortest path to the Apple, giving a detailed step-by-step trajectory.

We are given the frame description as follows - 
a room with a desk and a chair in it, a screenshot, inspired by Pieter de Hooch, new objectivity, stable diffusion ai, with cactus plants in the room, screenshot from the game, streaming on twitch, the artist has used bright, game icon asset, apartment, sit - com

Generate the next best possible single action and the intention behind the action as colon-separated action and intention."
10,10,frame_10.jpg,"a computer desk in a room with a picture on the wall, a screenshot, inspired by Pieter de Hooch, new objectivity, giving flasks to other gnomes, unity engine, perfect dark, invisible man, .highly realistic, twitch streamer, realityengine, drinking and smoking, green: 0.25","

The next best possible single action is to walk to the drawing room. The intention behind the action is to find the Apple.","I am in an unknown house.

This is the floorplan, from a top-down view.
On the bottom left, is the kitchen with a refrigerator in front, where you are currently located. To the right of the current position, is the drawing room which has a table near the entry, a sofa and a T.V in front of it. Connecting to the kitchen on the top right is a rectangular bedroom in a verticle fashion which can be entered through a door in the kitchen. In the bedroom on the bottom right corner is a bathroom which can be entered from the bedroom.

The goal is to find the shortest path to the Apple, giving a detailed step-by-step trajectory.

We are given the frame description as follows - 
a computer desk in a room with a picture on the wall, a screenshot, inspired by Pieter de Hooch, new objectivity, giving flasks to other gnomes, unity engine, perfect dark, invisible man, .highly realistic, twitch streamer, realityengine, drinking and smoking, green: 0.25

Generate the next best possible single action and the intention behind the action as colon-separated action and intention."
11,11,frame_11.jpg,"a room with a desk and a chair in it, a screenshot, inspired by Giorgio Morandi, style of mirror\'s edge, beer bottle, gameplay screenshot with ui, streaming on twitch, cobalt, bookshelf, destructible enviorments, teapots, epic graphics, toon - shading, vase","

The next best possible single action is to move from the current position in the kitchen to the drawing room, and the intention behind the action is to find the apple.","I am in an unknown house.

This is the floorplan, from a top-down view.
On the bottom left, is the kitchen with a refrigerator in front, where you are currently located. To the right of the current position, is the drawing room which has a table near the entry, a sofa and a T.V in front of it. Connecting to the kitchen on the top right is a rectangular bedroom in a verticle fashion which can be entered through a door in the kitchen. In the bedroom on the bottom right corner is a bathroom which can be entered from the bedroom.

The goal is to find the shortest path to the Apple, giving a detailed step-by-step trajectory.

We are given the frame description as follows - 
a room with a desk and a chair in it, a screenshot, inspired by Giorgio Morandi, style of mirror\'s edge, beer bottle, gameplay screenshot with ui, streaming on twitch, cobalt, bookshelf, destructible enviorments, teapots, epic graphics, toon - shading, vase

Generate the next best possible single action and the intention behind the action as colon-separated action and intention."
12,12,frame_12.jpg,"a computer desk in a room with a picture on the wall, a screenshot, inspired by Pieter de Hooch, new objectivity, videogame asset, portrait of a starving ai artist, short bookshelf, blue colored, highly realistic. live cam, gamedesign, streaming on twitch, roblox, vase, gui","

Move to the bedroom: The goal is to find the apple, and the bedroom is the closest room to the kitchen.","I am in an unknown house.

This is the floorplan, from a top-down view.
On the bottom left, is the kitchen with a refrigerator in front, where you are currently located. To the right of the current position, is the drawing room which has a table near the entry, a sofa and a T.V in front of it. Connecting to the kitchen on the top right is a rectangular bedroom in a verticle fashion which can be entered through a door in the kitchen. In the bedroom on the bottom right corner is a bathroom which can be entered from the bedroom.

The goal is to find the shortest path to the Apple, giving a detailed step-by-step trajectory.

We are given the frame description as follows - 
a computer desk in a room with a picture on the wall, a screenshot, inspired by Pieter de Hooch, new objectivity, videogame asset, portrait of a starving ai artist, short bookshelf, blue colored, highly realistic. live cam, gamedesign, streaming on twitch, roblox, vase, gui

Generate the next best possible single action and the intention behind the action as colon-separated action and intention."
13,13,frame_13.jpg,"a room that has a desk and a chair in it, a screenshot, inspired by Rube Goldberg, new objectivity, holding wine bottle, skyscraper, standing on a shelf, the man have a backpack, upper body avatar, streaming on twitch, developers, short bookshelf, blue image, test, an ai generated image","

The next best possible single action is to walk to the drawing room. The intention behind the action is to find the Apple.","I am in an unknown house.

This is the floorplan, from a top-down view.
On the bottom left, is the kitchen with a refrigerator in front, where you are currently located. To the right of the current position, is the drawing room which has a table near the entry, a sofa and a T.V in front of it. Connecting to the kitchen on the top right is a rectangular bedroom in a verticle fashion which can be entered through a door in the kitchen. In the bedroom on the bottom right corner is a bathroom which can be entered from the bedroom.

The goal is to find the shortest path to the Apple, giving a detailed step-by-step trajectory.

We are given the frame description as follows - 
a room that has a desk and a chair in it, a screenshot, inspired by Rube Goldberg, new objectivity, holding wine bottle, skyscraper, standing on a shelf, the man have a backpack, upper body avatar, streaming on twitch, developers, short bookshelf, blue image, test, an ai generated image

Generate the next best possible single action and the intention behind the action as colon-separated action and intention."
14,14,frame_14.jpg,"a room with a desk and a chair in it, a screenshot, inspired by Rube Goldberg, new objectivity, short bookshelf, vase, blue image, stable diffusion ai, placed in a living room, avatar image, plants growing, shaded lighting, listing image, in game","

The best possible single action would be to walk to the living room and pick up the apple. The intention behind the action would be to get the apple.","I am in an unknown house.

This is the floorplan, from a top-down view.
On the bottom left, is the kitchen with a refrigerator in front, where you are currently located. To the right of the current position, is the drawing room which has a table near the entry, a sofa and a T.V in front of it. Connecting to the kitchen on the top right is a rectangular bedroom in a verticle fashion which can be entered through a door in the kitchen. In the bedroom on the bottom right corner is a bathroom which can be entered from the bedroom.

The goal is to find the shortest path to the Apple, giving a detailed step-by-step trajectory.

We are given the frame description as follows - 
a room with a desk and a chair in it, a screenshot, inspired by Rube Goldberg, new objectivity, short bookshelf, vase, blue image, stable diffusion ai, placed in a living room, avatar image, plants growing, shaded lighting, listing image, in game

Generate the next best possible single action and the intention behind the action as colon-separated action and intention."
15,15,frame_15.jpg,"a blue vase sitting on top of a wooden shelf, inspired by Rube Goldberg, polycount, postminimalism, wielding a wrench, portrait of a small character, unity engine, lag in the game, realistic shadows, 1km tall, inspect in inventory image, tall building","

The next best possible single action is to walk to the drawing room. The intention is to find the apple.","I am in an unknown house.

This is the floorplan, from a top-down view.
On the bottom left, is the kitchen with a refrigerator in front, where you are currently located. To the right of the current position, is the drawing room which has a table near the entry, a sofa and a T.V in front of it. Connecting to the kitchen on the top right is a rectangular bedroom in a verticle fashion which can be entered through a door in the kitchen. In the bedroom on the bottom right corner is a bathroom which can be entered from the bedroom.

The goal is to find the shortest path to the Apple, giving a detailed step-by-step trajectory.

We are given the frame description as follows - 
a blue vase sitting on top of a wooden shelf, inspired by Rube Goldberg, polycount, postminimalism, wielding a wrench, portrait of a small character, unity engine, lag in the game, realistic shadows, 1km tall, inspect in inventory image, tall building

Generate the next best possible single action and the intention behind the action as colon-separated action and intention."
16,16,frame_16.jpg,"a blue vase sitting on top of a table, inspired by René Magritte, polycount, objective abstraction, apples on the ground, upper body 2d game avatar, in blueprint form, shelf, controlling shadows, tomato, quake engine, jerma in a liminal space, apples, eggplant","

The next best possible single action would be to move towards the drawing room, with the intention of finding the apple.","I am in an unknown house.

This is the floorplan, from a top-down view.
On the bottom left, is the kitchen with a refrigerator in front, where you are currently located. To the right of the current position, is the drawing room which has a table near the entry, a sofa and a T.V in front of it. Connecting to the kitchen on the top right is a rectangular bedroom in a verticle fashion which can be entered through a door in the kitchen. In the bedroom on the bottom right corner is a bathroom which can be entered from the bedroom.

The goal is to find the shortest path to the Apple, giving a detailed step-by-step trajectory.

We are given the frame description as follows - 
a blue vase sitting on top of a table, inspired by René Magritte, polycount, objective abstraction, apples on the ground, upper body 2d game avatar, in blueprint form, shelf, controlling shadows, tomato, quake engine, jerma in a liminal space, apples, eggplant

Generate the next best possible single action and the intention behind the action as colon-separated action and intention."
