image,prompt
frame_0.jpg,"a person standing in front of a door in a room, an ambient occlusion render, inspired by Leandro Erlich, photorealism, highly realistic. live cam, pc game with ui, black cloak hidden in shadows, streaming on twitch, detailed photo of virtual world, tall door, volumetric lighting — w 6 4 0"
frame_1.jpg,"a computer desk sitting in a room next to a door, a screenshot, inspired by Jozef Simmler, building cover with plant, android phones, third-person view, death grips, large potted plant, creating a soft, tall door, stable diffusion ai as a human, gipf project, listing image"
frame_2.jpg,"a computer generated image of a living room, a screenshot, inspired by John Crawford Brown, kafkaesque, third - person, blue scheme, first-person, people looking at a house, 64x64, police station, streaming on twitch, ue marketplace, dirty apartment, first person"
frame_3.jpg,"a room with a desk and a chair in it, a screenshot, net art, third person gameplay, appgamekit, crime scene, blue: 0.5, mit technology review, destroying houses, ssao, boissb - blanca. j, gamedesign, hand on the doorknob, various scenarios, 64x64"
frame_4.jpg,"a room with a desk and a chair in it, a screenshot, inspired by John Crawford Brown, security camera footage, 2 5 6 x 2 5 6, mobile learning app prototype, jerma985, apartment, 64x64, blue image, mit technology review, third person gameplay, images"
frame_5.jpg,"a room with a desk and a chair in it, a screenshot, inspired by Balthus, postminimalism, using a vr headset, mit technology review, police tape, japan studio game, mobile, app, e3, 2 0 1 9, an eerie, unsettling photo, realosm, # fututistic"
frame_6.jpg,"a room with a desk and a chair in it, a screenshot, inspired by Pieter de Hooch, postminimalism, north korean slasher, eyelevel perspective image, japan studio game, security camera photo, cameraphone 2002, blue image, 2 0 1 9, apartment of an art student"
frame_7.jpg,"a room with a desk and a chair in it, a screenshot, inspired by Pieter de Hooch, postminimalism, furry paw pov art, tall door, an approaching shadow, wearing vr, profile picture 1024px, autechre, construction, noise rock album cover, blue shadows, destroying houses"
frame_8.jpg,"a bathroom with a toilet and a sink, a screenshot, inspired by Rube Goldberg, superflat, extreme log shot, long dark hallway, sword pointed at sky, third person gameplay, the photo shows a large, scratching post, totorrl, height 1 7 8, gamedev, detail content"
frame_9.jpg,"a room with a desk and a chair in it, a screenshot, inspired by Pieter de Hooch, new objectivity, stable diffusion ai, with cactus plants in the room, screenshot from the game, streaming on twitch, the artist has used bright, game icon asset, apartment, sit - com"
frame_10.jpg,"a computer desk in a room with a picture on the wall, a screenshot, inspired by Pieter de Hooch, new objectivity, giving flasks to other gnomes, unity engine, perfect dark, invisible man, .highly realistic, twitch streamer, realityengine, drinking and smoking, green: 0.25"
frame_11.jpg,"a room with a desk and a chair in it, a screenshot, inspired by Giorgio Morandi, style of mirror\'s edge, beer bottle, gameplay screenshot with ui, streaming on twitch, cobalt, bookshelf, destructible enviorments, teapots, epic graphics, toon - shading, vase"
frame_12.jpg,"a computer desk in a room with a picture on the wall, a screenshot, inspired by Pieter de Hooch, new objectivity, videogame asset, portrait of a starving ai artist, short bookshelf, blue colored, highly realistic. live cam, gamedesign, streaming on twitch, roblox, vase, gui"
frame_13.jpg,"a room that has a desk and a chair in it, a screenshot, inspired by Rube Goldberg, new objectivity, holding wine bottle, skyscraper, standing on a shelf, the man have a backpack, upper body avatar, streaming on twitch, developers, short bookshelf, blue image, test, an ai generated image"
frame_14.jpg,"a room with a desk and a chair in it, a screenshot, inspired by Rube Goldberg, new objectivity, short bookshelf, vase, blue image, stable diffusion ai, placed in a living room, avatar image, plants growing, shaded lighting, listing image, in game"
frame_15.jpg,"a blue vase sitting on top of a wooden shelf, inspired by Rube Goldberg, polycount, postminimalism, wielding a wrench, portrait of a small character, unity engine, lag in the game, realistic shadows, 1km tall, inspect in inventory image, tall building"
frame_16.jpg,"a blue vase sitting on top of a table, inspired by René Magritte, polycount, objective abstraction, apples on the ground, upper body 2d game avatar, in blueprint form, shelf, controlling shadows, tomato, quake engine, jerma in a liminal space, apples, eggplant"
