image,prompt
frame_0.jpg,"a room with a bed and a dresser, a raytraced image, inspired by Félix Vallotton, postminimalism, hand on the doorknob, jerma, design your own avatar, hairy legs, blue shadows, tall entry, the shining, empty floor, maple story, an ai generated image, arm"
frame_1.jpg,"a room with a bed and a desk in it, a screenshot, inspired by John Crawford Brown, blender npr, news archive, appgamekit"
frame_2.jpg,"a room with a bed, desk and television, a screenshot, inspired by Paul Kelpe, postminimalism, imagenet, using a vr headset, mit technology review, on amino, nursing home, japan studio game, alan turing, screenshot from the game, npr, vignette, n 6 4, cctv"
frame_3.jpg,"a room with a bed and a desk in it, a screenshot, inspired by John Crawford Brown, blender npr, news archive, appgamekit"
frame_4.jpg,"a room with a bed and a desk in it, a screenshot, inspired by John F. Peto, new objectivity, using a vr headset, gameplay footage, streaming on twitch, mit technology review, screenshot from the game, hand on the doorknob, gameplay, 64x64, 2.5d"
frame_5.jpg,"a room with a bed and a desk in it, a screenshot, inspired by John Crawford Brown, blender npr, black teenage boy, front page, mit technology review, plain walls |somber white eyes, mobile learning app prototype, toy room, realistic »"
frame_6.jpg,"a room with a bed and a desk in it, inspired by Paul Kelpe, postminimalism, puddle of milk, -h 960, siggraph, streaming on twitch, augmented reality, 1 9 9 9 aesthetic, 64x64, realistic human movement, bad dream, white map library, utradetailed"
frame_7.jpg,"a room with a bed, a dresser and a painting on the wall, inspired by Paul Kelpe, polycount, rules dream world, mit technology review, streaming on twitch, empty room, utradetailed, sports car in the room, inside a modern apartment, rtx graphics, a room"
frame_8.jpg,"a room with a bed, a dresser and pictures on the wall, a screenshot, polycount, postminimalism, mit technology review, mobile learning app prototype, sport game, psx screenshot, environments, fps game"
frame_9.jpg,"a room with a bed and a basketball on the floor, a screenshot, inspired by John Crawford Brown, postminimalism, mit technology review, mobile app, cgworld, 90 60 90, depth perception, uploaded, 9 5"
frame_10.jpg,"a bed room with a bed a dresser and a painting, inspired by Leandro Erlich, polycount, mobile learning app prototype, 3 rd person action adventure rpg, 64x64, prosthetic leg, streaming on twitch, quadrichromic, n 6 4, 16k 3d, gamedesign"
frame_11.jpg,"a room with a basketball ball on the floor, a screenshot, inspired by Félix Vallotton, postminimalism, head is an egg, interior gameplay screenshot, hand on the doorknob, listing image, blind brown man, left behind, blue edge"
frame_12.jpg,"a room with a door and a ball on the floor, a screenshot, inspired by John Crawford Brown, 2 0 0 6, third-person view, picture of a loft in morning, blue: 0.25, minimalissimo, blind brown man, an egg, first person screenshot, android format, white map library"
frame_13.jpg,"a room with a door and a football on the floor, a screenshot, inspired by John Crawford Brown, egg, 2007, first-person, built on a steep hill, soft lighting gradient. no text, in a dream, bed, no foliage, impossible stairs, early screen test, concept image"
frame_14.jpg,"a view of an open door in a room, a screenshot, inspired by John F. Peto, postminimalism, screenshot from the game, streaming on twitch, towering over the camera, stable diffusion ai as a human, without text, complete house, frostbite 3 engine rendered, first-person, cameraphone"
frame_15.jpg,"a room with a bed and a basketball on the floor, inspired by Paul Kelpe, postminimalism, head is an egg, siggraph, dakar, mit technology review, streaming on twitch, has a very realistic look to it, without text, frostbite engine, someone sits in bed, ycbcr"
frame_16.jpg,"a room with a bed and a basketball on the floor, inspired by Paul Kelpe, postminimalism, head is an egg, mobile app, 3d, mit technology review, higurashi, realistic », streaming on twitch, white map library, cgworld, absurdism, hyperrealstic, alarm clock"
frame_17.jpg,"a room that has a bed and a chair in it, a screenshot, postminimalism, mit technology review, frostbite 3 engine, third person perspective, android, imagenet, graphics, ground camera, apartment"
frame_18.jpg,"a bed room with a neatly made bed, a computer rendering, by Ben Enwonwu, postminimalism, mit technology review, mobile game asset, prosthetic leg, frostbite engine, security camera photo, ai researcher, streaming on twitch, lossless, avatar image, foreboding room"
frame_19.jpg,"a bed room with a neatly made bed, inspired by Richard Hamilton, polycount, postminimalism, cctv footage of a movie set, other bedrooms can be seen, using a vr headset, phantom dust gameplay screenshot, mit technology review, screenshot from the game, loss"
frame_20.jpg,"a room with a bed and a television in it, a raytraced image, postminimalism, garbage wheel bin, masked person in corner, an ai generated image, third-person view, android close to camera, japan studio game, (empty black void), photo 3 d, streaming, bed, arm"
frame_21.jpg,"a room with a bed and a television in it, a raytraced image, by Puru, net art, trash can, mobile learning app prototype, from disney pixar's up (2009), black face, dribbble, gta san andreas, 64x64, 2007 blog"
frame_22.jpg,"a room with a bed and a television in it, a screenshot, inspired by Malevich, prosthetic arm, 360, dribbble, black void, sink"
frame_23.jpg,"a bathroom with a toilet and a trash can, a raytraced image, net art, snow is falling, upper body avatar, black house, test, datanft as a data avatar, white concrete floor, black border: 0.75, floating objects, 5 7 9, third-person view"
frame_24.jpg,"a black trash can sitting on top of a white floor, a screenshot, inspired by Rube Goldberg, objective abstraction, portrait casting long shadows, portrait of gigachad, destroying the walls, no foliage, cameraphone 2002, jerma985, listing image, black face"
frame_25.jpg,"a man in a suit and tie standing in front of a wall, a raytraced image, giant carnation flower as a head, perfect shadow, bushy tail, antialiased, female image in shadow, the photo shows a large, single long stick, corruption, puffballs, the shadow, houseplants, image on the store website"
frame_26.jpg,"a room with a bed and a desk in it, a screenshot, inspired by William Home Lizars, net art, first-person, doors to various bedrooms, using a vr headset, white background with shadows, 64x64, listing image, bed, small path up to door, angular design, loss"
frame_27.jpg,"a room with a bed and a desk in it, a screenshot, inspired by Balthus, new objectivity, mit technology review, first-person, doors to various bedrooms, lowpoly, 2 0 0 7, streaming on twitch, white map library, utradetailed, -h 960, nursing home"
frame_28.jpg,"a room with a bed and a desk in it, a screenshot, inspired by Eero Snellman, new objectivity, first person perspective, mobile learning app prototype, japan studio game, doors to various bedrooms, jerma, 64x64, image, mit technology review, realosm"
frame_29.jpg,"a room with a bed and a desk in it, a screenshot, inspired by Edward Bailey, new objectivity, first person perspective, mobile learning app prototype, jerma985, half image, tall door, key is on the center of image, nitid horizon, map key, 8 1 5, b3d"
frame_30.jpg,"a room with a door and a table in it, a screenshot, inspired by Stanislav Zhukovsky, net art, style of mirror\'s edge, mobile learning app prototype, mit technology review, psychological horror, japan studio game, apartment design, utradetailed, 3-d"
frame_31.jpg,"a view of a living room from the hallway, a screenshot, inspired by Stanislav Zhukovsky, vinesauce, mobile learning app prototype, style of mirror\'s edge, higurashi, mit technology review, has a very realistic look to it, ai researcher, utradetailed"
frame_32.jpg,"a living room with a couch and a table, a digital rendering, inspired by John Crawford Brown, [ horror game ], mit technology review, ue marketplace, realisms, jerma985, many doorways, 64x64, the artist has used bright, empty floor, twitch streamer, lived in"
frame_33.jpg,"a computer generated image of a living room, inspired by William Home Lizars, virtual metaverse room, wooden floor boards, mobile learning app prototype, apartment hallway, depth blur, sunny environment, computer generated, bog, wood door, 50mp, bbloom"
frame_34.jpg,"a computer generated image of a living room, a screenshot, inspired by Eero Snellman, tall door, third-person view, mobile learning app prototype, orange: 0.5, streaming on twitch, 3 d highly detailed, small path up to door, pre-rendered, immersive"
frame_35.jpg,"a computer generated image of a living room, a screenshot, inspired by John Crawford Brown, full body profile camera shot, mobile learning app prototype, screenshot from the game, studio orange, mit technology review, vignette, first person screenshot, old apartment, spy, screenshot"
frame_36.jpg,"a living room filled with furniture and a door, a screenshot, inspired by Eero Snellman, female investigator, using a vr headset, mit technology review, streaming on twitch, 16k 3d, 3d quality, developers, osr"
frame_37.jpg,"a living room filled with furniture and a lamp, a screenshot, inspired by Marius Borgeaud, disassemble the computer, first-person, secret agent, is essentially arbitrary, totorrl, hgtv, streaming on twitch"
frame_38.jpg,"a living room filled with furniture and a lamp, a screenshot, inspired by Marius Borgeaud, computer - generated, unity engine, jerma, worm's eye view, destroying houses, hgtv, profile picture 1024px, tall entry, without text, realistic shapes, tall door, cell-shaded"
frame_39.jpg,"a living room filled with furniture and a lamp, a screenshot, inspired by Eero Snellman, first person view perspective, point-and-click adventure game, jerma985, streaming on twitch, ambient oclusion, mit technology review, angular, mob psycho 100, door"
frame_40.jpg,"a living room filled with furniture and a lamp, a screenshot, inspired by Marius Borgeaud, wearing a vr-headset, tall door, protagonist in foreground, sitcom screenshot, sharp focus on houses, small path up to door, post - apokalyptic, jerma, cell shaded graphics"
frame_41.jpg,"a living room with a couch and a television, a screenshot, inspired by John Crawford Brown, using a vr headset, many doorways, mit technology review, monsters inc"
frame_42.jpg,"a living room with a couch and a table, a screenshot, inspired by Marius Borgeaud, door to lab, eyelevel perspective image, hand on the doorknob, first-person, computer generated, someone in home sits in bed, jerma, creating a soft, goldsrc, obunga"
frame_43.jpg,"a living room with two couches and a coffee table, a raytraced image, inspired by Jozef Simmler, design your own avatar, with interior potted palm trees, rendered in unity 3 d, dynamic shadow, spoon placed, couch desk, field depth"
frame_44.jpg,"a living room with a couch and a coffee table, a screenshot, inspired by Balthus, 3 d icon for mobile game, mit technology review, sitting on the edge of a bed, first-person, sleep, no foliage, 64x64, moutains, fractal world, rendered in unreal"
