,Unnamed: 0,image,prompt,action,gpt_prompt
0,0,frame_0.jpg,"a room with a bed and a dresser, a raytraced image, inspired by Félix Vallotton, postminimalism, hand on the doorknob, jerma, design your own avatar, hairy legs, blue shadows, tall entry, the shining, empty floor, maple story, an ai generated image, arm","

The next best possible single action is to open the door leading to the master bedroom. The intention behind the action is to find the pillow.","I am in an unknown house.

This is the floorplan, from a top-down view.
On the bottom right, is a bedrooom in the house, where you currently are. To the right of the bedroom, is the master bedroom which has an entery to an additional childrens room. Connecting to the master bedroom on the top left is the drawing room with a sofa in it. In the mid bottom connecting to the drawing room is the kitchen and the dining area. On the left of the kitchen is a verticle room with T.V in it.  

The goal is to find the shortest path to the Pillow, giving a detailed step-by-step trajectory.

We are given the frame description as follows - 
a room with a bed and a dresser, a raytraced image, inspired by Félix Vallotton, postminimalism, hand on the doorknob, jerma, design your own avatar, hairy legs, blue shadows, tall entry, the shining, empty floor, maple story, an ai generated image, arm

Generate the next best possible single action and the intention behind the action as colon-separated action and intention."
1,1,frame_1.jpg,"a room with a bed and a desk in it, a screenshot, inspired by John Crawford Brown, blender npr, news archive, appgamekit","

The next best possible single action is to walk to the door of the bedroom. The intention is to leave the bedroom and explore the rest of the house.","I am in an unknown house.

This is the floorplan, from a top-down view.
On the bottom right, is a bedrooom in the house, where you currently are. To the right of the bedroom, is the master bedroom which has an entery to an additional childrens room. Connecting to the master bedroom on the top left is the drawing room with a sofa in it. In the mid bottom connecting to the drawing room is the kitchen and the dining area. On the left of the kitchen is a verticle room with T.V in it.  

The goal is to find the shortest path to the Pillow, giving a detailed step-by-step trajectory.

We are given the frame description as follows - 
a room with a bed and a desk in it, a screenshot, inspired by John Crawford Brown, blender npr, news archive, appgamekit

Generate the next best possible single action and the intention behind the action as colon-separated action and intention."
2,2,frame_2.jpg,"a room with a bed, desk and television, a screenshot, inspired by Paul Kelpe, postminimalism, imagenet, using a vr headset, mit technology review, on amino, nursing home, japan studio game, alan turing, screenshot from the game, npr, vignette, n 6 4, cctv","

The next best possible single action would be to walk to the door of the room and exit. The intention behind the action would be to find the pillow.","I am in an unknown house.

This is the floorplan, from a top-down view.
On the bottom right, is a bedrooom in the house, where you currently are. To the right of the bedroom, is the master bedroom which has an entery to an additional childrens room. Connecting to the master bedroom on the top left is the drawing room with a sofa in it. In the mid bottom connecting to the drawing room is the kitchen and the dining area. On the left of the kitchen is a verticle room with T.V in it.  

The goal is to find the shortest path to the Pillow, giving a detailed step-by-step trajectory.

We are given the frame description as follows - 
a room with a bed, desk and television, a screenshot, inspired by Paul Kelpe, postminimalism, imagenet, using a vr headset, mit technology review, on amino, nursing home, japan studio game, alan turing, screenshot from the game, npr, vignette, n 6 4, cctv

Generate the next best possible single action and the intention behind the action as colon-separated action and intention."
3,3,frame_3.jpg,"a room with a bed and a desk in it, a screenshot, inspired by John Crawford Brown, blender npr, news archive, appgamekit","

The next best possible single action is to walk to the door of the room and open it. The intention behind the action is to find a way out of the room.","I am in an unknown house.

This is the floorplan, from a top-down view.
On the bottom right, is a bedrooom in the house, where you currently are. To the right of the bedroom, is the master bedroom which has an entery to an additional childrens room. Connecting to the master bedroom on the top left is the drawing room with a sofa in it. In the mid bottom connecting to the drawing room is the kitchen and the dining area. On the left of the kitchen is a verticle room with T.V in it.  

The goal is to find the shortest path to the Pillow, giving a detailed step-by-step trajectory.

We are given the frame description as follows - 
a room with a bed and a desk in it, a screenshot, inspired by John Crawford Brown, blender npr, news archive, appgamekit

Generate the next best possible single action and the intention behind the action as colon-separated action and intention."
4,4,frame_4.jpg,"a room with a bed and a desk in it, a screenshot, inspired by John F. Peto, new objectivity, using a vr headset, gameplay footage, streaming on twitch, mit technology review, screenshot from the game, hand on the doorknob, gameplay, 64x64, 2.5d","

The next best possible single action is to open the door leading to the master bedroom. The intention behind the action is to find the pillow.","I am in an unknown house.

This is the floorplan, from a top-down view.
On the bottom right, is a bedrooom in the house, where you currently are. To the right of the bedroom, is the master bedroom which has an entery to an additional childrens room. Connecting to the master bedroom on the top left is the drawing room with a sofa in it. In the mid bottom connecting to the drawing room is the kitchen and the dining area. On the left of the kitchen is a verticle room with T.V in it.  

The goal is to find the shortest path to the Pillow, giving a detailed step-by-step trajectory.

We are given the frame description as follows - 
a room with a bed and a desk in it, a screenshot, inspired by John F. Peto, new objectivity, using a vr headset, gameplay footage, streaming on twitch, mit technology review, screenshot from the game, hand on the doorknob, gameplay, 64x64, 2.5d

Generate the next best possible single action and the intention behind the action as colon-separated action and intention."
5,5,frame_5.jpg,"a room with a bed and a desk in it, a screenshot, inspired by John Crawford Brown, blender npr, black teenage boy, front page, mit technology review, plain walls |somber white eyes, mobile learning app prototype, toy room, realistic »","


The next best possible single action is to walk to the door of the room and open it. The intention behind the action is to find a way out of the room.","I am in an unknown house.

This is the floorplan, from a top-down view.
On the bottom right, is a bedrooom in the house, where you currently are. To the right of the bedroom, is the master bedroom which has an entery to an additional childrens room. Connecting to the master bedroom on the top left is the drawing room with a sofa in it. In the mid bottom connecting to the drawing room is the kitchen and the dining area. On the left of the kitchen is a verticle room with T.V in it.  

The goal is to find the shortest path to the Pillow, giving a detailed step-by-step trajectory.

We are given the frame description as follows - 
a room with a bed and a desk in it, a screenshot, inspired by John Crawford Brown, blender npr, black teenage boy, front page, mit technology review, plain walls |somber white eyes, mobile learning app prototype, toy room, realistic »

Generate the next best possible single action and the intention behind the action as colon-separated action and intention."
6,6,frame_6.jpg,"a room with a bed and a desk in it, inspired by Paul Kelpe, postminimalism, puddle of milk, -h 960, siggraph, streaming on twitch, augmented reality, 1 9 9 9 aesthetic, 64x64, realistic human movement, bad dream, white map library, utradetailed","

The next best possible single action is to walk to the door of the master bedroom, with the intention of finding the pillow.","I am in an unknown house.

This is the floorplan, from a top-down view.
On the bottom right, is a bedrooom in the house, where you currently are. To the right of the bedroom, is the master bedroom which has an entery to an additional childrens room. Connecting to the master bedroom on the top left is the drawing room with a sofa in it. In the mid bottom connecting to the drawing room is the kitchen and the dining area. On the left of the kitchen is a verticle room with T.V in it.  

The goal is to find the shortest path to the Pillow, giving a detailed step-by-step trajectory.

We are given the frame description as follows - 
a room with a bed and a desk in it, inspired by Paul Kelpe, postminimalism, puddle of milk, -h 960, siggraph, streaming on twitch, augmented reality, 1 9 9 9 aesthetic, 64x64, realistic human movement, bad dream, white map library, utradetailed

Generate the next best possible single action and the intention behind the action as colon-separated action and intention."
7,7,frame_7.jpg,"a room with a bed, a dresser and a painting on the wall, inspired by Paul Kelpe, polycount, rules dream world, mit technology review, streaming on twitch, empty room, utradetailed, sports car in the room, inside a modern apartment, rtx graphics, a room","

The next best possible single action would be to walk to the door of the room and open it. The intention behind the action is to find a way out of the room.","I am in an unknown house.

This is the floorplan, from a top-down view.
On the bottom right, is a bedrooom in the house, where you currently are. To the right of the bedroom, is the master bedroom which has an entery to an additional childrens room. Connecting to the master bedroom on the top left is the drawing room with a sofa in it. In the mid bottom connecting to the drawing room is the kitchen and the dining area. On the left of the kitchen is a verticle room with T.V in it.  

The goal is to find the shortest path to the Pillow, giving a detailed step-by-step trajectory.

We are given the frame description as follows - 
a room with a bed, a dresser and a painting on the wall, inspired by Paul Kelpe, polycount, rules dream world, mit technology review, streaming on twitch, empty room, utradetailed, sports car in the room, inside a modern apartment, rtx graphics, a room

Generate the next best possible single action and the intention behind the action as colon-separated action and intention."
8,8,frame_8.jpg,"a room with a bed, a dresser and pictures on the wall, a screenshot, polycount, postminimalism, mit technology review, mobile learning app prototype, sport game, psx screenshot, environments, fps game","

The next best possible single action would be to walk to the door of the bedroom and open it. The intention behind this action would be to explore the rest of the house and find the pillow.","I am in an unknown house.

This is the floorplan, from a top-down view.
On the bottom right, is a bedrooom in the house, where you currently are. To the right of the bedroom, is the master bedroom which has an entery to an additional childrens room. Connecting to the master bedroom on the top left is the drawing room with a sofa in it. In the mid bottom connecting to the drawing room is the kitchen and the dining area. On the left of the kitchen is a verticle room with T.V in it.  

The goal is to find the shortest path to the Pillow, giving a detailed step-by-step trajectory.

We are given the frame description as follows - 
a room with a bed, a dresser and pictures on the wall, a screenshot, polycount, postminimalism, mit technology review, mobile learning app prototype, sport game, psx screenshot, environments, fps game

Generate the next best possible single action and the intention behind the action as colon-separated action and intention."
9,9,frame_9.jpg,"a room with a bed and a basketball on the floor, a screenshot, inspired by John Crawford Brown, postminimalism, mit technology review, mobile app, cgworld, 90 60 90, depth perception, uploaded, 9 5","

The next best possible single action would be to walk to the door of the master bedroom and open it. The intention behind the action would be to find the pillow.","I am in an unknown house.

This is the floorplan, from a top-down view.
On the bottom right, is a bedrooom in the house, where you currently are. To the right of the bedroom, is the master bedroom which has an entery to an additional childrens room. Connecting to the master bedroom on the top left is the drawing room with a sofa in it. In the mid bottom connecting to the drawing room is the kitchen and the dining area. On the left of the kitchen is a verticle room with T.V in it.  

The goal is to find the shortest path to the Pillow, giving a detailed step-by-step trajectory.

We are given the frame description as follows - 
a room with a bed and a basketball on the floor, a screenshot, inspired by John Crawford Brown, postminimalism, mit technology review, mobile app, cgworld, 90 60 90, depth perception, uploaded, 9 5

Generate the next best possible single action and the intention behind the action as colon-separated action and intention."
10,10,frame_10.jpg,"a bed room with a bed a dresser and a painting, inspired by Leandro Erlich, polycount, mobile learning app prototype, 3 rd person action adventure rpg, 64x64, prosthetic leg, streaming on twitch, quadrichromic, n 6 4, 16k 3d, gamedesign","

The next possible action is to go to the master bedroom. The intention is to find the pillow.","I am in an unknown house.

This is the floorplan, from a top-down view.
On the bottom right, is a bedrooom in the house, where you currently are. To the right of the bedroom, is the master bedroom which has an entery to an additional childrens room. Connecting to the master bedroom on the top left is the drawing room with a sofa in it. In the mid bottom connecting to the drawing room is the kitchen and the dining area. On the left of the kitchen is a verticle room with T.V in it.  

The goal is to find the shortest path to the Pillow, giving a detailed step-by-step trajectory.

We are given the frame description as follows - 
a bed room with a bed a dresser and a painting, inspired by Leandro Erlich, polycount, mobile learning app prototype, 3 rd person action adventure rpg, 64x64, prosthetic leg, streaming on twitch, quadrichromic, n 6 4, 16k 3d, gamedesign

Generate the next best possible single action and the intention behind the action as colon-separated action and intention."
11,11,frame_11.jpg,"a room with a basketball ball on the floor, a screenshot, inspired by Félix Vallotton, postminimalism, head is an egg, interior gameplay screenshot, hand on the doorknob, listing image, blind brown man, left behind, blue edge","

The next best possible single action is to open the door to the master bedroom. The intention behind the action is to find the pillow.","I am in an unknown house.

This is the floorplan, from a top-down view.
On the bottom right, is a bedrooom in the house, where you currently are. To the right of the bedroom, is the master bedroom which has an entery to an additional childrens room. Connecting to the master bedroom on the top left is the drawing room with a sofa in it. In the mid bottom connecting to the drawing room is the kitchen and the dining area. On the left of the kitchen is a verticle room with T.V in it.  

The goal is to find the shortest path to the Pillow, giving a detailed step-by-step trajectory.

We are given the frame description as follows - 
a room with a basketball ball on the floor, a screenshot, inspired by Félix Vallotton, postminimalism, head is an egg, interior gameplay screenshot, hand on the doorknob, listing image, blind brown man, left behind, blue edge

Generate the next best possible single action and the intention behind the action as colon-separated action and intention."
12,12,frame_12.jpg,"a room with a door and a ball on the floor, a screenshot, inspired by John Crawford Brown, 2 0 0 6, third-person view, picture of a loft in morning, blue: 0.25, minimalissimo, blind brown man, an egg, first person screenshot, android format, white map library","

Go to the master bedroom and find the pillow.

Action: Go to the master bedroom.
Intention: Find the pillow.","I am in an unknown house.

This is the floorplan, from a top-down view.
On the bottom right, is a bedrooom in the house, where you currently are. To the right of the bedroom, is the master bedroom which has an entery to an additional childrens room. Connecting to the master bedroom on the top left is the drawing room with a sofa in it. In the mid bottom connecting to the drawing room is the kitchen and the dining area. On the left of the kitchen is a verticle room with T.V in it.  

The goal is to find the shortest path to the Pillow, giving a detailed step-by-step trajectory.

We are given the frame description as follows - 
a room with a door and a ball on the floor, a screenshot, inspired by John Crawford Brown, 2 0 0 6, third-person view, picture of a loft in morning, blue: 0.25, minimalissimo, blind brown man, an egg, first person screenshot, android format, white map library

Generate the next best possible single action and the intention behind the action as colon-separated action and intention."
13,13,frame_13.jpg,"a room with a door and a football on the floor, a screenshot, inspired by John Crawford Brown, egg, 2007, first-person, built on a steep hill, soft lighting gradient. no text, in a dream, bed, no foliage, impossible stairs, early screen test, concept image","

The next best possible single action is to go to the master bedroom and the intention behind the action is to find the pillow.","I am in an unknown house.

This is the floorplan, from a top-down view.
On the bottom right, is a bedrooom in the house, where you currently are. To the right of the bedroom, is the master bedroom which has an entery to an additional childrens room. Connecting to the master bedroom on the top left is the drawing room with a sofa in it. In the mid bottom connecting to the drawing room is the kitchen and the dining area. On the left of the kitchen is a verticle room with T.V in it.  

The goal is to find the shortest path to the Pillow, giving a detailed step-by-step trajectory.

We are given the frame description as follows - 
a room with a door and a football on the floor, a screenshot, inspired by John Crawford Brown, egg, 2007, first-person, built on a steep hill, soft lighting gradient. no text, in a dream, bed, no foliage, impossible stairs, early screen test, concept image

Generate the next best possible single action and the intention behind the action as colon-separated action and intention."
14,14,frame_14.jpg,"a view of an open door in a room, a screenshot, inspired by John F. Peto, postminimalism, screenshot from the game, streaming on twitch, towering over the camera, stable diffusion ai as a human, without text, complete house, frostbite 3 engine rendered, first-person, cameraphone","

The next best possible action is to walk through the door into the master bedroom. The intention behind this action is to find the pillow.","I am in an unknown house.

This is the floorplan, from a top-down view.
On the bottom right, is a bedrooom in the house, where you currently are. To the right of the bedroom, is the master bedroom which has an entery to an additional childrens room. Connecting to the master bedroom on the top left is the drawing room with a sofa in it. In the mid bottom connecting to the drawing room is the kitchen and the dining area. On the left of the kitchen is a verticle room with T.V in it.  

The goal is to find the shortest path to the Pillow, giving a detailed step-by-step trajectory.

We are given the frame description as follows - 
a view of an open door in a room, a screenshot, inspired by John F. Peto, postminimalism, screenshot from the game, streaming on twitch, towering over the camera, stable diffusion ai as a human, without text, complete house, frostbite 3 engine rendered, first-person, cameraphone

Generate the next best possible single action and the intention behind the action as colon-separated action and intention."
15,15,frame_15.jpg,"a room with a bed and a basketball on the floor, inspired by Paul Kelpe, postminimalism, head is an egg, siggraph, dakar, mit technology review, streaming on twitch, has a very realistic look to it, without text, frostbite engine, someone sits in bed, ycbcr","

The next best possible single action would be to walk to the door of the bedroom and open it. The intention behind the action would be to find a way out of the bedroom.","I am in an unknown house.

This is the floorplan, from a top-down view.
On the bottom right, is a bedrooom in the house, where you currently are. To the right of the bedroom, is the master bedroom which has an entery to an additional childrens room. Connecting to the master bedroom on the top left is the drawing room with a sofa in it. In the mid bottom connecting to the drawing room is the kitchen and the dining area. On the left of the kitchen is a verticle room with T.V in it.  

The goal is to find the shortest path to the Pillow, giving a detailed step-by-step trajectory.

We are given the frame description as follows - 
a room with a bed and a basketball on the floor, inspired by Paul Kelpe, postminimalism, head is an egg, siggraph, dakar, mit technology review, streaming on twitch, has a very realistic look to it, without text, frostbite engine, someone sits in bed, ycbcr

Generate the next best possible single action and the intention behind the action as colon-separated action and intention."
16,16,frame_16.jpg,"a room with a bed and a basketball on the floor, inspired by Paul Kelpe, postminimalism, head is an egg, mobile app, 3d, mit technology review, higurashi, realistic », streaming on twitch, white map library, cgworld, absurdism, hyperrealstic, alarm clock","

The next best possible single action is to go to the master bedroom and the intention behind the action is to find the pillow.","I am in an unknown house.

This is the floorplan, from a top-down view.
On the bottom right, is a bedrooom in the house, where you currently are. To the right of the bedroom, is the master bedroom which has an entery to an additional childrens room. Connecting to the master bedroom on the top left is the drawing room with a sofa in it. In the mid bottom connecting to the drawing room is the kitchen and the dining area. On the left of the kitchen is a verticle room with T.V in it.  

The goal is to find the shortest path to the Pillow, giving a detailed step-by-step trajectory.

We are given the frame description as follows - 
a room with a bed and a basketball on the floor, inspired by Paul Kelpe, postminimalism, head is an egg, mobile app, 3d, mit technology review, higurashi, realistic », streaming on twitch, white map library, cgworld, absurdism, hyperrealstic, alarm clock

Generate the next best possible single action and the intention behind the action as colon-separated action and intention."
17,17,frame_17.jpg,"a room that has a bed and a chair in it, a screenshot, postminimalism, mit technology review, frostbite 3 engine, third person perspective, android, imagenet, graphics, ground camera, apartment","

The next best possible single action is to walk to the master bedroom. The intention behind this action is to find the pillow.","I am in an unknown house.

This is the floorplan, from a top-down view.
On the bottom right, is a bedrooom in the house, where you currently are. To the right of the bedroom, is the master bedroom which has an entery to an additional childrens room. Connecting to the master bedroom on the top left is the drawing room with a sofa in it. In the mid bottom connecting to the drawing room is the kitchen and the dining area. On the left of the kitchen is a verticle room with T.V in it.  

The goal is to find the shortest path to the Pillow, giving a detailed step-by-step trajectory.

We are given the frame description as follows - 
a room that has a bed and a chair in it, a screenshot, postminimalism, mit technology review, frostbite 3 engine, third person perspective, android, imagenet, graphics, ground camera, apartment

Generate the next best possible single action and the intention behind the action as colon-separated action and intention."
18,18,frame_18.jpg,"a bed room with a neatly made bed, a computer rendering, by Ben Enwonwu, postminimalism, mit technology review, mobile game asset, prosthetic leg, frostbite engine, security camera photo, ai researcher, streaming on twitch, lossless, avatar image, foreboding room","

The next best possible single action is to walk to the door of the master bedroom and the intention is to go to the master bedroom.","I am in an unknown house.

This is the floorplan, from a top-down view.
On the bottom right, is a bedrooom in the house, where you currently are. To the right of the bedroom, is the master bedroom which has an entery to an additional childrens room. Connecting to the master bedroom on the top left is the drawing room with a sofa in it. In the mid bottom connecting to the drawing room is the kitchen and the dining area. On the left of the kitchen is a verticle room with T.V in it.  

The goal is to find the shortest path to the Pillow, giving a detailed step-by-step trajectory.

We are given the frame description as follows - 
a bed room with a neatly made bed, a computer rendering, by Ben Enwonwu, postminimalism, mit technology review, mobile game asset, prosthetic leg, frostbite engine, security camera photo, ai researcher, streaming on twitch, lossless, avatar image, foreboding room

Generate the next best possible single action and the intention behind the action as colon-separated action and intention."
19,19,frame_19.jpg,"a bed room with a neatly made bed, inspired by Richard Hamilton, polycount, postminimalism, cctv footage of a movie set, other bedrooms can be seen, using a vr headset, phantom dust gameplay screenshot, mit technology review, screenshot from the game, loss","

The next best possible single action is to walk to the door of the master bedroom. The intention behind the action is to find the pillow.","I am in an unknown house.

This is the floorplan, from a top-down view.
On the bottom right, is a bedrooom in the house, where you currently are. To the right of the bedroom, is the master bedroom which has an entery to an additional childrens room. Connecting to the master bedroom on the top left is the drawing room with a sofa in it. In the mid bottom connecting to the drawing room is the kitchen and the dining area. On the left of the kitchen is a verticle room with T.V in it.  

The goal is to find the shortest path to the Pillow, giving a detailed step-by-step trajectory.

We are given the frame description as follows - 
a bed room with a neatly made bed, inspired by Richard Hamilton, polycount, postminimalism, cctv footage of a movie set, other bedrooms can be seen, using a vr headset, phantom dust gameplay screenshot, mit technology review, screenshot from the game, loss

Generate the next best possible single action and the intention behind the action as colon-separated action and intention."
20,20,frame_20.jpg,"a room with a bed and a television in it, a raytraced image, postminimalism, garbage wheel bin, masked person in corner, an ai generated image, third-person view, android close to camera, japan studio game, (empty black void), photo 3 d, streaming, bed, arm","

The next best possible single action is to walk to the master bedroom. The intention is to find the pillow.","I am in an unknown house.

This is the floorplan, from a top-down view.
On the bottom right, is a bedrooom in the house, where you currently are. To the right of the bedroom, is the master bedroom which has an entery to an additional childrens room. Connecting to the master bedroom on the top left is the drawing room with a sofa in it. In the mid bottom connecting to the drawing room is the kitchen and the dining area. On the left of the kitchen is a verticle room with T.V in it.  

The goal is to find the shortest path to the Pillow, giving a detailed step-by-step trajectory.

We are given the frame description as follows - 
a room with a bed and a television in it, a raytraced image, postminimalism, garbage wheel bin, masked person in corner, an ai generated image, third-person view, android close to camera, japan studio game, (empty black void), photo 3 d, streaming, bed, arm

Generate the next best possible single action and the intention behind the action as colon-separated action and intention."
21,21,frame_21.jpg,"a room with a bed and a television in it, a raytraced image, by Puru, net art, trash can, mobile learning app prototype, from disney pixar's up (2009), black face, dribbble, gta san andreas, 64x64, 2007 blog","

The next best possible single action is to go to the master bedroom and the intention behind the action is to find the pillow.","I am in an unknown house.

This is the floorplan, from a top-down view.
On the bottom right, is a bedrooom in the house, where you currently are. To the right of the bedroom, is the master bedroom which has an entery to an additional childrens room. Connecting to the master bedroom on the top left is the drawing room with a sofa in it. In the mid bottom connecting to the drawing room is the kitchen and the dining area. On the left of the kitchen is a verticle room with T.V in it.  

The goal is to find the shortest path to the Pillow, giving a detailed step-by-step trajectory.

We are given the frame description as follows - 
a room with a bed and a television in it, a raytraced image, by Puru, net art, trash can, mobile learning app prototype, from disney pixar's up (2009), black face, dribbble, gta san andreas, 64x64, 2007 blog

Generate the next best possible single action and the intention behind the action as colon-separated action and intention."
22,22,frame_22.jpg,"a room with a bed and a television in it, a screenshot, inspired by Malevich, prosthetic arm, 360, dribbble, black void, sink","

The next best possible single action is to walk to the door of the room and open it. The intention behind the action is to find a way out of the room.","I am in an unknown house.

This is the floorplan, from a top-down view.
On the bottom right, is a bedrooom in the house, where you currently are. To the right of the bedroom, is the master bedroom which has an entery to an additional childrens room. Connecting to the master bedroom on the top left is the drawing room with a sofa in it. In the mid bottom connecting to the drawing room is the kitchen and the dining area. On the left of the kitchen is a verticle room with T.V in it.  

The goal is to find the shortest path to the Pillow, giving a detailed step-by-step trajectory.

We are given the frame description as follows - 
a room with a bed and a television in it, a screenshot, inspired by Malevich, prosthetic arm, 360, dribbble, black void, sink

Generate the next best possible single action and the intention behind the action as colon-separated action and intention."
23,23,frame_23.jpg,"a bathroom with a toilet and a trash can, a raytraced image, net art, snow is falling, upper body avatar, black house, test, datanft as a data avatar, white concrete floor, black border: 0.75, floating objects, 5 7 9, third-person view","

The next best possible single action is to go to the master bedroom. The intention behind the action is to find the pillow.","I am in an unknown house.

This is the floorplan, from a top-down view.
On the bottom right, is a bedrooom in the house, where you currently are. To the right of the bedroom, is the master bedroom which has an entery to an additional childrens room. Connecting to the master bedroom on the top left is the drawing room with a sofa in it. In the mid bottom connecting to the drawing room is the kitchen and the dining area. On the left of the kitchen is a verticle room with T.V in it.  

The goal is to find the shortest path to the Pillow, giving a detailed step-by-step trajectory.

We are given the frame description as follows - 
a bathroom with a toilet and a trash can, a raytraced image, net art, snow is falling, upper body avatar, black house, test, datanft as a data avatar, white concrete floor, black border: 0.75, floating objects, 5 7 9, third-person view

Generate the next best possible single action and the intention behind the action as colon-separated action and intention."
24,24,frame_24.jpg,"a black trash can sitting on top of a white floor, a screenshot, inspired by Rube Goldberg, objective abstraction, portrait casting long shadows, portrait of gigachad, destroying the walls, no foliage, cameraphone 2002, jerma985, listing image, black face","

The next best possible single action is to go to the master bedroom and the intention behind the action is to find the pillow.","I am in an unknown house.

This is the floorplan, from a top-down view.
On the bottom right, is a bedrooom in the house, where you currently are. To the right of the bedroom, is the master bedroom which has an entery to an additional childrens room. Connecting to the master bedroom on the top left is the drawing room with a sofa in it. In the mid bottom connecting to the drawing room is the kitchen and the dining area. On the left of the kitchen is a verticle room with T.V in it.  

The goal is to find the shortest path to the Pillow, giving a detailed step-by-step trajectory.

We are given the frame description as follows - 
a black trash can sitting on top of a white floor, a screenshot, inspired by Rube Goldberg, objective abstraction, portrait casting long shadows, portrait of gigachad, destroying the walls, no foliage, cameraphone 2002, jerma985, listing image, black face

Generate the next best possible single action and the intention behind the action as colon-separated action and intention."
25,25,frame_25.jpg,"a man in a suit and tie standing in front of a wall, a raytraced image, giant carnation flower as a head, perfect shadow, bushy tail, antialiased, female image in shadow, the photo shows a large, single long stick, corruption, puffballs, the shadow, houseplants, image on the store website","

The next best possible single action is to walk to the door of the master bedroom and the intention behind the action is to find the pillow.","I am in an unknown house.

This is the floorplan, from a top-down view.
On the bottom right, is a bedrooom in the house, where you currently are. To the right of the bedroom, is the master bedroom which has an entery to an additional childrens room. Connecting to the master bedroom on the top left is the drawing room with a sofa in it. In the mid bottom connecting to the drawing room is the kitchen and the dining area. On the left of the kitchen is a verticle room with T.V in it.  

The goal is to find the shortest path to the Pillow, giving a detailed step-by-step trajectory.

We are given the frame description as follows - 
a man in a suit and tie standing in front of a wall, a raytraced image, giant carnation flower as a head, perfect shadow, bushy tail, antialiased, female image in shadow, the photo shows a large, single long stick, corruption, puffballs, the shadow, houseplants, image on the store website

Generate the next best possible single action and the intention behind the action as colon-separated action and intention."
26,26,frame_26.jpg,"a room with a bed and a desk in it, a screenshot, inspired by William Home Lizars, net art, first-person, doors to various bedrooms, using a vr headset, white background with shadows, 64x64, listing image, bed, small path up to door, angular design, loss","

The next best possible single action is to walk to the door of the master bedroom. The intention behind the action is to find the pillow.","I am in an unknown house.

This is the floorplan, from a top-down view.
On the bottom right, is a bedrooom in the house, where you currently are. To the right of the bedroom, is the master bedroom which has an entery to an additional childrens room. Connecting to the master bedroom on the top left is the drawing room with a sofa in it. In the mid bottom connecting to the drawing room is the kitchen and the dining area. On the left of the kitchen is a verticle room with T.V in it.  

The goal is to find the shortest path to the Pillow, giving a detailed step-by-step trajectory.

We are given the frame description as follows - 
a room with a bed and a desk in it, a screenshot, inspired by William Home Lizars, net art, first-person, doors to various bedrooms, using a vr headset, white background with shadows, 64x64, listing image, bed, small path up to door, angular design, loss

Generate the next best possible single action and the intention behind the action as colon-separated action and intention."
27,27,frame_27.jpg,"a room with a bed and a desk in it, a screenshot, inspired by Balthus, new objectivity, mit technology review, first-person, doors to various bedrooms, lowpoly, 2 0 0 7, streaming on twitch, white map library, utradetailed, -h 960, nursing home","

The next best possible single action is to walk to the door of the master bedroom. The intention behind the action is to find the pillow.","I am in an unknown house.

This is the floorplan, from a top-down view.
On the bottom right, is a bedrooom in the house, where you currently are. To the right of the bedroom, is the master bedroom which has an entery to an additional childrens room. Connecting to the master bedroom on the top left is the drawing room with a sofa in it. In the mid bottom connecting to the drawing room is the kitchen and the dining area. On the left of the kitchen is a verticle room with T.V in it.  

The goal is to find the shortest path to the Pillow, giving a detailed step-by-step trajectory.

We are given the frame description as follows - 
a room with a bed and a desk in it, a screenshot, inspired by Balthus, new objectivity, mit technology review, first-person, doors to various bedrooms, lowpoly, 2 0 0 7, streaming on twitch, white map library, utradetailed, -h 960, nursing home

Generate the next best possible single action and the intention behind the action as colon-separated action and intention."
28,28,frame_28.jpg,"a room with a bed and a desk in it, a screenshot, inspired by Eero Snellman, new objectivity, first person perspective, mobile learning app prototype, japan studio game, doors to various bedrooms, jerma, 64x64, image, mit technology review, realosm","


Go to the master bedroom: The intention is to find the pillow.","I am in an unknown house.

This is the floorplan, from a top-down view.
On the bottom right, is a bedrooom in the house, where you currently are. To the right of the bedroom, is the master bedroom which has an entery to an additional childrens room. Connecting to the master bedroom on the top left is the drawing room with a sofa in it. In the mid bottom connecting to the drawing room is the kitchen and the dining area. On the left of the kitchen is a verticle room with T.V in it.  

The goal is to find the shortest path to the Pillow, giving a detailed step-by-step trajectory.

We are given the frame description as follows - 
a room with a bed and a desk in it, a screenshot, inspired by Eero Snellman, new objectivity, first person perspective, mobile learning app prototype, japan studio game, doors to various bedrooms, jerma, 64x64, image, mit technology review, realosm

Generate the next best possible single action and the intention behind the action as colon-separated action and intention."
29,29,frame_29.jpg,"a room with a bed and a desk in it, a screenshot, inspired by Edward Bailey, new objectivity, first person perspective, mobile learning app prototype, jerma985, half image, tall door, key is on the center of image, nitid horizon, map key, 8 1 5, b3d","

The next best possible single action is to walk to the door and turn the knob. The intention behind the action is to exit the room and explore the rest of the house.","I am in an unknown house.

This is the floorplan, from a top-down view.
On the bottom right, is a bedrooom in the house, where you currently are. To the right of the bedroom, is the master bedroom which has an entery to an additional childrens room. Connecting to the master bedroom on the top left is the drawing room with a sofa in it. In the mid bottom connecting to the drawing room is the kitchen and the dining area. On the left of the kitchen is a verticle room with T.V in it.  

The goal is to find the shortest path to the Pillow, giving a detailed step-by-step trajectory.

We are given the frame description as follows - 
a room with a bed and a desk in it, a screenshot, inspired by Edward Bailey, new objectivity, first person perspective, mobile learning app prototype, jerma985, half image, tall door, key is on the center of image, nitid horizon, map key, 8 1 5, b3d

Generate the next best possible single action and the intention behind the action as colon-separated action and intention."
30,30,frame_30.jpg,"a room with a door and a table in it, a screenshot, inspired by Stanislav Zhukovsky, net art, style of mirror\'s edge, mobile learning app prototype, mit technology review, psychological horror, japan studio game, apartment design, utradetailed, 3-d","

The next best possible single action is to walk to the door of the room. The intention behind the action is to find a way out of the room.","I am in an unknown house.

This is the floorplan, from a top-down view.
On the bottom right, is a bedrooom in the house, where you currently are. To the right of the bedroom, is the master bedroom which has an entery to an additional childrens room. Connecting to the master bedroom on the top left is the drawing room with a sofa in it. In the mid bottom connecting to the drawing room is the kitchen and the dining area. On the left of the kitchen is a verticle room with T.V in it.  

The goal is to find the shortest path to the Pillow, giving a detailed step-by-step trajectory.

We are given the frame description as follows - 
a room with a door and a table in it, a screenshot, inspired by Stanislav Zhukovsky, net art, style of mirror\'s edge, mobile learning app prototype, mit technology review, psychological horror, japan studio game, apartment design, utradetailed, 3-d

Generate the next best possible single action and the intention behind the action as colon-separated action and intention."
31,31,frame_31.jpg,"a view of a living room from the hallway, a screenshot, inspired by Stanislav Zhukovsky, vinesauce, mobile learning app prototype, style of mirror\'s edge, higurashi, mit technology review, has a very realistic look to it, ai researcher, utradetailed","

The next best possible single action is to go to the master bedroom and the intention behind the action is to find the pillow.","I am in an unknown house.

This is the floorplan, from a top-down view.
On the bottom right, is a bedrooom in the house, where you currently are. To the right of the bedroom, is the master bedroom which has an entery to an additional childrens room. Connecting to the master bedroom on the top left is the drawing room with a sofa in it. In the mid bottom connecting to the drawing room is the kitchen and the dining area. On the left of the kitchen is a verticle room with T.V in it.  

The goal is to find the shortest path to the Pillow, giving a detailed step-by-step trajectory.

We are given the frame description as follows - 
a view of a living room from the hallway, a screenshot, inspired by Stanislav Zhukovsky, vinesauce, mobile learning app prototype, style of mirror\'s edge, higurashi, mit technology review, has a very realistic look to it, ai researcher, utradetailed

Generate the next best possible single action and the intention behind the action as colon-separated action and intention."
32,32,frame_32.jpg,"a living room with a couch and a table, a digital rendering, inspired by John Crawford Brown, [ horror game ], mit technology review, ue marketplace, realisms, jerma985, many doorways, 64x64, the artist has used bright, empty floor, twitch streamer, lived in","

The next best possible single action is to go to the master bedroom. The intention behind the action is to find the pillow.","I am in an unknown house.

This is the floorplan, from a top-down view.
On the bottom right, is a bedrooom in the house, where you currently are. To the right of the bedroom, is the master bedroom which has an entery to an additional childrens room. Connecting to the master bedroom on the top left is the drawing room with a sofa in it. In the mid bottom connecting to the drawing room is the kitchen and the dining area. On the left of the kitchen is a verticle room with T.V in it.  

The goal is to find the shortest path to the Pillow, giving a detailed step-by-step trajectory.

We are given the frame description as follows - 
a living room with a couch and a table, a digital rendering, inspired by John Crawford Brown, [ horror game ], mit technology review, ue marketplace, realisms, jerma985, many doorways, 64x64, the artist has used bright, empty floor, twitch streamer, lived in

Generate the next best possible single action and the intention behind the action as colon-separated action and intention."
33,33,frame_33.jpg,"a computer generated image of a living room, inspired by William Home Lizars, virtual metaverse room, wooden floor boards, mobile learning app prototype, apartment hallway, depth blur, sunny environment, computer generated, bog, wood door, 50mp, bbloom","


1. Go to the door on the left of the kitchen: The intention is to find a way out of the house.
2. Go to the master bedroom: The intention is to find a way out of the house.
3. Go to the children's room: The intention is to find a way out of the house.
4. Go to the drawing room: The intention is to find a way out of the house.
5. Go to the T.V room: The intention is to find a way out of the house.","I am in an unknown house.

This is the floorplan, from a top-down view.
On the bottom right, is a bedrooom in the house, where you currently are. To the right of the bedroom, is the master bedroom which has an entery to an additional childrens room. Connecting to the master bedroom on the top left is the drawing room with a sofa in it. In the mid bottom connecting to the drawing room is the kitchen and the dining area. On the left of the kitchen is a verticle room with T.V in it.  

The goal is to find the shortest path to the Pillow, giving a detailed step-by-step trajectory.

We are given the frame description as follows - 
a computer generated image of a living room, inspired by William Home Lizars, virtual metaverse room, wooden floor boards, mobile learning app prototype, apartment hallway, depth blur, sunny environment, computer generated, bog, wood door, 50mp, bbloom

Generate the next best possible single action and the intention behind the action as colon-separated action and intention."
34,34,frame_34.jpg,"a computer generated image of a living room, a screenshot, inspired by Eero Snellman, tall door, third-person view, mobile learning app prototype, orange: 0.5, streaming on twitch, 3 d highly detailed, small path up to door, pre-rendered, immersive","

The next best possible single action is to walk to the door. The intention behind the action is to exit the room.","I am in an unknown house.

This is the floorplan, from a top-down view.
On the bottom right, is a bedrooom in the house, where you currently are. To the right of the bedroom, is the master bedroom which has an entery to an additional childrens room. Connecting to the master bedroom on the top left is the drawing room with a sofa in it. In the mid bottom connecting to the drawing room is the kitchen and the dining area. On the left of the kitchen is a verticle room with T.V in it.  

The goal is to find the shortest path to the Pillow, giving a detailed step-by-step trajectory.

We are given the frame description as follows - 
a computer generated image of a living room, a screenshot, inspired by Eero Snellman, tall door, third-person view, mobile learning app prototype, orange: 0.5, streaming on twitch, 3 d highly detailed, small path up to door, pre-rendered, immersive

Generate the next best possible single action and the intention behind the action as colon-separated action and intention."
35,35,frame_35.jpg,"a computer generated image of a living room, a screenshot, inspired by John Crawford Brown, full body profile camera shot, mobile learning app prototype, screenshot from the game, studio orange, mit technology review, vignette, first person screenshot, old apartment, spy, screenshot","

Go to the master bedroom: The intention is to find the pillow.","I am in an unknown house.

This is the floorplan, from a top-down view.
On the bottom right, is a bedrooom in the house, where you currently are. To the right of the bedroom, is the master bedroom which has an entery to an additional childrens room. Connecting to the master bedroom on the top left is the drawing room with a sofa in it. In the mid bottom connecting to the drawing room is the kitchen and the dining area. On the left of the kitchen is a verticle room with T.V in it.  

The goal is to find the shortest path to the Pillow, giving a detailed step-by-step trajectory.

We are given the frame description as follows - 
a computer generated image of a living room, a screenshot, inspired by John Crawford Brown, full body profile camera shot, mobile learning app prototype, screenshot from the game, studio orange, mit technology review, vignette, first person screenshot, old apartment, spy, screenshot

Generate the next best possible single action and the intention behind the action as colon-separated action and intention."
36,36,frame_36.jpg,"a living room filled with furniture and a door, a screenshot, inspired by Eero Snellman, female investigator, using a vr headset, mit technology review, streaming on twitch, 16k 3d, 3d quality, developers, osr","

The next possible action is to go through the door in the living room. The intention is to find the pillow.","I am in an unknown house.

This is the floorplan, from a top-down view.
On the bottom right, is a bedrooom in the house, where you currently are. To the right of the bedroom, is the master bedroom which has an entery to an additional childrens room. Connecting to the master bedroom on the top left is the drawing room with a sofa in it. In the mid bottom connecting to the drawing room is the kitchen and the dining area. On the left of the kitchen is a verticle room with T.V in it.  

The goal is to find the shortest path to the Pillow, giving a detailed step-by-step trajectory.

We are given the frame description as follows - 
a living room filled with furniture and a door, a screenshot, inspired by Eero Snellman, female investigator, using a vr headset, mit technology review, streaming on twitch, 16k 3d, 3d quality, developers, osr

Generate the next best possible single action and the intention behind the action as colon-separated action and intention."
37,37,frame_37.jpg,"a living room filled with furniture and a lamp, a screenshot, inspired by Marius Borgeaud, disassemble the computer, first-person, secret agent, is essentially arbitrary, totorrl, hgtv, streaming on twitch","

The next best possible single action is to walk to the door of the room. The intention behind the action is to find a way out of the room.","I am in an unknown house.

This is the floorplan, from a top-down view.
On the bottom right, is a bedrooom in the house, where you currently are. To the right of the bedroom, is the master bedroom which has an entery to an additional childrens room. Connecting to the master bedroom on the top left is the drawing room with a sofa in it. In the mid bottom connecting to the drawing room is the kitchen and the dining area. On the left of the kitchen is a verticle room with T.V in it.  

The goal is to find the shortest path to the Pillow, giving a detailed step-by-step trajectory.

We are given the frame description as follows - 
a living room filled with furniture and a lamp, a screenshot, inspired by Marius Borgeaud, disassemble the computer, first-person, secret agent, is essentially arbitrary, totorrl, hgtv, streaming on twitch

Generate the next best possible single action and the intention behind the action as colon-separated action and intention."
38,38,frame_38.jpg,"a living room filled with furniture and a lamp, a screenshot, inspired by Marius Borgeaud, computer - generated, unity engine, jerma, worm's eye view, destroying houses, hgtv, profile picture 1024px, tall entry, without text, realistic shapes, tall door, cell-shaded","

The next best possible single action is to go to the master bedroom. The intention is to find the pillow.","I am in an unknown house.

This is the floorplan, from a top-down view.
On the bottom right, is a bedrooom in the house, where you currently are. To the right of the bedroom, is the master bedroom which has an entery to an additional childrens room. Connecting to the master bedroom on the top left is the drawing room with a sofa in it. In the mid bottom connecting to the drawing room is the kitchen and the dining area. On the left of the kitchen is a verticle room with T.V in it.  

The goal is to find the shortest path to the Pillow, giving a detailed step-by-step trajectory.

We are given the frame description as follows - 
a living room filled with furniture and a lamp, a screenshot, inspired by Marius Borgeaud, computer - generated, unity engine, jerma, worm's eye view, destroying houses, hgtv, profile picture 1024px, tall entry, without text, realistic shapes, tall door, cell-shaded

Generate the next best possible single action and the intention behind the action as colon-separated action and intention."
39,39,frame_39.jpg,"a living room filled with furniture and a lamp, a screenshot, inspired by Eero Snellman, first person view perspective, point-and-click adventure game, jerma985, streaming on twitch, ambient oclusion, mit technology review, angular, mob psycho 100, door","

Go to the master bedroom: The intention is to find the pillow.","I am in an unknown house.

This is the floorplan, from a top-down view.
On the bottom right, is a bedrooom in the house, where you currently are. To the right of the bedroom, is the master bedroom which has an entery to an additional childrens room. Connecting to the master bedroom on the top left is the drawing room with a sofa in it. In the mid bottom connecting to the drawing room is the kitchen and the dining area. On the left of the kitchen is a verticle room with T.V in it.  

The goal is to find the shortest path to the Pillow, giving a detailed step-by-step trajectory.

We are given the frame description as follows - 
a living room filled with furniture and a lamp, a screenshot, inspired by Eero Snellman, first person view perspective, point-and-click adventure game, jerma985, streaming on twitch, ambient oclusion, mit technology review, angular, mob psycho 100, door

Generate the next best possible single action and the intention behind the action as colon-separated action and intention."
40,40,frame_40.jpg,"a living room filled with furniture and a lamp, a screenshot, inspired by Marius Borgeaud, wearing a vr-headset, tall door, protagonist in foreground, sitcom screenshot, sharp focus on houses, small path up to door, post - apokalyptic, jerma, cell shaded graphics","

Go to the master bedroom: The intention is to find the pillow.","I am in an unknown house.

This is the floorplan, from a top-down view.
On the bottom right, is a bedrooom in the house, where you currently are. To the right of the bedroom, is the master bedroom which has an entery to an additional childrens room. Connecting to the master bedroom on the top left is the drawing room with a sofa in it. In the mid bottom connecting to the drawing room is the kitchen and the dining area. On the left of the kitchen is a verticle room with T.V in it.  

The goal is to find the shortest path to the Pillow, giving a detailed step-by-step trajectory.

We are given the frame description as follows - 
a living room filled with furniture and a lamp, a screenshot, inspired by Marius Borgeaud, wearing a vr-headset, tall door, protagonist in foreground, sitcom screenshot, sharp focus on houses, small path up to door, post - apokalyptic, jerma, cell shaded graphics

Generate the next best possible single action and the intention behind the action as colon-separated action and intention."
41,41,frame_41.jpg,"a living room with a couch and a television, a screenshot, inspired by John Crawford Brown, using a vr headset, many doorways, mit technology review, monsters inc","

The next best possible single action is to walk to the door on the right and open it, with the intention of finding the pillow.","I am in an unknown house.

This is the floorplan, from a top-down view.
On the bottom right, is a bedrooom in the house, where you currently are. To the right of the bedroom, is the master bedroom which has an entery to an additional childrens room. Connecting to the master bedroom on the top left is the drawing room with a sofa in it. In the mid bottom connecting to the drawing room is the kitchen and the dining area. On the left of the kitchen is a verticle room with T.V in it.  

The goal is to find the shortest path to the Pillow, giving a detailed step-by-step trajectory.

We are given the frame description as follows - 
a living room with a couch and a television, a screenshot, inspired by John Crawford Brown, using a vr headset, many doorways, mit technology review, monsters inc

Generate the next best possible single action and the intention behind the action as colon-separated action and intention."
42,42,frame_42.jpg,"a living room with a couch and a table, a screenshot, inspired by Marius Borgeaud, door to lab, eyelevel perspective image, hand on the doorknob, first-person, computer generated, someone in home sits in bed, jerma, creating a soft, goldsrc, obunga","


The next possible action is to walk to the door of the master bedroom and open it. The intention is to find the pillow.","I am in an unknown house.

This is the floorplan, from a top-down view.
On the bottom right, is a bedrooom in the house, where you currently are. To the right of the bedroom, is the master bedroom which has an entery to an additional childrens room. Connecting to the master bedroom on the top left is the drawing room with a sofa in it. In the mid bottom connecting to the drawing room is the kitchen and the dining area. On the left of the kitchen is a verticle room with T.V in it.  

The goal is to find the shortest path to the Pillow, giving a detailed step-by-step trajectory.

We are given the frame description as follows - 
a living room with a couch and a table, a screenshot, inspired by Marius Borgeaud, door to lab, eyelevel perspective image, hand on the doorknob, first-person, computer generated, someone in home sits in bed, jerma, creating a soft, goldsrc, obunga

Generate the next best possible single action and the intention behind the action as colon-separated action and intention."
43,43,frame_43.jpg,"a living room with two couches and a coffee table, a raytraced image, inspired by Jozef Simmler, design your own avatar, with interior potted palm trees, rendered in unity 3 d, dynamic shadow, spoon placed, couch desk, field depth","

Go to the master bedroom: The intention is to find the Pillow.","I am in an unknown house.

This is the floorplan, from a top-down view.
On the bottom right, is a bedrooom in the house, where you currently are. To the right of the bedroom, is the master bedroom which has an entery to an additional childrens room. Connecting to the master bedroom on the top left is the drawing room with a sofa in it. In the mid bottom connecting to the drawing room is the kitchen and the dining area. On the left of the kitchen is a verticle room with T.V in it.  

The goal is to find the shortest path to the Pillow, giving a detailed step-by-step trajectory.

We are given the frame description as follows - 
a living room with two couches and a coffee table, a raytraced image, inspired by Jozef Simmler, design your own avatar, with interior potted palm trees, rendered in unity 3 d, dynamic shadow, spoon placed, couch desk, field depth

Generate the next best possible single action and the intention behind the action as colon-separated action and intention."
44,44,frame_44.jpg,"a living room with a couch and a coffee table, a screenshot, inspired by Balthus, 3 d icon for mobile game, mit technology review, sitting on the edge of a bed, first-person, sleep, no foliage, 64x64, moutains, fractal world, rendered in unreal","

The next best possible single action is to walk to the master bedroom. The intention is to find the pillow.","I am in an unknown house.

This is the floorplan, from a top-down view.
On the bottom right, is a bedrooom in the house, where you currently are. To the right of the bedroom, is the master bedroom which has an entery to an additional childrens room. Connecting to the master bedroom on the top left is the drawing room with a sofa in it. In the mid bottom connecting to the drawing room is the kitchen and the dining area. On the left of the kitchen is a verticle room with T.V in it.  

The goal is to find the shortest path to the Pillow, giving a detailed step-by-step trajectory.

We are given the frame description as follows - 
a living room with a couch and a coffee table, a screenshot, inspired by Balthus, 3 d icon for mobile game, mit technology review, sitting on the edge of a bed, first-person, sleep, no foliage, 64x64, moutains, fractal world, rendered in unreal

Generate the next best possible single action and the intention behind the action as colon-separated action and intention."
