{
    "house_id": 1577,
    "intentions": [],
    "target_object_type": "Apple",
    "frames_dir": "expert_annotations/frames/house_1577/Apple/",
    "actions": [
        {
            "action": "RotateRight",
            "intentions": "There is a sink in the scene. It means apple should not be in this room. ",
            "pickedObject": null,
            "openedObject": null
        },
        {
            "action": "MoveAhead",
            "intentions": null,
            "pickedObject": null,
            "openedObject": null
        },
        {
            "action": "MoveAhead",
            "intentions": null,
            "pickedObject": null,
            "openedObject": null
        },
        {
            "action": "MoveAhead",
            "intentions": null,
            "pickedObject": null,
            "openedObject": null
        },
        {
            "action": "RotateLeft",
            "intentions": null,
            "pickedObject": null,
            "openedObject": null
        },
        {
            "action": "MoveAhead",
            "intentions": null,
            "pickedObject": null,
            "openedObject": null
        },
        {
            "action": "MoveAhead",
            "intentions": null,
            "pickedObject": null,
            "openedObject": null
        },
        {
            "action": "MoveAhead",
            "intentions": null,
            "pickedObject": null,
            "openedObject": null
        },
        {
            "action": "PickUpObject",
            "intentions": null,
            "pickedObject": "Apple|surface|8|36",
            "openedObject": null
        },
        {
            "action": "end",
            "intentions": null,
            "pickedObject": null,
            "openedObject": null
        }
    ],
    "pickupable_objects": [
        [],
        [],
        [],
        [],
        [],
        [
            "CreditCard|surface|8|44",
            "Potato|surface|8|43",
            "Plate|surface|8|42",
            "Spatula|surface|8|37",
            "Lettuce|surface|8|35",
            "SprayBottle|surface|8|33",
            "SaltShaker|surface|8|31"
        ],
        [
            "CreditCard|surface|8|44",
            "Potato|surface|8|43",
            "Plate|surface|8|42",
            "Spatula|surface|8|37",
            "Apple|surface|8|36",
            "Lettuce|surface|8|35",
            "DishSponge|surface|8|34",
            "SprayBottle|surface|8|33",
            "Bottle|surface|8|32",
            "SaltShaker|surface|8|31",
            "SoapBottle|surface|8|30"
        ],
        [
            "CreditCard|surface|8|44",
            "Potato|surface|8|43",
            "Plate|surface|8|42",
            "Spatula|surface|8|37",
            "Apple|surface|8|36",
            "Lettuce|surface|8|35",
            "DishSponge|surface|8|34",
            "SprayBottle|surface|8|33",
            "Bottle|surface|8|32",
            "SaltShaker|surface|8|31",
            "SoapBottle|surface|8|30"
        ],
        [
            "CreditCard|surface|8|44",
            "Potato|surface|8|43",
            "Plate|surface|8|42",
            "Spatula|surface|8|37",
            "Apple|surface|8|36",
            "Lettuce|surface|8|35",
            "DishSponge|surface|8|34",
            "SprayBottle|surface|8|33",
            "Bottle|surface|8|32",
            "SaltShaker|surface|8|31",
            "SoapBottle|surface|8|30"
        ],
        [
            "CreditCard|surface|8|44",
            "Potato|surface|8|43",
            "Plate|surface|8|42",
            "Spatula|surface|8|37",
            "Apple|surface|8|36",
            "Lettuce|surface|8|35",
            "DishSponge|surface|8|34",
            "SprayBottle|surface|8|33",
            "Bottle|surface|8|32",
            "SaltShaker|surface|8|31",
            "SoapBottle|surface|8|30"
        ]
    ],
    "openable_objects": [
        [
            "door|5|8",
            "door|4|5"
        ],
        [
            "door|5|8",
            "Toilet|5|0"
        ],
        [
            "door|5|8"
        ],
        [
            "door|5|8"
        ],
        [
            "door|5|8"
        ],
        [
            "door|5|8"
        ],
        [],
        [
            "door|6|8"
        ],
        [
            "door|6|8"
        ],
        [
            "door|6|8"
        ]
    ]
}