{
    "house_id": 7558,
    "intentions": [],
    "target_object_type": "Pen",
    "frames_dir": "expert_annotations/frames/house_7558/Pen/",
    "actions": [
        {
            "action": "MoveAhead",
            "intentions": "This seems to be a bathroom. Pen should not be here. ",
            "pickedObject": null,
            "openedObject": null
        },
        {
            "action": "RotateRight",
            "intentions": null,
            "pickedObject": null,
            "openedObject": null
        },
        {
            "action": "MoveAhead",
            "intentions": null,
            "pickedObject": null,
            "openedObject": null
        },
        {
            "action": "MoveAhead",
            "intentions": null,
            "pickedObject": null,
            "openedObject": null
        },
        {
            "action": "MoveAhead",
            "intentions": null,
            "pickedObject": null,
            "openedObject": null
        },
        {
            "action": "MoveAhead",
            "intentions": null,
            "pickedObject": null,
            "openedObject": null
        },
        {
            "action": "MoveAhead",
            "intentions": null,
            "pickedObject": null,
            "openedObject": null
        },
        {
            "action": "RotateLeft",
            "intentions": null,
            "pickedObject": null,
            "openedObject": null
        },
        {
            "action": "MoveAhead",
            "intentions": "Pen can be somewhere on the dresser. ",
            "pickedObject": null,
            "openedObject": null
        },
        {
            "action": "MoveRight",
            "intentions": null,
            "pickedObject": null,
            "openedObject": null
        },
        {
            "action": "MoveRight",
            "intentions": null,
            "pickedObject": null,
            "openedObject": null
        },
        {
            "action": "MoveAhead",
            "intentions": null,
            "pickedObject": null,
            "openedObject": null
        },
        {
            "action": "MoveRight",
            "intentions": null,
            "pickedObject": null,
            "openedObject": null
        },
        {
            "action": "PickUpObject",
            "intentions": "There is a pen visible on the dresser. ",
            "pickedObject": "Pen|surface|8|64",
            "openedObject": null
        },
        {
            "action": "end",
            "intentions": null,
            "pickedObject": null,
            "openedObject": null
        }
    ],
    "pickupable_objects": [
        [],
        [],
        [],
        [],
        [],
        [],
        [],
        [
            "DeskLamp|surface|8|56"
        ],
        [],
        [],
        [
            "Pen|surface|8|64",
            "AlarmClock|surface|8|57",
            "CellPhone|surface|8|55",
            "CellPhone|surface|8|54",
            "Statue|surface|8|53",
            "Vase|surface|8|52"
        ],
        [
            "Pen|surface|8|64",
            "AlarmClock|surface|8|57",
            "CellPhone|surface|8|55",
            "CellPhone|surface|8|54",
            "Statue|surface|8|53",
            "Vase|surface|8|52"
        ],
        [
            "Pen|surface|8|64",
            "AlarmClock|surface|8|57",
            "CellPhone|surface|8|55",
            "CellPhone|surface|8|54",
            "Statue|surface|8|53",
            "Vase|surface|8|52"
        ],
        [
            "Pen|surface|8|64",
            "AlarmClock|surface|8|57",
            "CellPhone|surface|8|55",
            "CellPhone|surface|8|54",
            "Statue|surface|8|53",
            "Vase|surface|8|52"
        ],
        [
            "Pen|surface|8|64",
            "AlarmClock|surface|8|57",
            "CellPhone|surface|8|55",
            "CellPhone|surface|8|54",
            "Statue|surface|8|53",
            "Vase|surface|8|52"
        ]
    ],
    "openable_objects": [
        [
            "door|2|9",
            "door|8|9"
        ],
        [
            "door|2|9",
            "door|8|9"
        ],
        [
            "door|8|9"
        ],
        [
            "door|8|9"
        ],
        [
            "door|8|9"
        ],
        [
            "door|8|9"
        ],
        [],
        [],
        [
            "door|8|9"
        ],
        [
            "Dresser|8|1___3",
            "Dresser|8|1___2",
            "Dresser|8|1___1",
            "Dresser|8|1___0"
        ],
        [
            "Dresser|8|1___3",
            "Dresser|8|1___2",
            "Dresser|8|1___1",
            "Dresser|8|1___0"
        ],
        [
            "Dresser|8|1___3",
            "Dresser|8|1___2",
            "Dresser|8|1___1",
            "Dresser|8|1___0"
        ],
        [
            "Dresser|8|1___3",
            "Dresser|8|1___2",
            "Dresser|8|1___1",
            "Dresser|8|1___0"
        ],
        [
            "Dresser|8|1___3",
            "Dresser|8|1___2",
            "Dresser|8|1___1",
            "Dresser|8|1___0"
        ],
        [
            "Dresser|8|1___3",
            "Dresser|8|1___2",
            "Dresser|8|1___1",
            "Dresser|8|1___0"
        ]
    ]
}