{
    "house_id": 7558,
    "intentions": [],
    "target_object_type": "Laptop",
    "frames_dir": "expert_annotations/frames/house_7558/Laptop/",
    "actions": [
        {
            "action": "MoveAhead",
            "intentions": "This room looks like restroom. The laptop will not be here.",
            "pickedObject": null,
            "openedObject": null
        },
        {
            "action": "RotateLeft",
            "intentions": null,
            "pickedObject": null,
            "openedObject": null
        },
        {
            "action": "MoveAhead",
            "intentions": null,
            "pickedObject": null,
            "openedObject": null
        },
        {
            "action": "MoveAhead",
            "intentions": null,
            "pickedObject": null,
            "openedObject": null
        },
        {
            "action": "MoveAhead",
            "intentions": null,
            "pickedObject": null,
            "openedObject": null
        },
        {
            "action": "MoveAhead",
            "intentions": null,
            "pickedObject": null,
            "openedObject": null
        },
        {
            "action": "MoveAhead",
            "intentions": null,
            "pickedObject": null,
            "openedObject": null
        },
        {
            "action": "RotateRight",
            "intentions": null,
            "pickedObject": null,
            "openedObject": null
        },
        {
            "action": "MoveAhead",
            "intentions": "There is television across the door. The laptop can be with it.",
            "pickedObject": null,
            "openedObject": null
        },
        {
            "action": "MoveAhead",
            "intentions": null,
            "pickedObject": null,
            "openedObject": null
        },
        {
            "action": "MoveAhead",
            "intentions": null,
            "pickedObject": null,
            "openedObject": null
        },
        {
            "action": "MoveAhead",
            "intentions": null,
            "pickedObject": null,
            "openedObject": null
        },
        {
            "action": "MoveAhead",
            "intentions": null,
            "pickedObject": null,
            "openedObject": null
        },
        {
            "action": "MoveAhead",
            "intentions": null,
            "pickedObject": null,
            "openedObject": null
        },
        {
            "action": "MoveLeft",
            "intentions": null,
            "pickedObject": null,
            "openedObject": null
        },
        {
            "action": "PickUpObject",
            "intentions": null,
            "pickedObject": "Laptop|surface|3|28",
            "openedObject": null
        },
        {
            "action": "end",
            "intentions": "Got the laptop!!",
            "pickedObject": null,
            "openedObject": null
        }
    ],
    "pickupable_objects": [
        [],
        [],
        [
            "Plunger|9|3"
        ],
        [],
        [],
        [],
        [],
        [],
        [],
        [],
        [],
        [],
        [
            "Laptop|surface|3|28",
            "Watch|surface|3|27",
            "TissueBox|surface|3|23",
            "CellPhone|surface|3|22",
            "RemoteControl|surface|3|19"
        ],
        [
            "Laptop|surface|3|28",
            "Watch|surface|3|27",
            "Pencil|surface|3|25",
            "TissueBox|surface|3|23",
            "CellPhone|surface|3|22",
            "RemoteControl|surface|3|19"
        ],
        [
            "Laptop|surface|3|28",
            "Watch|surface|3|27",
            "RemoteControl|surface|3|19"
        ],
        [
            "Laptop|surface|3|28",
            "Watch|surface|3|27",
            "RemoteControl|surface|3|19"
        ],
        [
            "Laptop|surface|3|28"
        ]
    ],
    "openable_objects": [
        [
            "door|2|9",
            "door|8|9"
        ],
        [
            "door|2|9",
            "door|8|9"
        ],
        [
            "door|2|9"
        ],
        [
            "door|2|9"
        ],
        [
            "door|2|9"
        ],
        [
            "door|2|9"
        ],
        [],
        [],
        [
            "door|2|9"
        ],
        [],
        [],
        [
            "door|3|5"
        ],
        [
            "door|3|5",
            "Laptop|surface|3|28"
        ],
        [
            "door|3|5",
            "Laptop|surface|3|28"
        ],
        [
            "door|3|5",
            "Laptop|surface|3|28"
        ],
        [
            "door|3|5",
            "Laptop|surface|3|28"
        ],
        [
            "door|3|5",
            "Laptop|surface|3|28"
        ]
    ]
}