image,prompt
frame_0.jpg,"a room with a bed and a dresser, a raytraced image, inspired by Félix Vallotton, postminimalism, hand on the doorknob, jerma, design your own avatar, hairy legs, with ominous shadows, tall door, maple story, first person view, the shining, yoworld, ai startup"
frame_1.jpg,"a room with a bed and a desk in it, a screenshot, inspired by John Crawford Brown, blender npr, news archive, appgamekit"
frame_2.jpg,"a room with a bed, a dresser and a mirror, a screenshot, inspired by Bedwyr Williams, virtual reality metaverse engine, other bedrooms can be seen, jerma, without text, 64x64, streaming on twitch, bump map, ultra realistic classic, twitch streamer"
frame_3.jpg,"a room with a bed and a desk in it, a screenshot, inspired by John Crawford Brown, blender npr, black teenage boy, front page, mit technology review, plain walls |somber white eyes, mobile learning app prototype, toy room, dreamworld, 9 5, apartment, 2 0 1 9"
frame_4.jpg,"a room with a bed and a desk in it, inspired by Paul Kelpe, postminimalism, puddle of milk, -h 960, siggraph, streaming on twitch, augmented reality, 1 9 9 9 aesthetic, 64x64, realistic human movement, bad dream, white map library, utradetailed"
frame_5.jpg,"a room with a bed, a dresser and a painting on the wall, inspired by Paul Kelpe, polycount, rules dream world, streaming on twitch, ai researcher, utradetailed, one-point perspective, sports car in the room, opengl, creating a soft, without text, ar"
frame_6.jpg,"a room with a bed, a dresser and pictures on the wall, a screenshot, polycount, postminimalism, mit technology review, mobile learning app prototype, sport game, psx screenshot, environments, fps game"
frame_7.jpg,"a room with a bed and a basketball on the floor, a screenshot, inspired by John Crawford Brown, postminimalism, mit technology review, mobile app, cgworld, 90 60 90, depth perception, uploaded, 9 5"
frame_8.jpg,"a bed room with a bed a dresser and a painting, polycount, postminimalism, first - person view, 3 d icon for mobile game, the world without form and void, prosthetic leg, screenshot from the game, 64x64, streaming on twitch, prototype, sleep, ssao"
frame_9.jpg,"a bed room with a neatly made bed and a dresser, inspired by Leandro Erlich, polycount, mobile learning app prototype, 3 rd person action adventure, mit technology review, gameplay, crime photos, android, 8 1 5, door, gameplay video"
frame_10.jpg,"a bed room with a neatly made bed and a dresser, inspired by Leandro Erlich, polycount, mobile learning app prototype, 3 rd person action adventure, tall door, jerma985, kojima, rated t for teen, skeb.jp, google parti quality, fps game, ( ( ( ( ( bomb"
frame_11.jpg,"a bed room with a neatly made bed and a flat screen tv, inspired by Paul Kelpe, polycount, your personal data avatar, from arknights, trending on weasyl, tall door, add text: auto repair, higurashi, first-person pov, lovers melting into bed, on amino"
frame_12.jpg,"a bed room with a neatly made bed and a flat screen tv, inspired by Balthus, polycount, autechre, higurashi, unity 3 d, mobile learning app prototype, noise rock album cover, ex machina (2014), tripmachine, streaming on twitch, shonen"
frame_13.jpg,"a bed room with a neatly made bed and a flat screen tv, inspired by Balthus, polycount, autechre, higurashi, unity 3 d, mobile learning app prototype, noise rock album cover, ex machina (2014), tripmachine, streaming on twitch, shonen"
frame_14.jpg,"a bed room with a neatly made bed and a flat screen tv, inspired by Balthus, polycount, autechre, higurashi, unity 3 d, mobile learning app prototype, noise rock album cover, ex machina (2014), tripmachine, streaming on twitch, shonen"
frame_15.jpg,"a bed room with a neatly made bed and a flat screen tv, inspired by Paul Kelpe, polycount, net art, cctv camera footage, screenshot from the game, speculative futures, 3d shadowing, japan studio game, mit technology review, surrealisme aesthetic, app, vr"
frame_16.jpg,"a bed room with a neatly made bed and a flat screen tv, inspired by Paul Kelpe, polycount, your personal data avatar, the scary empty liminal spaces, mit technology review, videogame render, duane hanson, destructible environments, surrealisme aesthetic"
frame_17.jpg,"a bed room with a neatly made bed and a flat screen tv, inspired by Paul Kelpe, polycount, your personal data avatar, the scary empty liminal spaces, mit technology review, videogame render, duane hanson, destructible environments, surrealisme aesthetic"
frame_18.jpg,"a bed room with a neatly made bed, inspired by Richard Hamilton, polycount, postminimalism, cctv footage of a movie set, other bedrooms can be seen, using a vr headset, phantom dust gameplay screenshot, mit technology review, screenshot from the game, loss"
frame_19.jpg,"a room with a bed and a television in it, a raytraced image, postminimalism, garbage wheel bin, masked person in corner, an ai generated image, third-person view, android close to camera, japan studio game, (empty black void), photo 3 d, streaming, nge, bed"
frame_20.jpg,"a room with a bed and a television in it, a raytraced image, by Puru, net art, trash can, mobile learning app prototype, from disney pixar's up (2009), black face, 64x64, shinkiro, dribbble, third person gameplay, surveillance camera"
frame_21.jpg,"a room with a bed and a television in it, a screenshot, inspired by Malevich, prosthetic arm, 360, dribbble, black void, sink"
frame_22.jpg,"a bathroom with a toilet and a trash can, a raytraced image, net art, snow is falling, upper body avatar, black house, test, datanft as a data avatar, white concrete floor, black border: 0.75, floating objects, 5 7 9, third-person view"
frame_23.jpg,"a black trash can sitting on top of a white floor, a screenshot, inspired by Rube Goldberg, objective abstraction, portrait casting long shadows, portrait of gigachad, destroying the walls, no foliage, cameraphone 2002, jerma985, listing image, black face"
frame_24.jpg,"a room with a bed and a desk in it, a screenshot, inspired by Édouard Vuillard, net art, mobile game asset, using a vr headset, third person gameplay, japan studio game, nursing home, mit technology review, [ horror game ]"
frame_25.jpg,"a room with a bed and a desk in it, a screenshot, inspired by Balthus, new objectivity, mit technology review, first - person view, highly details content, mobile game, bed, crime photos, dsrl photo, app, depth perception, 6 4 0, utradetailed, ramps, ui"
frame_26.jpg,"a room with a bed and a desk in it, a screenshot, inspired by Balthus, new objectivity, mit technology review, first - person view, unsettling images, mobile game, 90 60 90, stealth, doors to various bedrooms, hi"
frame_27.jpg,"a room with a bed and a desk in it, a screenshot, inspired by Leandro Erlich, optical illusion, legs taking your pov, from valve, trending on weasyl, 2 0 0 1 : a space odyssey, narrow footpath, from evangelion, portal game 9 4 4 9 9 valve, mit technology review"
frame_28.jpg,"a room with a bed and a desk in it, a screenshot, inspired by Edward Bailey, new objectivity, first person perspective, mobile learning app prototype, jerma985, key is on the center of image, nitid horizon, tall door, frostbite 3 engine rendered, 4 0 9 6"
frame_29.jpg,"a room with a door and a table in it, a screenshot, inspired by Stanislav Zhukovsky, net art, style of mirror\'s edge, mobile learning app prototype, mit technology review, psychological horror, japan studio game, apartment design, utradetailed, 3-d"
frame_30.jpg,"a view of a living room from the hallway, a screenshot, inspired by Stanislav Zhukovsky, vinesauce, mobile learning app prototype, style of mirror\'s edge, higurashi, mit technology review, has a very realistic look to it, ai researcher, utradetailed"
frame_31.jpg,"a living room with a couch and a table, a digital rendering, inspired by John Crawford Brown, [ horror game ], mit technology review, ue marketplace, realisms, jerma985, many doorways, 64x64, the artist has used bright, empty floor, twitch streamer, lived in"
frame_32.jpg,"a computer generated image of a living room, inspired by William Home Lizars, virtual metaverse room, wooden floor boards, mobile learning app prototype, apartment hallway, depth blur, sunny environment, computer generated, bog, wood door, 50mp, front page, pre-rendered"
frame_33.jpg,"a computer generated image of a living room, a screenshot, inspired by Eero Snellman, tall door, third-person view, mobile learning app prototype, orange: 0.5, streaming on twitch, 3 d highly detailed, small path up to door, pre-rendered, immersive"
frame_34.jpg,"a computer generated image of a living room, a screenshot, inspired by John Crawford Brown, full body profile camera shot, mobile learning app prototype, screenshot from the game, studio orange, mit technology review, vignette, first person screenshot, old apartment, spy, screenshot"
frame_35.jpg,"a living room filled with furniture and a door, a screenshot, inspired by Eero Snellman, spy, first person point of view, mit technology review, mobile game, jerma985, realistic »"
frame_36.jpg,"a living room filled with furniture and a lamp, a screenshot, inspired by Marius Borgeaud, disassemble the computer, first-person, hand on the doorknob, is essentially arbitrary, father figure image, streaming on twitch, totorrl, gamedesign, game assets, spy"
frame_37.jpg,"a living room filled with furniture and a lamp, a screenshot, inspired by Marius Borgeaud, computer - generated, unity engine, jerma, worm's-eye view, streaming on twitch, mit technology review, destroying houses, untextured, hgtv"
frame_38.jpg,"a living room with a couch and a chair, a screenshot, inspired by Rube Goldberg, metaverse, standing on a skateboard, accessible for the disabled, brightly lit blue room, mit technology review, narrow footpath, third-person view, shadow effect, 2 0 1 9, aaron sims, car garage, ffffound"
frame_39.jpg,"a living room with a couch and a chair, a screenshot, inspired by Rube Goldberg, metaverse, standing on a skateboard, accessible for the disabled, brightly lit blue room, mit technology review, narrow footpath, third-person view, shadow effect, 2 0 1 9, aaron sims, car garage, ffffound"
frame_40.jpg,"a computer generated image of a living room, a screenshot, new objectivity, long dark shadows, hand on the doorknob, avatar image, ant pov from the floor, golden hour scene, mit technology review, small path up to door, frontpage, texturing xyz, suburban home, description"
frame_41.jpg,"a view of a room with a table and chairs, net art, long dark shadows, virtual metaverse room, without text, sharp focus on houses, about to enter doorframe, in an attic, mobile learning app prototype, boardgamegeek, mit technology review, gameplay"
frame_42.jpg,"a computer generated view of a kitchen and dining room, inspired by John Crawford Brown, first person shooter, mobile learning app prototype, streaming on twitch, midwest town, highly detailed and hypnotic, inside an old apartment, mit technology review, vr, chalet, pfp"
frame_43.jpg,"a computer generated image of a kitchen and dining room, inspired by John Crawford Brown, first person shooter, android phones, medium height, mit technology review, streaming on twitch, no foliage, people looking at a house, 2007 blog, avatar image, yoworld, lowpoly, screenshot"
frame_44.jpg,"a computer generated image of a kitchen and dining room, inspired by John Crawford Brown, first person shooter, mobile learning app prototype, dirty apartment, 64x64, mit technology review, gallery, avatar image, jerma 9 8 5, blue - ray screenshot, artstatiom, official screenshot"
frame_45.jpg,"a room that has a table and chairs in it, a digital rendering, inspired by Pieter de Hooch, walter white in roblox, doors to various living quarters, playstation 2 gameplay still, mit technology review, radiohead album art cover, bakery, 2010, h 1024, utradetailed, description"
frame_46.jpg,"a room that has a table and chairs in it, a screenshot, american scene painting, the encrypted metaverse, the photo shows a large, overheard camera view of kitchen, blue: 0.25, in a comfy house, lowpoly, discord profile picture, gamedesign, destroying houses"
frame_47.jpg,"a room that has a table and chairs in it, a screenshot, inspired by John Crawford Brown, disassemble the computer, refrigerator, inside a modern apartment, no foliage, mysterious highly detailed, nostalgia, website screenshot, avatar image, low definition, without text"
frame_48.jpg,"a room with a desk and a chair in it, a screenshot, postminimalism, upper body avatar, medium blue, trash can, female thief, as a fortnite character, portrait of an ai, hyppereality, photo 3 d, apartment, tall female angel, single long stick, security camera photo, without duplication content"
frame_49.jpg,"a computer generated image of a room, a screenshot, inspired by John Laviers Wheatley, Artstation, postminimalism, will smith disney infinity, trash can, tiny statue on display, ((blue)), on amino, from disney pixar's up (2009), bookshelf, streaming on twitch"
frame_50.jpg,"a computer desk with a blue trash can on top of it, a screenshot, inspired by Doc Hammer, context art, zentai suit, bronze statue and silver, on amino, unity asset store, thief, taking a selfie, short bookshelf, praised, first place, upper body avatar, very tiny"
frame_51.jpg,"a room that has a table and chairs in it, a digital rendering, inspired by Pieter de Hooch, walter white in roblox, lived in, for displaying recipes, streaming on twitch, anxious. highly detailed, inside a cluttered kitchen, american realist"
frame_52.jpg,"a computer generated image of a kitchen and dining room, inspired by Pieter de Hooch, mobile learning app prototype, from half-life 2, ebay listing thumbnail, roblox avatar, craftsman home, mit technology review, android phones, the scary empty liminal spaces, height 1 7 8, description, pfp, ffffound"
frame_53.jpg,"a computer generated image of a kitchen and dining room, inspired by Pieter de Hooch, mobile learning app prototype, from half-life 2, ebay listing thumbnail, roblox avatar, craftsman home, mit technology review, android phones, the scary empty liminal spaces, height 1 7 8, description, pfp, ffffound"
frame_54.jpg,"a room that has a table and chairs in it, a computer rendering, inspired by Pieter de Hooch, net art, in game screenshot, mobile learning app prototype, destroying houses, for displaying recipes, white background with shadows, tall door, in a japanese apartment, 64x64, well rendered.:1"
frame_55.jpg,"a computer generated image of a dining room, inspired by Pieter de Hooch, net art, short bookshelf, third person gameplay, occlusion shadow, apartment design, mobile learning app prototype, in a japanese apartment, gamedesign, crime scene photo, website screenshot, no foliage, screenshot from the game, model trees"
frame_56.jpg,"a computer generated image of a dining room, inspired by Pieter de Hooch, net art, short bookshelf, third person gameplay, occlusion shadow, apartment design, mobile learning app prototype, in a japanese apartment, gamedesign, crime scene photo, website screenshot, no foliage, screenshot from the game, model trees"
frame_57.jpg,"a room with a desk and a mirror, a computer rendering, streaming on twitch, ambient oclusion, bookshelf, mit technology review, videogame asset"
frame_58.jpg,"a computer generated image of a living room, inspired by Raphaelle Peale, new objectivity, third person gameplay, occasional small rubble, bookshelf, lamp ( ( ( mirror ) ) ) ), upper body avatar, hallway, cloud storage, sharp focus on houses, height 1 7 8, dynamic shadow"
frame_59.jpg,"a room with a ladder and a desk in it, a screenshot, inspired by Raphaelle Peale, new objectivity, white ceramic shapes, protagonist in foreground, destroying houses, shelf, shonen, upper body avatar, play, listing image, first person, asset"
frame_60.jpg,"a computer monitor sitting on top of a wooden desk, a screenshot, inspired by Leandro Erlich, new objectivity, upper body avatar, inspect in inventory image, jar on a shelf, unity 3 d, android phones, shadow resolution, complete house, avatar image, miniature, armored units, character is standing"
frame_61.jpg,"a computer monitor sitting on top of a desk, a screenshot, inspired by Rube Goldberg, photorealism, inspect in inventory image, he is holding a smartphone, ambient oclusion, about to enter doorframe, bad selfie, short bookshelf, unity 3 d, screenshot from the game, desenho, vrchat"
frame_62.jpg,"a computer monitor sitting on top of a desk, a screenshot, inspired by hajime sorayama, hypermodernism, faked ticket close up, screenshot from the game, short bookshelf, wearing vr, holding ace card, about to enter doorframe, from arknights, upsidedown, hyperrealisim"
