image,prompt
frame_0.jpg,"a person standing in front of a door in a room, an ambient occlusion render, inspired by Leandro Erlich, photorealism, highly realistic. live cam, pc game with ui, black cloak hidden in shadows, streaming on twitch, detailed photo of virtual world, tall door, volumetric lighting — w 6 4 0"
frame_1.jpg,"a room with a door and a table in it, a screenshot, new objectivity, style of mirror\'s edge, mit technology review, harsh shadows and reflections, mobile learning app prototype, skeb.jp, hyperrealistic simulation"
frame_2.jpg,"a computer generated image of a living room, a screenshot, inspired by John Crawford Brown, kafkaesque, third - person, blue scheme, first-person, 64x64, police station, gumroad, someone in home sits in bed"
frame_3.jpg,"a room with a desk and a chair in it, a screenshot, net art, third person gameplay, appgamekit, crime scene, blue: 0.5, mit technology review, destroying houses, ssao, boissb - blanca. j, gamedesign, hand on the doorknob, various scenarios, 64x64"
frame_4.jpg,"a room with a desk and a chair in it, a screenshot, inspired by Chris Ware, serial art, style of mirror\'s edge, fbi raid, mobile learning app prototype, japan studio game, mit technology review, psychological horror, surrealisme aesthetic, 64x64, first person"
frame_5.jpg,"a room with a desk and a chair in it, a screenshot, inspired by Balthus, postminimalism, using a vr headset, mit technology review, police tape, screenshot from the game, mobile, tall door, 64x64, 2 0 1 9, unsettling images, anti-aliased"
frame_6.jpg,"a computer monitor sitting on top of a desk in a room, a screenshot, inspired by Pieter de Hooch, postminimalism, you can see all the passageways, hand on the doorknob, first-person view, streaming on twitch, gamedesign, higurashi, mit technology review, utradetailed"
frame_7.jpg,"a room with a desk and a chair in it, a screenshot, inspired by Pieter de Hooch, net art, third person gameplay, hand on the doorknob, sharp focus on houses, in a japanese apartment, mit technology review, gamedesign, orthographic, crime scene photo, door"
frame_8.jpg,"a room with a ladder in the middle of it, a screenshot, inspired by Pieter de Hooch, net art, shadow cast of dark corridor, looming creature with a long, first-person view, destroying houses, blue shadows, photorealsitic, profile picture 1024px, realistic shapes"
frame_9.jpg,"the shadow of a person standing in front of a door, a raytraced image, new objectivity, jerma, location of a dark old house, protagonist in foreground, blue: 0.5, virtual engine 5, old apartment, destructible enviorments, consist of shadow, antview"
frame_10.jpg,"a room with a ladder and a bed in it, a screenshot, inspired by Pieter de Hooch, net art, deep blue shadows, first-person view, destroying houses, consist of shadow, 64x64, japan studio game, gentle shadowing, catalog photo, upper body avatar, map key"
frame_11.jpg,"a bathroom with a toilet and a sink, a screenshot, inspired by Balthus, postminimalism, ((blue)), abandoned house interior, 64x64, first-person pov, aaron sims, 3 mm, lossless, polearm, (jean jules linden), tripwire"
frame_12.jpg,"a room with a bed and a desk in it, a screenshot, inspired by Leandro Erlich, new objectivity, spidery irregular shapes"
frame_13.jpg,"a bathroom with a toilet and a sink, a raytraced image, inspired by Malevich, first person gun, 64x64, long dark hallway"
frame_14.jpg,"a metal roof with a sky background, a raytraced image, inspired by Paul Kelpe, deconstructivism, long dark hallway, smooth light from upper left, featureless, very grainy texture, top-down shot, deep blue shadows"
frame_15.jpg,"a man standing in the middle of a room, a raytraced image, inspired by Leandro Erlich, context art, second life avatar, blue walls, in blueprint form, frostbite engine, wall wood fortress, bedroom interior, 64x64, diebenkorn, screenshot from the game, destroying houses"
frame_16.jpg,"a bed sitting in a bedroom next to a window, inspired by Leandro Erlich, polycount, postminimalism, long dark hallway, decorative dark blue clothing, gamedesign, walls are made of dry wall, first-person view, destroying houses, barracks, rendered in enscape"
frame_17.jpg,"a bed sitting inside of a bedroom next to a window, a screenshot, inspired by Balthus, postminimalism, in game engine, blue and black color scheme, avatar image, long dark hallway, upper body avatar, jerma 9 8 5, source engine map, angular minimalism"
frame_18.jpg,"a bed sitting in a bedroom next to a window, inspired by Gustave Caillebotte, polycount, sky blue and white color scheme, high angle security camera feed, dark concrete room, hanging from the ceiling, first-person, and blue, modern house, barracks, test, worth 1 0 0 0. com"
frame_19.jpg,"a room with a bed and a painting on the wall, concept art, inspired by Lucian Freud, postminimalism, roblox screenshot, playstation 2 gameplay still, streaming on twitch, worth 1 0 0 0. com, white map library, bad dream, gamedesign, sad cop looking at a, but minimalist, blue image"
frame_20.jpg,"a room with a bed and a picture on the wall, concept art, inspired by Sargent Johnson, postminimalism, life simulator game screenshot, medium blue, circa 2 0 0 8, death grips, 64x64, games 3 d, world of sleepers, artstatiom, lower quality, an eerie"
frame_21.jpg,"a room with a bed and a dresser in it, inspired by Sargent Johnson, polycount, postminimalism, pewdiepie, documentation, the monster under the bed, in game engine, stood in a cell, blue image, someone in home sits in bed, 64x64, dsrl photo, depressing image, police"
frame_22.jpg,"a room with a bed and a dresser in it, concept art, inspired by Sargent Johnson, postminimalism, walter white in roblox, screenshot of found footage, ceramic pot, detention centre, medium blue, 64x64, death grips, sleeping, and"
frame_23.jpg,"a room with a bed and a dresser in it, a low poly render, inspired by Sargent Johnson, postminimalism, in game engine, pewdiepie, the monster under the bed, stood in a cell, other bedrooms can be seen, medium blue, someone in home sits in bed, cardboard, gameplay"
frame_24.jpg,"a room with a bed and a dresser, inspired by Eero Snellman, trending on polycount, postminimalism, in foreground boy with shotgun, stood in a cell, 64x64, rated t for teen, beds of shadows, lived in, a small"
frame_25.jpg,"a room with two beds and a dresser, a raytraced image, by Bedwyr Williams, new objectivity, boy with cat ears and tail, streaming on twitch, unreal engine generation, blurry image, grainy. poorly rated, small dog, ghostly teenager bedroom, bathtub, indieground, blue shadows, lonely"
frame_26.jpg,"the shadow of a person standing on a bed, a raytraced image, inspired by René Magritte, gameplay footage, morning golden hour, cat is floating in air, long-arms, large globe, 64x64, streaming on twitch, lonely and sad, toddler, no foliage, epic horror"
frame_27.jpg,"the shadow of a person standing on a bed, featured on polycount, the tree is on top of a calm sea, an ai generated image, eerie person silhouette, potted plant, is at dawn and bluish, 3 rd person game, looks like a tree silhouette, aliased, oak, indie game"
frame_28.jpg,"a room with a bed and a dresser in it, a still life, polycount, postminimalism, basketball ball, brown wood cabinets, what depression looks like, aaron sims, streaming on twitch, minimalist photo, roblox, lossless quality"
frame_29.jpg,"a cat laying on the floor next to a dresser, a raytraced image, inspired by William Michael Harnett, postminimalism, wears a watch, six from little nightmares, jerma985 in fortnite, cottage decor, navy blue, gamedev, uncluttered, aliased, the rapture, belt"
frame_30.jpg,"a cat sitting on top of a wooden dresser, a raytraced image, sots art, regal dark blue clothes, unity3d, bank robbery, sitting at a computer desk, this character has cryokinesis, navy blue, inspect in inventory image, very tiny, small boat, perfect shadow, gamedev"
frame_31.jpg,"a wooden table with a cd on top of it, a hologram, polycount, standing in corner of room, pocketwatch, building anticipation, item, deep dark blue, an ai generated image, jar on a shelf, the ring is horizontal, unsettling image, playstation 2, roblox, 2 d image"
frame_32.jpg,"a wooden table with a cup on top of it, a raytraced image, jewel case, playstation 2 horror game, life is strange, cds"
