,Unnamed: 0,image,prompt,action,gpt_prompt
0,0,frame_0.jpg,"a person standing in front of a door in a room, an ambient occlusion render, inspired by Leandro Erlich, photorealism, highly realistic. live cam, pc game with ui, black cloak hidden in shadows, streaming on twitch, detailed photo of virtual world, tall door, volumetric lighting — w 6 4 0","

Move to the drawing room: The goal is to find the alarm clock, and the next best step is to move to the drawing room, in order to look for the alarm clock.","I am in an unknown house.

This is the floorplan, from a top-down view.
On the bottom left, is the kitchen with a refrigerator in front, where you are currently located. To the right of the current position, is the drawing room which has a table near the entry, a sofa and a T.V in front of it. Connecting to the kitchen on the top right is a rectangular bedroom in a verticle fashion which can be entered through a door in the kitchen. In the bedroom on the bottom right corner is a bathroom which can be entered from the bedroom.

The goal is to find the shortest path to the AlarmClock, giving a detailed step-by-step trajectory.

We are given the frame description as follows - 
a person standing in front of a door in a room, an ambient occlusion render, inspired by Leandro Erlich, photorealism, highly realistic. live cam, pc game with ui, black cloak hidden in shadows, streaming on twitch, detailed photo of virtual world, tall door, volumetric lighting — w 6 4 0

Generate the next best possible single action and the intention behind the action as colon-separated action and intention."
1,1,frame_1.jpg,"a room with a door and a table in it, a screenshot, new objectivity, style of mirror\'s edge, mit technology review, harsh shadows and reflections, mobile learning app prototype, skeb.jp, hyperrealistic simulation","

The next best possible single action is to walk to the door of the bedroom and the intention is to enter the bedroom.","I am in an unknown house.

This is the floorplan, from a top-down view.
On the bottom left, is the kitchen with a refrigerator in front, where you are currently located. To the right of the current position, is the drawing room which has a table near the entry, a sofa and a T.V in front of it. Connecting to the kitchen on the top right is a rectangular bedroom in a verticle fashion which can be entered through a door in the kitchen. In the bedroom on the bottom right corner is a bathroom which can be entered from the bedroom.

The goal is to find the shortest path to the AlarmClock, giving a detailed step-by-step trajectory.

We are given the frame description as follows - 
a room with a door and a table in it, a screenshot, new objectivity, style of mirror\'s edge, mit technology review, harsh shadows and reflections, mobile learning app prototype, skeb.jp, hyperrealistic simulation

Generate the next best possible single action and the intention behind the action as colon-separated action and intention."
2,2,frame_2.jpg,"a computer generated image of a living room, a screenshot, inspired by John Crawford Brown, kafkaesque, third - person, blue scheme, first-person, 64x64, police station, gumroad, someone in home sits in bed","

The next best possible single action would be to walk to the door in the kitchen that leads to the bedroom. The intention behind this action would be to find the alarm clock.","I am in an unknown house.

This is the floorplan, from a top-down view.
On the bottom left, is the kitchen with a refrigerator in front, where you are currently located. To the right of the current position, is the drawing room which has a table near the entry, a sofa and a T.V in front of it. Connecting to the kitchen on the top right is a rectangular bedroom in a verticle fashion which can be entered through a door in the kitchen. In the bedroom on the bottom right corner is a bathroom which can be entered from the bedroom.

The goal is to find the shortest path to the AlarmClock, giving a detailed step-by-step trajectory.

We are given the frame description as follows - 
a computer generated image of a living room, a screenshot, inspired by John Crawford Brown, kafkaesque, third - person, blue scheme, first-person, 64x64, police station, gumroad, someone in home sits in bed

Generate the next best possible single action and the intention behind the action as colon-separated action and intention."
3,3,frame_3.jpg,"a room with a desk and a chair in it, a screenshot, net art, third person gameplay, appgamekit, crime scene, blue: 0.5, mit technology review, destroying houses, ssao, boissb - blanca. j, gamedesign, hand on the doorknob, various scenarios, 64x64","

The next best possible single action is to walk to the door of the room and turn the knob with the intention of opening the door and exiting the room.","I am in an unknown house.

This is the floorplan, from a top-down view.
On the bottom left, is the kitchen with a refrigerator in front, where you are currently located. To the right of the current position, is the drawing room which has a table near the entry, a sofa and a T.V in front of it. Connecting to the kitchen on the top right is a rectangular bedroom in a verticle fashion which can be entered through a door in the kitchen. In the bedroom on the bottom right corner is a bathroom which can be entered from the bedroom.

The goal is to find the shortest path to the AlarmClock, giving a detailed step-by-step trajectory.

We are given the frame description as follows - 
a room with a desk and a chair in it, a screenshot, net art, third person gameplay, appgamekit, crime scene, blue: 0.5, mit technology review, destroying houses, ssao, boissb - blanca. j, gamedesign, hand on the doorknob, various scenarios, 64x64

Generate the next best possible single action and the intention behind the action as colon-separated action and intention."
4,4,frame_4.jpg,"a room with a desk and a chair in it, a screenshot, inspired by Chris Ware, serial art, style of mirror\'s edge, fbi raid, mobile learning app prototype, japan studio game, mit technology review, psychological horror, surrealisme aesthetic, 64x64, first person","

The best possible single action would be to walk towards the door in the kitchen that leads to the bedroom, with the intention of finding the alarm clock.","I am in an unknown house.

This is the floorplan, from a top-down view.
On the bottom left, is the kitchen with a refrigerator in front, where you are currently located. To the right of the current position, is the drawing room which has a table near the entry, a sofa and a T.V in front of it. Connecting to the kitchen on the top right is a rectangular bedroom in a verticle fashion which can be entered through a door in the kitchen. In the bedroom on the bottom right corner is a bathroom which can be entered from the bedroom.

The goal is to find the shortest path to the AlarmClock, giving a detailed step-by-step trajectory.

We are given the frame description as follows - 
a room with a desk and a chair in it, a screenshot, inspired by Chris Ware, serial art, style of mirror\'s edge, fbi raid, mobile learning app prototype, japan studio game, mit technology review, psychological horror, surrealisme aesthetic, 64x64, first person

Generate the next best possible single action and the intention behind the action as colon-separated action and intention."
5,5,frame_5.jpg,"a room with a desk and a chair in it, a screenshot, inspired by Balthus, postminimalism, using a vr headset, mit technology review, police tape, screenshot from the game, mobile, tall door, 64x64, 2 0 1 9, unsettling images, anti-aliased","

The next best possible single action is to walk to the door in the kitchen. The intention is to find the alarm clock.","I am in an unknown house.

This is the floorplan, from a top-down view.
On the bottom left, is the kitchen with a refrigerator in front, where you are currently located. To the right of the current position, is the drawing room which has a table near the entry, a sofa and a T.V in front of it. Connecting to the kitchen on the top right is a rectangular bedroom in a verticle fashion which can be entered through a door in the kitchen. In the bedroom on the bottom right corner is a bathroom which can be entered from the bedroom.

The goal is to find the shortest path to the AlarmClock, giving a detailed step-by-step trajectory.

We are given the frame description as follows - 
a room with a desk and a chair in it, a screenshot, inspired by Balthus, postminimalism, using a vr headset, mit technology review, police tape, screenshot from the game, mobile, tall door, 64x64, 2 0 1 9, unsettling images, anti-aliased

Generate the next best possible single action and the intention behind the action as colon-separated action and intention."
6,6,frame_6.jpg,"a computer monitor sitting on top of a desk in a room, a screenshot, inspired by Pieter de Hooch, postminimalism, you can see all the passageways, hand on the doorknob, first-person view, streaming on twitch, gamedesign, higurashi, mit technology review, utradetailed","

The next best possible single action is to turn the knob and open the door leading to the bedroom. The intention behind the action is to find the alarm clock.","I am in an unknown house.

This is the floorplan, from a top-down view.
On the bottom left, is the kitchen with a refrigerator in front, where you are currently located. To the right of the current position, is the drawing room which has a table near the entry, a sofa and a T.V in front of it. Connecting to the kitchen on the top right is a rectangular bedroom in a verticle fashion which can be entered through a door in the kitchen. In the bedroom on the bottom right corner is a bathroom which can be entered from the bedroom.

The goal is to find the shortest path to the AlarmClock, giving a detailed step-by-step trajectory.

We are given the frame description as follows - 
a computer monitor sitting on top of a desk in a room, a screenshot, inspired by Pieter de Hooch, postminimalism, you can see all the passageways, hand on the doorknob, first-person view, streaming on twitch, gamedesign, higurashi, mit technology review, utradetailed

Generate the next best possible single action and the intention behind the action as colon-separated action and intention."
7,7,frame_7.jpg,"a room with a desk and a chair in it, a screenshot, inspired by Pieter de Hooch, net art, third person gameplay, hand on the doorknob, sharp focus on houses, in a japanese apartment, mit technology review, gamedesign, orthographic, crime scene photo, door","

Move to the drawing room: The goal is to find the alarm clock, and the best way to do that is to explore the rooms in the house systematically. The drawing room is the next logical place to look.","I am in an unknown house.

This is the floorplan, from a top-down view.
On the bottom left, is the kitchen with a refrigerator in front, where you are currently located. To the right of the current position, is the drawing room which has a table near the entry, a sofa and a T.V in front of it. Connecting to the kitchen on the top right is a rectangular bedroom in a verticle fashion which can be entered through a door in the kitchen. In the bedroom on the bottom right corner is a bathroom which can be entered from the bedroom.

The goal is to find the shortest path to the AlarmClock, giving a detailed step-by-step trajectory.

We are given the frame description as follows - 
a room with a desk and a chair in it, a screenshot, inspired by Pieter de Hooch, net art, third person gameplay, hand on the doorknob, sharp focus on houses, in a japanese apartment, mit technology review, gamedesign, orthographic, crime scene photo, door

Generate the next best possible single action and the intention behind the action as colon-separated action and intention."
8,8,frame_8.jpg,"a room with a ladder in the middle of it, a screenshot, inspired by Pieter de Hooch, net art, shadow cast of dark corridor, looming creature with a long, first-person view, destroying houses, blue shadows, photorealsitic, profile picture 1024px, realistic shapes","

The next best possible single action is to move one space to the right and the intention is to get closer to the goal.","I am in an unknown house.

This is the floorplan, from a top-down view.
On the bottom left, is the kitchen with a refrigerator in front, where you are currently located. To the right of the current position, is the drawing room which has a table near the entry, a sofa and a T.V in front of it. Connecting to the kitchen on the top right is a rectangular bedroom in a verticle fashion which can be entered through a door in the kitchen. In the bedroom on the bottom right corner is a bathroom which can be entered from the bedroom.

The goal is to find the shortest path to the AlarmClock, giving a detailed step-by-step trajectory.

We are given the frame description as follows - 
a room with a ladder in the middle of it, a screenshot, inspired by Pieter de Hooch, net art, shadow cast of dark corridor, looming creature with a long, first-person view, destroying houses, blue shadows, photorealsitic, profile picture 1024px, realistic shapes

Generate the next best possible single action and the intention behind the action as colon-separated action and intention."
9,9,frame_9.jpg,"the shadow of a person standing in front of a door, a raytraced image, new objectivity, jerma, location of a dark old house, protagonist in foreground, blue: 0.5, virtual engine 5, old apartment, destructible enviorments, consist of shadow, antview","

The next best possible single action is to open the door in front of you. The intention behind the action is to enter the next room.","I am in an unknown house.

This is the floorplan, from a top-down view.
On the bottom left, is the kitchen with a refrigerator in front, where you are currently located. To the right of the current position, is the drawing room which has a table near the entry, a sofa and a T.V in front of it. Connecting to the kitchen on the top right is a rectangular bedroom in a verticle fashion which can be entered through a door in the kitchen. In the bedroom on the bottom right corner is a bathroom which can be entered from the bedroom.

The goal is to find the shortest path to the AlarmClock, giving a detailed step-by-step trajectory.

We are given the frame description as follows - 
the shadow of a person standing in front of a door, a raytraced image, new objectivity, jerma, location of a dark old house, protagonist in foreground, blue: 0.5, virtual engine 5, old apartment, destructible enviorments, consist of shadow, antview

Generate the next best possible single action and the intention behind the action as colon-separated action and intention."
10,10,frame_10.jpg,"a room with a ladder and a bed in it, a screenshot, inspired by Pieter de Hooch, net art, deep blue shadows, first-person view, destroying houses, consist of shadow, 64x64, japan studio game, gentle shadowing, catalog photo, upper body avatar, map key","

The next best possible single action is to walk to the right, into the drawing room. The intention behind the action is to find the alarm clock.","I am in an unknown house.

This is the floorplan, from a top-down view.
On the bottom left, is the kitchen with a refrigerator in front, where you are currently located. To the right of the current position, is the drawing room which has a table near the entry, a sofa and a T.V in front of it. Connecting to the kitchen on the top right is a rectangular bedroom in a verticle fashion which can be entered through a door in the kitchen. In the bedroom on the bottom right corner is a bathroom which can be entered from the bedroom.

The goal is to find the shortest path to the AlarmClock, giving a detailed step-by-step trajectory.

We are given the frame description as follows - 
a room with a ladder and a bed in it, a screenshot, inspired by Pieter de Hooch, net art, deep blue shadows, first-person view, destroying houses, consist of shadow, 64x64, japan studio game, gentle shadowing, catalog photo, upper body avatar, map key

Generate the next best possible single action and the intention behind the action as colon-separated action and intention."
11,11,frame_11.jpg,"a bathroom with a toilet and a sink, a screenshot, inspired by Balthus, postminimalism, ((blue)), abandoned house interior, 64x64, first-person pov, aaron sims, 3 mm, lossless, polearm, (jean jules linden), tripwire","

The next best possible single action is to go to the drawing room. The intention behind the action is to find the alarm clock.","I am in an unknown house.

This is the floorplan, from a top-down view.
On the bottom left, is the kitchen with a refrigerator in front, where you are currently located. To the right of the current position, is the drawing room which has a table near the entry, a sofa and a T.V in front of it. Connecting to the kitchen on the top right is a rectangular bedroom in a verticle fashion which can be entered through a door in the kitchen. In the bedroom on the bottom right corner is a bathroom which can be entered from the bedroom.

The goal is to find the shortest path to the AlarmClock, giving a detailed step-by-step trajectory.

We are given the frame description as follows - 
a bathroom with a toilet and a sink, a screenshot, inspired by Balthus, postminimalism, ((blue)), abandoned house interior, 64x64, first-person pov, aaron sims, 3 mm, lossless, polearm, (jean jules linden), tripwire

Generate the next best possible single action and the intention behind the action as colon-separated action and intention."
12,12,frame_12.jpg,"a room with a bed and a desk in it, a screenshot, inspired by Leandro Erlich, new objectivity, spidery irregular shapes","



Go to the drawing room: The intention is to find the alarm clock.","I am in an unknown house.

This is the floorplan, from a top-down view.
On the bottom left, is the kitchen with a refrigerator in front, where you are currently located. To the right of the current position, is the drawing room which has a table near the entry, a sofa and a T.V in front of it. Connecting to the kitchen on the top right is a rectangular bedroom in a verticle fashion which can be entered through a door in the kitchen. In the bedroom on the bottom right corner is a bathroom which can be entered from the bedroom.

The goal is to find the shortest path to the AlarmClock, giving a detailed step-by-step trajectory.

We are given the frame description as follows - 
a room with a bed and a desk in it, a screenshot, inspired by Leandro Erlich, new objectivity, spidery irregular shapes

Generate the next best possible single action and the intention behind the action as colon-separated action and intention."
13,13,frame_13.jpg,"a bathroom with a toilet and a sink, a raytraced image, inspired by Malevich, first person gun, 64x64, long dark hallway","

The next best possible single action is to walk towards the door in the kitchen which leads to the bedroom. The intention behind this action is to find the alarm clock.","I am in an unknown house.

This is the floorplan, from a top-down view.
On the bottom left, is the kitchen with a refrigerator in front, where you are currently located. To the right of the current position, is the drawing room which has a table near the entry, a sofa and a T.V in front of it. Connecting to the kitchen on the top right is a rectangular bedroom in a verticle fashion which can be entered through a door in the kitchen. In the bedroom on the bottom right corner is a bathroom which can be entered from the bedroom.

The goal is to find the shortest path to the AlarmClock, giving a detailed step-by-step trajectory.

We are given the frame description as follows - 
a bathroom with a toilet and a sink, a raytraced image, inspired by Malevich, first person gun, 64x64, long dark hallway

Generate the next best possible single action and the intention behind the action as colon-separated action and intention."
14,14,frame_14.jpg,"a metal roof with a sky background, a raytraced image, inspired by Paul Kelpe, deconstructivism, long dark hallway, smooth light from upper left, featureless, very grainy texture, top-down shot, deep blue shadows","



Move to the drawing room: The goal is to find the alarm clock, and the drawing room is the next best possible single action. The intention is to look for the alarm clock in the drawing room.","I am in an unknown house.

This is the floorplan, from a top-down view.
On the bottom left, is the kitchen with a refrigerator in front, where you are currently located. To the right of the current position, is the drawing room which has a table near the entry, a sofa and a T.V in front of it. Connecting to the kitchen on the top right is a rectangular bedroom in a verticle fashion which can be entered through a door in the kitchen. In the bedroom on the bottom right corner is a bathroom which can be entered from the bedroom.

The goal is to find the shortest path to the AlarmClock, giving a detailed step-by-step trajectory.

We are given the frame description as follows - 
a metal roof with a sky background, a raytraced image, inspired by Paul Kelpe, deconstructivism, long dark hallway, smooth light from upper left, featureless, very grainy texture, top-down shot, deep blue shadows

Generate the next best possible single action and the intention behind the action as colon-separated action and intention."
15,15,frame_15.jpg,"a man standing in the middle of a room, a raytraced image, inspired by Leandro Erlich, context art, second life avatar, blue walls, in blueprint form, frostbite engine, wall wood fortress, bedroom interior, 64x64, diebenkorn, screenshot from the game, destroying houses","

The next best possible single action is to walk to the door on the top right of the kitchen which leads to the bedroom, with the intention of finding the alarm clock.","I am in an unknown house.

This is the floorplan, from a top-down view.
On the bottom left, is the kitchen with a refrigerator in front, where you are currently located. To the right of the current position, is the drawing room which has a table near the entry, a sofa and a T.V in front of it. Connecting to the kitchen on the top right is a rectangular bedroom in a verticle fashion which can be entered through a door in the kitchen. In the bedroom on the bottom right corner is a bathroom which can be entered from the bedroom.

The goal is to find the shortest path to the AlarmClock, giving a detailed step-by-step trajectory.

We are given the frame description as follows - 
a man standing in the middle of a room, a raytraced image, inspired by Leandro Erlich, context art, second life avatar, blue walls, in blueprint form, frostbite engine, wall wood fortress, bedroom interior, 64x64, diebenkorn, screenshot from the game, destroying houses

Generate the next best possible single action and the intention behind the action as colon-separated action and intention."
16,16,frame_16.jpg,"a bed sitting in a bedroom next to a window, inspired by Leandro Erlich, polycount, postminimalism, long dark hallway, decorative dark blue clothing, gamedesign, walls are made of dry wall, first-person view, destroying houses, barracks, rendered in enscape","

The next best possible single action is to go to the drawing room and the intention behind the action is to find the alarm clock.","I am in an unknown house.

This is the floorplan, from a top-down view.
On the bottom left, is the kitchen with a refrigerator in front, where you are currently located. To the right of the current position, is the drawing room which has a table near the entry, a sofa and a T.V in front of it. Connecting to the kitchen on the top right is a rectangular bedroom in a verticle fashion which can be entered through a door in the kitchen. In the bedroom on the bottom right corner is a bathroom which can be entered from the bedroom.

The goal is to find the shortest path to the AlarmClock, giving a detailed step-by-step trajectory.

We are given the frame description as follows - 
a bed sitting in a bedroom next to a window, inspired by Leandro Erlich, polycount, postminimalism, long dark hallway, decorative dark blue clothing, gamedesign, walls are made of dry wall, first-person view, destroying houses, barracks, rendered in enscape

Generate the next best possible single action and the intention behind the action as colon-separated action and intention."
17,17,frame_17.jpg,"a bed sitting inside of a bedroom next to a window, a screenshot, inspired by Balthus, postminimalism, in game engine, blue and black color scheme, avatar image, long dark hallway, upper body avatar, jerma 9 8 5, source engine map, angular minimalism","

The next best possible single action is to walk to the door of the bedroom, which is in the top right corner of the kitchen. The intention behind this action is to find the alarm clock.","I am in an unknown house.

This is the floorplan, from a top-down view.
On the bottom left, is the kitchen with a refrigerator in front, where you are currently located. To the right of the current position, is the drawing room which has a table near the entry, a sofa and a T.V in front of it. Connecting to the kitchen on the top right is a rectangular bedroom in a verticle fashion which can be entered through a door in the kitchen. In the bedroom on the bottom right corner is a bathroom which can be entered from the bedroom.

The goal is to find the shortest path to the AlarmClock, giving a detailed step-by-step trajectory.

We are given the frame description as follows - 
a bed sitting inside of a bedroom next to a window, a screenshot, inspired by Balthus, postminimalism, in game engine, blue and black color scheme, avatar image, long dark hallway, upper body avatar, jerma 9 8 5, source engine map, angular minimalism

Generate the next best possible single action and the intention behind the action as colon-separated action and intention."
18,18,frame_18.jpg,"a bed sitting in a bedroom next to a window, inspired by Gustave Caillebotte, polycount, sky blue and white color scheme, high angle security camera feed, dark concrete room, hanging from the ceiling, first-person, and blue, modern house, barracks, test, worth 1 0 0 0. com","

The next best possible single action is to walk to the door of the bedroom, with the intention of leaving the room.","I am in an unknown house.

This is the floorplan, from a top-down view.
On the bottom left, is the kitchen with a refrigerator in front, where you are currently located. To the right of the current position, is the drawing room which has a table near the entry, a sofa and a T.V in front of it. Connecting to the kitchen on the top right is a rectangular bedroom in a verticle fashion which can be entered through a door in the kitchen. In the bedroom on the bottom right corner is a bathroom which can be entered from the bedroom.

The goal is to find the shortest path to the AlarmClock, giving a detailed step-by-step trajectory.

We are given the frame description as follows - 
a bed sitting in a bedroom next to a window, inspired by Gustave Caillebotte, polycount, sky blue and white color scheme, high angle security camera feed, dark concrete room, hanging from the ceiling, first-person, and blue, modern house, barracks, test, worth 1 0 0 0. com

Generate the next best possible single action and the intention behind the action as colon-separated action and intention."
19,19,frame_19.jpg,"a room with a bed and a painting on the wall, concept art, inspired by Lucian Freud, postminimalism, roblox screenshot, playstation 2 gameplay still, streaming on twitch, worth 1 0 0 0. com, white map library, bad dream, gamedesign, sad cop looking at a, but minimalist, blue image","

The next best possible single action would be to walk to the door in the kitchen, and the intention behind the action would be to go to the bedroom.","I am in an unknown house.

This is the floorplan, from a top-down view.
On the bottom left, is the kitchen with a refrigerator in front, where you are currently located. To the right of the current position, is the drawing room which has a table near the entry, a sofa and a T.V in front of it. Connecting to the kitchen on the top right is a rectangular bedroom in a verticle fashion which can be entered through a door in the kitchen. In the bedroom on the bottom right corner is a bathroom which can be entered from the bedroom.

The goal is to find the shortest path to the AlarmClock, giving a detailed step-by-step trajectory.

We are given the frame description as follows - 
a room with a bed and a painting on the wall, concept art, inspired by Lucian Freud, postminimalism, roblox screenshot, playstation 2 gameplay still, streaming on twitch, worth 1 0 0 0. com, white map library, bad dream, gamedesign, sad cop looking at a, but minimalist, blue image

Generate the next best possible single action and the intention behind the action as colon-separated action and intention."
20,20,frame_20.jpg,"a room with a bed and a picture on the wall, concept art, inspired by Sargent Johnson, postminimalism, life simulator game screenshot, medium blue, circa 2 0 0 8, death grips, 64x64, games 3 d, world of sleepers, artstatiom, lower quality, an eerie","

move to the door: trying to find a way out","I am in an unknown house.

This is the floorplan, from a top-down view.
On the bottom left, is the kitchen with a refrigerator in front, where you are currently located. To the right of the current position, is the drawing room which has a table near the entry, a sofa and a T.V in front of it. Connecting to the kitchen on the top right is a rectangular bedroom in a verticle fashion which can be entered through a door in the kitchen. In the bedroom on the bottom right corner is a bathroom which can be entered from the bedroom.

The goal is to find the shortest path to the AlarmClock, giving a detailed step-by-step trajectory.

We are given the frame description as follows - 
a room with a bed and a picture on the wall, concept art, inspired by Sargent Johnson, postminimalism, life simulator game screenshot, medium blue, circa 2 0 0 8, death grips, 64x64, games 3 d, world of sleepers, artstatiom, lower quality, an eerie

Generate the next best possible single action and the intention behind the action as colon-separated action and intention."
21,21,frame_21.jpg,"a room with a bed and a dresser in it, inspired by Sargent Johnson, polycount, postminimalism, pewdiepie, documentation, the monster under the bed, in game engine, stood in a cell, blue image, someone in home sits in bed, 64x64, dsrl photo, depressing image, police","

The next best possible single action is to walk to the door of the bedroom and open it. The intention behind the action is to find the alarm clock.","I am in an unknown house.

This is the floorplan, from a top-down view.
On the bottom left, is the kitchen with a refrigerator in front, where you are currently located. To the right of the current position, is the drawing room which has a table near the entry, a sofa and a T.V in front of it. Connecting to the kitchen on the top right is a rectangular bedroom in a verticle fashion which can be entered through a door in the kitchen. In the bedroom on the bottom right corner is a bathroom which can be entered from the bedroom.

The goal is to find the shortest path to the AlarmClock, giving a detailed step-by-step trajectory.

We are given the frame description as follows - 
a room with a bed and a dresser in it, inspired by Sargent Johnson, polycount, postminimalism, pewdiepie, documentation, the monster under the bed, in game engine, stood in a cell, blue image, someone in home sits in bed, 64x64, dsrl photo, depressing image, police

Generate the next best possible single action and the intention behind the action as colon-separated action and intention."
22,22,frame_22.jpg,"a room with a bed and a dresser in it, concept art, inspired by Sargent Johnson, postminimalism, walter white in roblox, screenshot of found footage, ceramic pot, detention centre, medium blue, 64x64, death grips, sleeping, and","

The next possible action is to go to the drawing room and the intention is to find the alarm clock.","I am in an unknown house.

This is the floorplan, from a top-down view.
On the bottom left, is the kitchen with a refrigerator in front, where you are currently located. To the right of the current position, is the drawing room which has a table near the entry, a sofa and a T.V in front of it. Connecting to the kitchen on the top right is a rectangular bedroom in a verticle fashion which can be entered through a door in the kitchen. In the bedroom on the bottom right corner is a bathroom which can be entered from the bedroom.

The goal is to find the shortest path to the AlarmClock, giving a detailed step-by-step trajectory.

We are given the frame description as follows - 
a room with a bed and a dresser in it, concept art, inspired by Sargent Johnson, postminimalism, walter white in roblox, screenshot of found footage, ceramic pot, detention centre, medium blue, 64x64, death grips, sleeping, and

Generate the next best possible single action and the intention behind the action as colon-separated action and intention."
23,23,frame_23.jpg,"a room with a bed and a dresser in it, a low poly render, inspired by Sargent Johnson, postminimalism, in game engine, pewdiepie, the monster under the bed, stood in a cell, other bedrooms can be seen, medium blue, someone in home sits in bed, cardboard, gameplay","

The next best possible single action is to walk to the door of the bedroom, and the intention is to enter the room.","I am in an unknown house.

This is the floorplan, from a top-down view.
On the bottom left, is the kitchen with a refrigerator in front, where you are currently located. To the right of the current position, is the drawing room which has a table near the entry, a sofa and a T.V in front of it. Connecting to the kitchen on the top right is a rectangular bedroom in a verticle fashion which can be entered through a door in the kitchen. In the bedroom on the bottom right corner is a bathroom which can be entered from the bedroom.

The goal is to find the shortest path to the AlarmClock, giving a detailed step-by-step trajectory.

We are given the frame description as follows - 
a room with a bed and a dresser in it, a low poly render, inspired by Sargent Johnson, postminimalism, in game engine, pewdiepie, the monster under the bed, stood in a cell, other bedrooms can be seen, medium blue, someone in home sits in bed, cardboard, gameplay

Generate the next best possible single action and the intention behind the action as colon-separated action and intention."
24,24,frame_24.jpg,"a room with a bed and a dresser, inspired by Eero Snellman, trending on polycount, postminimalism, in foreground boy with shotgun, stood in a cell, 64x64, rated t for teen, beds of shadows, lived in, a small","

Move to the drawing room: The intention is to find the alarm clock.","I am in an unknown house.

This is the floorplan, from a top-down view.
On the bottom left, is the kitchen with a refrigerator in front, where you are currently located. To the right of the current position, is the drawing room which has a table near the entry, a sofa and a T.V in front of it. Connecting to the kitchen on the top right is a rectangular bedroom in a verticle fashion which can be entered through a door in the kitchen. In the bedroom on the bottom right corner is a bathroom which can be entered from the bedroom.

The goal is to find the shortest path to the AlarmClock, giving a detailed step-by-step trajectory.

We are given the frame description as follows - 
a room with a bed and a dresser, inspired by Eero Snellman, trending on polycount, postminimalism, in foreground boy with shotgun, stood in a cell, 64x64, rated t for teen, beds of shadows, lived in, a small

Generate the next best possible single action and the intention behind the action as colon-separated action and intention."
25,25,frame_25.jpg,"a room with two beds and a dresser, a raytraced image, by Bedwyr Williams, new objectivity, boy with cat ears and tail, streaming on twitch, unreal engine generation, blurry image, grainy. poorly rated, small dog, ghostly teenager bedroom, bathtub, indieground, blue shadows, lonely","

The next best possible single action would be to walk to the door in the kitchen which leads to the bedroom, with the intention of finding the alarm clock.","I am in an unknown house.

This is the floorplan, from a top-down view.
On the bottom left, is the kitchen with a refrigerator in front, where you are currently located. To the right of the current position, is the drawing room which has a table near the entry, a sofa and a T.V in front of it. Connecting to the kitchen on the top right is a rectangular bedroom in a verticle fashion which can be entered through a door in the kitchen. In the bedroom on the bottom right corner is a bathroom which can be entered from the bedroom.

The goal is to find the shortest path to the AlarmClock, giving a detailed step-by-step trajectory.

We are given the frame description as follows - 
a room with two beds and a dresser, a raytraced image, by Bedwyr Williams, new objectivity, boy with cat ears and tail, streaming on twitch, unreal engine generation, blurry image, grainy. poorly rated, small dog, ghostly teenager bedroom, bathtub, indieground, blue shadows, lonely

Generate the next best possible single action and the intention behind the action as colon-separated action and intention."
26,26,frame_26.jpg,"the shadow of a person standing on a bed, a raytraced image, inspired by René Magritte, gameplay footage, morning golden hour, cat is floating in air, long-arms, large globe, 64x64, streaming on twitch, lonely and sad, toddler, no foliage, epic horror","

The next best possible single action would be to walk to the door in the kitchen, which would lead to the bedroom, and the intention behind this action would be to find the alarm clock.","I am in an unknown house.

This is the floorplan, from a top-down view.
On the bottom left, is the kitchen with a refrigerator in front, where you are currently located. To the right of the current position, is the drawing room which has a table near the entry, a sofa and a T.V in front of it. Connecting to the kitchen on the top right is a rectangular bedroom in a verticle fashion which can be entered through a door in the kitchen. In the bedroom on the bottom right corner is a bathroom which can be entered from the bedroom.

The goal is to find the shortest path to the AlarmClock, giving a detailed step-by-step trajectory.

We are given the frame description as follows - 
the shadow of a person standing on a bed, a raytraced image, inspired by René Magritte, gameplay footage, morning golden hour, cat is floating in air, long-arms, large globe, 64x64, streaming on twitch, lonely and sad, toddler, no foliage, epic horror

Generate the next best possible single action and the intention behind the action as colon-separated action and intention."
27,27,frame_27.jpg,"the shadow of a person standing on a bed, featured on polycount, the tree is on top of a calm sea, an ai generated image, eerie person silhouette, potted plant, is at dawn and bluish, 3 rd person game, looks like a tree silhouette, aliased, oak, indie game","

The next best possible single action is to walk to the door in the kitchen. The intention behind this action is to find the alarm clock.","I am in an unknown house.

This is the floorplan, from a top-down view.
On the bottom left, is the kitchen with a refrigerator in front, where you are currently located. To the right of the current position, is the drawing room which has a table near the entry, a sofa and a T.V in front of it. Connecting to the kitchen on the top right is a rectangular bedroom in a verticle fashion which can be entered through a door in the kitchen. In the bedroom on the bottom right corner is a bathroom which can be entered from the bedroom.

The goal is to find the shortest path to the AlarmClock, giving a detailed step-by-step trajectory.

We are given the frame description as follows - 
the shadow of a person standing on a bed, featured on polycount, the tree is on top of a calm sea, an ai generated image, eerie person silhouette, potted plant, is at dawn and bluish, 3 rd person game, looks like a tree silhouette, aliased, oak, indie game

Generate the next best possible single action and the intention behind the action as colon-separated action and intention."
28,28,frame_28.jpg,"a room with a bed and a dresser in it, a still life, polycount, postminimalism, basketball ball, brown wood cabinets, what depression looks like, aaron sims, streaming on twitch, minimalist photo, roblox, lossless quality","

The next best possible single action would be to walk to the door in the kitchen that leads to the bedroom, with the intention of finding the alarm clock.","I am in an unknown house.

This is the floorplan, from a top-down view.
On the bottom left, is the kitchen with a refrigerator in front, where you are currently located. To the right of the current position, is the drawing room which has a table near the entry, a sofa and a T.V in front of it. Connecting to the kitchen on the top right is a rectangular bedroom in a verticle fashion which can be entered through a door in the kitchen. In the bedroom on the bottom right corner is a bathroom which can be entered from the bedroom.

The goal is to find the shortest path to the AlarmClock, giving a detailed step-by-step trajectory.

We are given the frame description as follows - 
a room with a bed and a dresser in it, a still life, polycount, postminimalism, basketball ball, brown wood cabinets, what depression looks like, aaron sims, streaming on twitch, minimalist photo, roblox, lossless quality

Generate the next best possible single action and the intention behind the action as colon-separated action and intention."
29,29,frame_29.jpg,"a cat laying on the floor next to a dresser, a raytraced image, inspired by William Michael Harnett, postminimalism, wears a watch, six from little nightmares, jerma985 in fortnite, cottage decor, navy blue, gamedev, uncluttered, aliased, the rapture, belt","

The next best possible single action is to go to the bedroom, and the intention is to find the alarm clock.","I am in an unknown house.

This is the floorplan, from a top-down view.
On the bottom left, is the kitchen with a refrigerator in front, where you are currently located. To the right of the current position, is the drawing room which has a table near the entry, a sofa and a T.V in front of it. Connecting to the kitchen on the top right is a rectangular bedroom in a verticle fashion which can be entered through a door in the kitchen. In the bedroom on the bottom right corner is a bathroom which can be entered from the bedroom.

The goal is to find the shortest path to the AlarmClock, giving a detailed step-by-step trajectory.

We are given the frame description as follows - 
a cat laying on the floor next to a dresser, a raytraced image, inspired by William Michael Harnett, postminimalism, wears a watch, six from little nightmares, jerma985 in fortnite, cottage decor, navy blue, gamedev, uncluttered, aliased, the rapture, belt

Generate the next best possible single action and the intention behind the action as colon-separated action and intention."
30,30,frame_30.jpg,"a cat sitting on top of a wooden dresser, a raytraced image, sots art, regal dark blue clothes, unity3d, bank robbery, sitting at a computer desk, this character has cryokinesis, navy blue, inspect in inventory image, very tiny, small boat, perfect shadow, gamedev","

The next best possible single action is to move one space to the right and the intention is to get to the alarm clock.","I am in an unknown house.

This is the floorplan, from a top-down view.
On the bottom left, is the kitchen with a refrigerator in front, where you are currently located. To the right of the current position, is the drawing room which has a table near the entry, a sofa and a T.V in front of it. Connecting to the kitchen on the top right is a rectangular bedroom in a verticle fashion which can be entered through a door in the kitchen. In the bedroom on the bottom right corner is a bathroom which can be entered from the bedroom.

The goal is to find the shortest path to the AlarmClock, giving a detailed step-by-step trajectory.

We are given the frame description as follows - 
a cat sitting on top of a wooden dresser, a raytraced image, sots art, regal dark blue clothes, unity3d, bank robbery, sitting at a computer desk, this character has cryokinesis, navy blue, inspect in inventory image, very tiny, small boat, perfect shadow, gamedev

Generate the next best possible single action and the intention behind the action as colon-separated action and intention."
31,31,frame_31.jpg,"a wooden table with a cd on top of it, a hologram, polycount, standing in corner of room, pocketwatch, building anticipation, item, deep dark blue, an ai generated image, jar on a shelf, the ring is horizontal, unsettling image, playstation 2, roblox, 2 d image","

The next best possible single action is to walk to the bedroom and the intention is to find the alarm clock.","I am in an unknown house.

This is the floorplan, from a top-down view.
On the bottom left, is the kitchen with a refrigerator in front, where you are currently located. To the right of the current position, is the drawing room which has a table near the entry, a sofa and a T.V in front of it. Connecting to the kitchen on the top right is a rectangular bedroom in a verticle fashion which can be entered through a door in the kitchen. In the bedroom on the bottom right corner is a bathroom which can be entered from the bedroom.

The goal is to find the shortest path to the AlarmClock, giving a detailed step-by-step trajectory.

We are given the frame description as follows - 
a wooden table with a cd on top of it, a hologram, polycount, standing in corner of room, pocketwatch, building anticipation, item, deep dark blue, an ai generated image, jar on a shelf, the ring is horizontal, unsettling image, playstation 2, roblox, 2 d image

Generate the next best possible single action and the intention behind the action as colon-separated action and intention."
32,32,frame_32.jpg,"a wooden table with a cup on top of it, a raytraced image, jewel case, playstation 2 horror game, life is strange, cds","

The next best possible single action is to move towards the alarm clock in the bedroom. The intention behind the action is to find the shortest path to the alarm clock.","I am in an unknown house.

This is the floorplan, from a top-down view.
On the bottom left, is the kitchen with a refrigerator in front, where you are currently located. To the right of the current position, is the drawing room which has a table near the entry, a sofa and a T.V in front of it. Connecting to the kitchen on the top right is a rectangular bedroom in a verticle fashion which can be entered through a door in the kitchen. In the bedroom on the bottom right corner is a bathroom which can be entered from the bedroom.

The goal is to find the shortest path to the AlarmClock, giving a detailed step-by-step trajectory.

We are given the frame description as follows - 
a wooden table with a cup on top of it, a raytraced image, jewel case, playstation 2 horror game, life is strange, cds

Generate the next best possible single action and the intention behind the action as colon-separated action and intention."
