image,prompt
frame_0.jpg,"a room with a bed and a dresser, a raytraced image, inspired by Félix Vallotton, postminimalism, hand on the doorknob, jerma, design your own avatar, hairy legs, blue shadows, tall entry, the shining, empty floor, maple story, an ai generated image, arm"
frame_1.jpg,"a room with a bed and a desk in it, a screenshot, inspired by John Crawford Brown, blender npr, news archive, appgamekit"
frame_2.jpg,"a room with a bed, a dresser and a mirror, a screenshot, inspired by Bedwyr Williams, virtual reality metaverse engine, other bedrooms can be seen, jerma, without text, 64x64, streaming on twitch, bump map, ultra realistic classic, twitch streamer"
frame_3.jpg,"a room with a bed and a dresser in it, inspired by Paul Kelpe, polycount, postminimalism, looks like jerma985, 8 feet fall, design your own avatar, security camera, realistic reflection, long dark hallway, on amino, timeless disturbing masterpiece, computer generated, streaming on twitch"
frame_4.jpg,"a room with a bed and a dresser in it, a screenshot, inspired by Paul Kelpe, polycount, postminimalism, mit technology review, cameraphone 2002, paddle and ball, cctv footage of a movie set, gamedev, angular, sports setting, without text, nitid horizon, 9 5"
frame_5.jpg,"a room with a bed a dresser and a mirror, a screenshot, inspired by John Crawford Brown, siggraph, flying soccer balls, modern supernatural horror, mit technology review, adventure game, sport game, without text, psychological horror, sphere, 4 0 9 6, sports"
frame_6.jpg,"a room with a bed and a dresser, a screenshot, inspired by Nyuju Stumpy Brown, postminimalism, head is an egg, mc ride, third person perspective, listing image, computer science, hand on the doorknob, avatar image, an ai generated image, large comfy bed, on amino"
frame_7.jpg,"a room with a bed and a dresser, a screenshot, inspired by John Crawford Brown, postminimalism, epic 3 d omolu, mit technology review, ghost sphere, on amino, worth1000.com, streaming on twitch, crime scene, computer generated, cannonballs, sports setting, no textures"
frame_8.jpg,"a room with a bed, dresser and a basketball on the floor, inspired by Paul Kelpe, postminimalism, head is an egg, unity 3 d, mit technology review, crime scene photo, white map library, surrealisme aesthetic, obunga, third-person view, sports setting, desenho"
frame_9.jpg,"a room with a bed and a basketball on the floor, inspired by Paul Kelpe, postminimalism, head is an egg, siggraph, dakar, mit technology review, streaming on twitch, has a very realistic look to it, without text, frostbite engine, someone sits in bed, ycbcr"
frame_10.jpg,"a room with a bed and a basketball on the floor, inspired by Paul Kelpe, postminimalism, head is an egg, mobile app, 3d, mit technology review, higurashi, realistic », streaming on twitch, white map library, cgworld, absurdism, hyperrealstic, alarm clock"
frame_13.jpg,"a bed room with a neatly made bed, inspired by Richard Hamilton, polycount, postminimalism, cctv footage of a movie set, other bedrooms can be seen, using a vr headset, phantom dust gameplay screenshot, mit technology review, screenshot from the game, loss"
frame_11.jpg,"a room that has a bed and a chair in it, a screenshot, postminimalism, mit technology review, frostbite 3 engine, third person perspective, android, imagenet, graphics, ground camera, apartment"
frame_14.jpg,"a room with a bed and a television in it, a raytraced image, postminimalism, garbage wheel bin, masked person in corner, an ai generated image, third-person view, android close to camera, japan studio game, (empty black void), photo 3d, streaming, nge, bed"
frame_12.jpg,"a bed room with a neatly made bed, a computer rendering, by Ben Enwonwu, postminimalism, mit technology review, mobile game asset, prosthetic leg, frostbite engine, security camera photo, ai researcher, streaming on twitch, lossless, avatar image, foreboding room"
frame_15.jpg,"a room with a bed and a television in it, a raytraced image, by Puru, net art, trash can, mobile learning app prototype, from disney pixar's up (2009), black face, 64x64, shinkiro, dribbble, third person gameplay, surveillance camera"
frame_16.jpg,"a room with a bed and a television in it, a screenshot, inspired by Malevich, prosthetic arm, 360, dribbble, black void, sink"
frame_17.jpg,"a bathroom with a toilet and a trash can, a raytraced image, net art, snow is falling, upper body avatar, black house, test, datanft as a data avatar, white concrete floor, black border: 0.75, floating objects, 5 7 9, third-person view"
frame_18.jpg,"a black trash can sitting on top of a white floor, a screenshot, inspired by Rube Goldberg, objective abstraction, portrait casting long shadows, portrait of gigachad, destroying the walls, no foliage, cameraphone 2002, jerma 9 8 5, listing image, black face"
frame_19.jpg,"a room with a bed and a desk in it, a screenshot, inspired by Édouard Vuillard, net art, mobile game asset, using a vr headset, third person gameplay, japan studio game, nursing home, mit technology review, [ horror game ]"
frame_20.jpg,"a room with a bed and a desk in it, a screenshot, inspired by Balthus, new objectivity, mit technology review, first-person view, highly details content, mobile game, bed, crime photos, dsrl photo, app, depth perception, 6 4 0, utradetailed, ramps, ui"
frame_21.jpg,"a room with a bed and a desk in it, a screenshot, inspired by Balthus, new objectivity, mit technology review, first-person, doors to various bedrooms, lowpoly, 2 0 0 7, streaming on twitch, white map library, utradetailed, -h 960, nursing home"
frame_22.jpg,"a room with a bed and a desk in it, a screenshot, inspired by Eero Snellman, new objectivity, first person perspective, mobile learning app prototype, japan studio game, doors to various bedrooms, jerma, 64x64, image, mit technology review, realosm"
frame_23.jpg,"a room with a bed and a desk in it, a screenshot, inspired by Edward Bailey, new objectivity, eyelevel perspective image, mit technology review, [ horror game ], mobile learning app prototype, jerma 9 8 5, half image, doorways, nitid horizon, third person gameplay, h 1 0 2 4"
frame_24.jpg,"a room with a door and a table in it, a screenshot, new objectivity, mit technology review, vr, interior gameplay screenshot, doors to various bedrooms, cameraphone 2002, long cast shadows, motel, antview, unsettling images, ethnographic"
frame_25.jpg,"a view of a living room from the hallway, a screenshot, inspired by Stanislav Zhukovsky, vinesauce, mobile learning app prototype, style of mirror\'s edge, higurashi, mit technology review, boissb - blanca. j, gamedesign, rigorous"
frame_26.jpg,"a living room with a couch and a table, a digital rendering, inspired by John Crawford Brown, [ horror game ], mit technology review, ue marketplace, realisms, jerma 9 8 5, many doorways, 64x64, the artist has used bright, empty floor, twitch streamer, lived in"
frame_27.jpg,"a computer generated image of a living room, inspired by Eero Snellman, mobile learning app prototype, apartment hallway, 64x64, streaming on twitch, ue marketplace, people looking at a house, wooden floor, first person, darpa, door, without text"
frame_28.jpg,"a computer generated image of a living room, a screenshot, inspired by Eero Snellman, tall door, third-person view, mobile learning app prototype, orange: 0.5, streaming on twitch, 3 d highly detailed, small path up to door, pre-rendered, immersive, rendered"
frame_29.jpg,"a computer generated image of a living room, a screenshot, inspired by John Crawford Brown, full body profile camera shot, mobile learning app prototype, screenshot from the game, studio orange, mit technology review, vignette, first person screenshot, old apartment, 5 d, frontpage, mobile, golden key, map key"
frame_30.jpg,"a computer generated image of a room, a screenshot, inspired by Leandro Erlich, long cast shadows, standing near a window, brilliant daylight vr os ux, microsoft windows logo, dilapidated house, apartment hallway, android close to camera, without text, avatar image, yoworld, profile picture 1024px"
frame_31.jpg,"a room with a door and a table in it, a screenshot, inspired by John Crawford Brown, using a vr headset, mit technology review, golden hour photo, [ horror game ], people looking at a house, long dark shadows, interior architecture view, flat paint, screenshot"
frame_32.jpg,"a computer generated image of a living room, a screenshot, new objectivity, long dark shadows, hand on the doorknob, avatar image, ant pov from the floor, golden hour scene, mit technology review, small path up to door, frontpage, texturing xyz, description, cast shadows"
frame_33.jpg,"a view of a room with a table and chairs, net art, long dark shadows, virtual metaverse room, without text, sharp focus on houses, about to enter doorframe, in an attic, mobile learning app prototype, boardgamegeek, mit technology review, gameplay"
frame_34.jpg,"a computer generated view of a kitchen and dining room, inspired by John Crawford Brown, first person shooter, mobile learning app prototype, streaming on twitch, midwest town, highly detailed and hypnotic, inside an old apartment, mit technology review, vr, chalet, pfp"
frame_35.jpg,"a computer generated image of a kitchen and dining room, inspired by John Crawford Brown, first person shooter, android phones, medium height, mit technology review, streaming on twitch, no foliage, people looking at a house, 2007 blog, avatar image, yoworld, lowpoly, screenshot"
frame_36.jpg,"a computer generated image of a kitchen and dining room, inspired by John Crawford Brown, first person shooter, mobile learning app prototype, dirty apartment, 64x64, mit technology review, gallery, avatar image, jerma 9 8 5, blue - ray screenshot, artstatiom, official screenshot"
frame_37.jpg,"a room that has a table and chairs in it, a digital rendering, inspired by Pieter de Hooch, walter white in roblox, doors to various living quarters, playstation 2 gameplay still, mit technology review, radiohead album art cover, bakery, 2 0 1 0, h 1024, utradetailed, description"
frame_38.jpg,"a room with a desk and a chair in it, a computer rendering, postminimalism, jerma985 in fortnite, standing on a shelf, samsung smartthings, the photo shows a large, arm, dusty library, low quality 3d model, blue metal, streaming on twitch, listing image, tin can"
frame_39.jpg,"a room with a desk and a chair in it, a screenshot, postminimalism, upper body avatar, shelf, third - person, teal, trash can, an ai generated image, changelingcore, lossless, elbow, guardrail, description, consist of shadow, slend body, imagenet"
frame_40.jpg,"a computer desk with a trash can and a statue on top of it, a screenshot, inspired by Rube Goldberg, polycount, new objectivity, consist of shadow, jerma, standing on a shelf, unity 3 d, tilt blur, medium blue, very kenyan, next to a cup, female thief"
frame_41.jpg,"a computer desk with a laptop on top of it, a raytraced image, jerma 9 8 5, police shootout, aliased, he wears a blue shirt, from arknights, inspect in inventory image, elegant furniture, standing on a shelf, with sleek lines and a powerful, screenshot from the game"
frame_42.jpg,"a computer desk with a laptop on top of it, a raytraced image, jerma 9 8 5, police shootout, aliased, he wears a blue shirt, from arknights, inspect in inventory image, elegant furniture, standing on a shelf, with sleek lines and a powerful, screenshot from the game"
frame_43.jpg,"a computer desk with a laptop on top of it, a screenshot, inspired by William Michael Harnett, wielding a wrench, unity 2 d, dark blue clothes, strongshadows, ruan cute vtuber, robbery, bed is not made, gamedesign, character is standing, polished : :"
frame_44.jpg,"a computer desk with a laptop on top of it, a screenshot, inspired by Rube Goldberg, first person gun, plants growing, long shadow, bed is not made, bookshelf, mobile game, streaming on twitch, inspect in inventory image, australian bush, cabinets, cell shaded graphics, listing image, beginner, ominous assassin"
frame_45.jpg,"a computer desk with a keyboard and a mouse on top of it, a screenshot, inspired by William Michael Harnett, postminimalism, lush green cactus, carrying a bottle of perfume, vrchat, pickle, they are close to each other, standing on a shelf, discord profile picture, 1km tall, accidental flash"
