{
    "house_id": 3730,
    "intentions": [],
    "target_object_type": "Laptop",
    "frames_dir": "expert_annotations/frames/house_3730/Laptop/",
    "actions": [
        {
            "action": "RotateRight",
            "intentions": "lets explore",
            "pickedObject": null,
            "openedObject": null
        },
        {
            "action": "MoveAhead",
            "intentions": "I see something like a laptop on that table",
            "pickedObject": null,
            "openedObject": null
        },
        {
            "action": "MoveLeft",
            "intentions": null,
            "pickedObject": null,
            "openedObject": null
        },
        {
            "action": "MoveAhead",
            "intentions": null,
            "pickedObject": null,
            "openedObject": null
        },
        {
            "action": "MoveAhead",
            "intentions": "I think that's a laptop",
            "pickedObject": null,
            "openedObject": null
        },
        {
            "action": "MoveAhead",
            "intentions": null,
            "pickedObject": null,
            "openedObject": null
        },
        {
            "action": "MoveAhead",
            "intentions": null,
            "pickedObject": null,
            "openedObject": null
        },
        {
            "action": "RotateLeft",
            "intentions": null,
            "pickedObject": null,
            "openedObject": null
        },
        {
            "action": "PickUpObject",
            "intentions": "there it is a laptop on the table",
            "pickedObject": "Laptop|surface|7|23",
            "openedObject": null
        },
        {
            "action": "end",
            "intentions": "I have a laptop in my hand",
            "pickedObject": null,
            "openedObject": null
        }
    ],
    "pickupable_objects": [
        [],
        [],
        [],
        [],
        [
            "Plate|surface|7|32",
            "Statue|surface|7|29",
            "Laptop|surface|7|23"
        ],
        [
            "Vase|surface|7|35",
            "Plate|surface|7|32",
            "Statue|surface|7|29",
            "CreditCard|surface|7|25",
            "Laptop|surface|7|23"
        ],
        [
            "Vase|surface|7|35",
            "Statue|surface|7|29",
            "Laptop|surface|7|23"
        ],
        [
            "Vase|surface|7|35",
            "Statue|surface|7|29",
            "Laptop|surface|7|23"
        ],
        [
            "Vase|surface|7|35",
            "Plate|surface|7|32",
            "Statue|surface|7|29",
            "CreditCard|surface|7|25",
            "Laptop|surface|7|23"
        ],
        [
            "Vase|surface|7|35",
            "Plate|surface|7|32",
            "CreditCard|surface|7|25",
            "Laptop|surface|7|23"
        ]
    ],
    "openable_objects": [
        [
            "door|6|7",
            "Fridge|6|1"
        ],
        [
            "door|6|7"
        ],
        [
            "door|6|7"
        ],
        [
            "door|6|7"
        ],
        [
            "door|6|7",
            "Laptop|surface|7|23"
        ],
        [
            "Laptop|surface|7|23"
        ],
        [
            "Laptop|surface|7|23"
        ],
        [
            "Laptop|surface|7|23"
        ],
        [
            "door|6|7",
            "Laptop|surface|7|23"
        ],
        [
            "door|6|7",
            "Laptop|surface|7|23"
        ]
    ]
}