{
    "house_id": 3730,
    "intentions": [],
    "target_object_type": "RemoteControl",
    "frames_dir": "expert_annotations/frames/house_3730/RemoteControl/",
    "actions": [
        {
            "action": "MoveRight",
            "intentions": "lets explore to know my location",
            "pickedObject": null,
            "openedObject": null
        },
        {
            "action": "RotateRight",
            "intentions": null,
            "pickedObject": null,
            "openedObject": null
        },
        {
            "action": "MoveLeft",
            "intentions": "I see another room over there lets see",
            "pickedObject": null,
            "openedObject": null
        },
        {
            "action": "MoveAhead",
            "intentions": null,
            "pickedObject": null,
            "openedObject": null
        },
        {
            "action": "MoveAhead",
            "intentions": null,
            "pickedObject": null,
            "openedObject": null
        },
        {
            "action": "MoveAhead",
            "intentions": null,
            "pickedObject": null,
            "openedObject": null
        },
        {
            "action": "RotateRight",
            "intentions": null,
            "pickedObject": null,
            "openedObject": null
        },
        {
            "action": "MoveLeft",
            "intentions": "I see a tv here so the remote control should be somewhere here",
            "pickedObject": null,
            "openedObject": null
        },
        {
            "action": "MoveLeft",
            "intentions": null,
            "pickedObject": null,
            "openedObject": null
        },
        {
            "action": "MoveAhead",
            "intentions": null,
            "pickedObject": null,
            "openedObject": null
        },
        {
            "action": "MoveAhead",
            "intentions": null,
            "pickedObject": null,
            "openedObject": null
        },
        {
            "action": "MoveAhead",
            "intentions": null,
            "pickedObject": null,
            "openedObject": null
        },
        {
            "action": "MoveAhead",
            "intentions": null,
            "pickedObject": null,
            "openedObject": null
        },
        {
            "action": "MoveLeft",
            "intentions": null,
            "pickedObject": null,
            "openedObject": null
        },
        {
            "action": "MoveAhead",
            "intentions": "",
            "pickedObject": null,
            "openedObject": null
        },
        {
            "action": "MoveLeft",
            "intentions": "I see something like a remote control besides TV",
            "pickedObject": null,
            "openedObject": null
        },
        {
            "action": "MoveLeft",
            "intentions": null,
            "pickedObject": null,
            "openedObject": null
        },
        {
            "action": "MoveAhead",
            "intentions": null,
            "pickedObject": null,
            "openedObject": null
        },
        {
            "action": "PickUpObject",
            "intentions": "yes there it is",
            "pickedObject": "RemoteControl|surface|7|24",
            "openedObject": null
        },
        {
            "action": "end",
            "intentions": "I have a remotecontrol in my hand",
            "pickedObject": null,
            "openedObject": null
        }
    ],
    "pickupable_objects": [
        [],
        [],
        [],
        [],
        [
            "Plate|surface|7|32",
            "Statue|surface|7|29",
            "Laptop|surface|7|23"
        ],
        [
            "Vase|surface|7|35",
            "Plate|surface|7|32",
            "Statue|surface|7|29",
            "CreditCard|surface|7|25",
            "Laptop|surface|7|23"
        ],
        [
            "Vase|surface|7|35",
            "Statue|surface|7|29",
            "Laptop|surface|7|23"
        ],
        [
            "Candle|surface|7|36",
            "Box|surface|7|27",
            "CellPhone|surface|7|21"
        ],
        [
            "Candle|surface|7|36",
            "Pen|surface|7|30",
            "Box|surface|7|27",
            "CellPhone|surface|7|21"
        ],
        [
            "Candle|surface|7|36",
            "Box|surface|7|27",
            "CellPhone|surface|7|21"
        ],
        [
            "Candle|surface|7|36",
            "Pen|surface|7|30",
            "Box|surface|7|27",
            "CellPhone|surface|7|21"
        ],
        [
            "Candle|surface|7|36",
            "Pen|surface|7|30",
            "Box|surface|7|27"
        ],
        [],
        [],
        [
            "Pencil|surface|7|26"
        ],
        [
            "Newspaper|surface|7|34",
            "CellPhone|surface|7|31",
            "Pencil|surface|7|26",
            "Watch|surface|7|22"
        ],
        [
            "Newspaper|surface|7|34",
            "CellPhone|surface|7|31",
            "Pencil|surface|7|26",
            "RemoteControl|surface|7|24",
            "Watch|surface|7|22"
        ],
        [
            "Newspaper|surface|7|34",
            "CellPhone|surface|7|31",
            "Pencil|surface|7|26",
            "RemoteControl|surface|7|24",
            "Watch|surface|7|22"
        ],
        [
            "Newspaper|surface|7|34",
            "CellPhone|surface|7|31",
            "Pencil|surface|7|26",
            "RemoteControl|surface|7|24",
            "Watch|surface|7|22"
        ],
        [
            "Newspaper|surface|7|34",
            "CellPhone|surface|7|31",
            "Pencil|surface|7|26",
            "RemoteControl|surface|7|24",
            "Watch|surface|7|22"
        ]
    ],
    "openable_objects": [
        [
            "door|6|7",
            "Fridge|6|1"
        ],
        [
            "door|6|7",
            "Fridge|6|1"
        ],
        [
            "door|6|7"
        ],
        [
            "door|6|7"
        ],
        [
            "door|6|7",
            "Laptop|surface|7|23"
        ],
        [
            "Laptop|surface|7|23"
        ],
        [
            "Laptop|surface|7|23"
        ],
        [
            "door|6|7",
            "Box|surface|7|27"
        ],
        [
            "door|6|7",
            "Box|surface|7|27"
        ],
        [
            "door|6|7",
            "Box|surface|7|27"
        ],
        [
            "Box|surface|7|27"
        ],
        [
            "Box|surface|7|27"
        ],
        [],
        [],
        [],
        [],
        [],
        [],
        [],
        []
    ]
}