{
    "house_id": 3730,
    "intentions": [],
    "target_object_type": "Apple",
    "frames_dir": "expert_annotations/frames/house_3730/Apple/",
    "actions": [
        {
            "action": "RotateLeft",
            "intentions": null,
            "pickedObject": null,
            "openedObject": null
        },
        {
            "action": "RotateLeft",
            "intentions": "still not able to see anything",
            "pickedObject": null,
            "openedObject": null
        },
        {
            "action": "MoveAhead",
            "intentions": "I see few things on the table lets find apple there",
            "pickedObject": null,
            "openedObject": null
        },
        {
            "action": "MoveLeft",
            "intentions": null,
            "pickedObject": null,
            "openedObject": null
        },
        {
            "action": "MoveAhead",
            "intentions": null,
            "pickedObject": null,
            "openedObject": null
        },
        {
            "action": "MoveAhead",
            "intentions": null,
            "pickedObject": null,
            "openedObject": null
        },
        {
            "action": "MoveAhead",
            "intentions": null,
            "pickedObject": null,
            "openedObject": null
        },
        {
            "action": "MoveAhead",
            "intentions": null,
            "pickedObject": null,
            "openedObject": null
        },
        {
            "action": "RotateRight",
            "intentions": null,
            "pickedObject": null,
            "openedObject": null
        },
        {
            "action": "MoveAhead",
            "intentions": "I dont see any apple over here lets see if its in the corner",
            "pickedObject": null,
            "openedObject": null
        },
        {
            "action": "MoveLeft",
            "intentions": null,
            "pickedObject": null,
            "openedObject": null
        },
        {
            "action": "MoveLeft",
            "intentions": "I think I see something under the cabinet",
            "pickedObject": null,
            "openedObject": null
        },
        {
            "action": "MoveAhead",
            "intentions": null,
            "pickedObject": null,
            "openedObject": null
        },
        {
            "action": "MoveLeft",
            "intentions": null,
            "pickedObject": null,
            "openedObject": null
        },
        {
            "action": "MoveAhead",
            "intentions": null,
            "pickedObject": null,
            "openedObject": null
        },
        {
            "action": "PickUpObject",
            "intentions": "There it is an apple at the botton shelf of the cabinet",
            "pickedObject": "Apple|surface|6|18",
            "openedObject": null
        },
        {
            "action": "end",
            "intentions": "I now have an apple in my hand",
            "pickedObject": null,
            "openedObject": null
        }
    ],
    "pickupable_objects": [
        [],
        [
            "Knife|surface|6|16",
            "Book|surface|6|15"
        ],
        [
            "Knife|surface|6|16",
            "Book|surface|6|15",
            "Plate|surface|6|2",
            "WineBottle|surface|6|1"
        ],
        [
            "Bottle|surface|6|11",
            "Mug|surface|6|17",
            "Book|surface|6|15",
            "Spoon|surface|6|3",
            "Plate|surface|6|2",
            "WineBottle|surface|6|1"
        ],
        [
            "Bottle|surface|6|11",
            "Plate|surface|6|2",
            "WineBottle|surface|6|1"
        ],
        [
            "Bottle|surface|6|11"
        ],
        [
            "Bottle|surface|6|11"
        ],
        [],
        [],
        [
            "Bottle|surface|6|11",
            "Mug|surface|6|17",
            "Book|surface|6|15",
            "Spoon|surface|6|3",
            "Plate|surface|6|2",
            "WineBottle|surface|6|1"
        ],
        [
            "Bottle|surface|6|11",
            "Mug|surface|6|17",
            "Knife|surface|6|16",
            "Book|surface|6|15",
            "Spoon|surface|6|3",
            "Plate|surface|6|2",
            "WineBottle|surface|6|1"
        ],
        [
            "Statue|surface|6|10",
            "Mug|surface|6|17",
            "Spoon|surface|6|3",
            "Plate|surface|6|2"
        ],
        [
            "Apple|surface|6|18",
            "Statue|surface|6|10",
            "SprayBottle|surface|6|4"
        ],
        [
            "Apple|surface|6|18",
            "Statue|surface|6|10",
            "SprayBottle|surface|6|4"
        ],
        [
            "Apple|surface|6|18",
            "Statue|surface|6|10",
            "SprayBottle|surface|6|4",
            "Lettuce|surface|6|9",
            "Lettuce|surface|6|8",
            "Pencil|surface|6|6"
        ],
        [
            "Apple|surface|6|18",
            "Statue|surface|6|10"
        ],
        [
            "Apple|surface|6|18",
            "Statue|surface|6|10"
        ]
    ],
    "openable_objects": [
        [
            "door|6|7",
            "Fridge|6|1"
        ],
        [
            "door|1|6",
            "Book|surface|6|15",
            "Fridge|6|1"
        ],
        [
            "Book|surface|6|15"
        ],
        [
            "Book|surface|6|15"
        ],
        [],
        [
            "door|2|6"
        ],
        [
            "door|2|6"
        ],
        [
            "door|2|6"
        ],
        [
            "door|2|6"
        ],
        [
            "Book|surface|6|15"
        ],
        [
            "Book|surface|6|15"
        ],
        [],
        [],
        [],
        [],
        [],
        []
    ]
}