{
    "house_id": 3730,
    "intentions": [],
    "target_object_type": "Bowl",
    "frames_dir": "expert_annotations/frames/house_3730/Bowl/",
    "actions": [
        {
            "action": "RotateLeft",
            "intentions": "unknown place lets explore",
            "pickedObject": null,
            "openedObject": null
        },
        {
            "action": "RotateLeft",
            "intentions": "still not able to see anything rotating more left",
            "pickedObject": null,
            "openedObject": null
        },
        {
            "action": "MoveAhead",
            "intentions": null,
            "pickedObject": null,
            "openedObject": null
        },
        {
            "action": "MoveAhead",
            "intentions": "I can see something like a bowl on far table lets head towards it",
            "pickedObject": null,
            "openedObject": null
        },
        {
            "action": "MoveAhead",
            "intentions": null,
            "pickedObject": null,
            "openedObject": null
        },
        {
            "action": "MoveLeft",
            "intentions": "oops chair is in the way ",
            "pickedObject": null,
            "openedObject": null
        },
        {
            "action": "MoveAhead",
            "intentions": null,
            "pickedObject": null,
            "openedObject": null
        },
        {
            "action": "MoveAhead",
            "intentions": null,
            "pickedObject": null,
            "openedObject": null
        },
        {
            "action": "MoveRight",
            "intentions": null,
            "pickedObject": null,
            "openedObject": null
        },
        {
            "action": "MoveAhead",
            "intentions": null,
            "pickedObject": null,
            "openedObject": null
        },
        {
            "action": "MoveAhead",
            "intentions": null,
            "pickedObject": null,
            "openedObject": null
        },
        {
            "action": "MoveRight",
            "intentions": "moving right to go towards that corner table where I think I saw a bowl previously",
            "pickedObject": null,
            "openedObject": null
        },
        {
            "action": "MoveAhead",
            "intentions": null,
            "pickedObject": null,
            "openedObject": null
        },
        {
            "action": "MoveAhead",
            "intentions": "ah there I see a bowl",
            "pickedObject": null,
            "openedObject": null
        },
        {
            "action": "PickUpObject",
            "intentions": null,
            "pickedObject": "Bowl|surface|6|12",
            "openedObject": null
        },
        {
            "action": "end",
            "intentions": null,
            "pickedObject": null,
            "openedObject": null
        }
    ],
    "pickupable_objects": [
        [],
        [
            "Knife|surface|6|16",
            "Book|surface|6|15"
        ],
        [
            "Knife|surface|6|16",
            "Book|surface|6|15",
            "Plate|surface|6|2",
            "WineBottle|surface|6|1"
        ],
        [
            "Bottle|surface|6|11",
            "Mug|surface|6|17",
            "Book|surface|6|15",
            "Spoon|surface|6|3",
            "Plate|surface|6|2",
            "WineBottle|surface|6|1"
        ],
        [
            "Bottle|surface|6|11",
            "Mug|surface|6|17",
            "Plate|surface|6|2",
            "WineBottle|surface|6|1"
        ],
        [
            "Bottle|surface|6|11",
            "WineBottle|surface|6|1"
        ],
        [
            "Bottle|surface|6|11"
        ],
        [],
        [],
        [],
        [
            "Bowl|surface|6|12",
            "Pan|surface|6|0"
        ],
        [
            "Bread|surface|6|14",
            "Statue|surface|6|13",
            "Bowl|surface|6|12",
            "Lettuce|surface|6|8",
            "Pot|surface|6|7",
            "Pan|surface|6|0"
        ],
        [
            "Bread|surface|6|14",
            "Statue|surface|6|13",
            "Bowl|surface|6|12",
            "Lettuce|surface|6|9",
            "Lettuce|surface|6|8",
            "Pot|surface|6|7",
            "Pencil|surface|6|6",
            "Pan|surface|6|0"
        ],
        [
            "Bread|surface|6|14",
            "Statue|surface|6|13",
            "Bowl|surface|6|12",
            "Lettuce|surface|6|9",
            "Lettuce|surface|6|8",
            "Pot|surface|6|7",
            "Pencil|surface|6|6",
            "Pan|surface|6|0"
        ],
        [
            "SaltShaker|surface|6|19",
            "Bread|surface|6|14",
            "Statue|surface|6|13",
            "Bowl|surface|6|12",
            "Lettuce|surface|6|8",
            "Pot|surface|6|7",
            "Pan|surface|6|0"
        ],
        [
            "SaltShaker|surface|6|19",
            "Bread|surface|6|14",
            "Statue|surface|6|13",
            "Bowl|surface|6|12",
            "Lettuce|surface|6|8",
            "Pot|surface|6|7",
            "Pan|surface|6|0"
        ]
    ],
    "openable_objects": [
        [
            "door|6|7",
            "Fridge|6|1"
        ],
        [
            "door|1|6",
            "Book|surface|6|15",
            "Fridge|6|1"
        ],
        [
            "Book|surface|6|15"
        ],
        [
            "Book|surface|6|15"
        ],
        [
            "door|2|6"
        ],
        [
            "door|2|6"
        ],
        [
            "door|2|6"
        ],
        [
            "door|2|6"
        ],
        [
            "door|2|6"
        ],
        [
            "door|2|6"
        ],
        [
            "door|2|6"
        ],
        [
            "door|2|6"
        ],
        [],
        [],
        [],
        []
    ]
}