{
    "house_id": 3730,
    "intentions": [],
    "target_object_type": "Book",
    "frames_dir": "expert_annotations/frames/house_3730/Book/",
    "actions": [
        {
            "action": "RotateRight",
            "intentions": "currently I am unsure about where I am so lets explore by turning right",
            "pickedObject": null,
            "openedObject": null
        },
        {
            "action": "RotateRight",
            "intentions": "I see a sofa in other room so I guess its living room but first lets explore this room",
            "pickedObject": null,
            "openedObject": null
        },
        {
            "action": "MoveAhead",
            "intentions": "there it is I see a book on the table",
            "pickedObject": null,
            "openedObject": null
        },
        {
            "action": "PickUpObject",
            "intentions": null,
            "pickedObject": "Book|surface|6|15",
            "openedObject": null
        },
        {
            "action": "end",
            "intentions": "I got the book ",
            "pickedObject": null,
            "openedObject": null
        }
    ],
    "pickupable_objects": [
        [],
        [],
        [
            "Knife|surface|6|16",
            "Book|surface|6|15",
            "Plate|surface|6|2",
            "WineBottle|surface|6|1"
        ],
        [
            "Bottle|surface|6|11",
            "Mug|surface|6|17",
            "Book|surface|6|15",
            "Spoon|surface|6|3",
            "Plate|surface|6|2",
            "WineBottle|surface|6|1"
        ],
        [
            "Bottle|surface|6|11",
            "Mug|surface|6|17",
            "Knife|surface|6|16",
            "Book|surface|6|15",
            "Spoon|surface|6|3",
            "Plate|surface|6|2",
            "WineBottle|surface|6|1"
        ]
    ],
    "openable_objects": [
        [
            "door|6|7",
            "Fridge|6|1"
        ],
        [
            "door|6|7"
        ],
        [
            "Book|surface|6|15"
        ],
        [
            "Book|surface|6|15"
        ],
        [
            "Book|surface|6|15"
        ]
    ]
}