{
    "house_id": 3755,
    "intentions": [],
    "target_object_type": "Laptop",
    "frames_dir": "expert_annotations/frames/house_3755/Laptop/",
    "actions": [
        {
            "action": "MoveLeft",
            "intentions": "lets explore",
            "pickedObject": null,
            "openedObject": null
        },
        {
            "action": "RotateRight",
            "intentions": null,
            "pickedObject": null,
            "openedObject": null
        },
        {
            "action": "RotateRight",
            "intentions": "I see I am in bedroom lets explore here",
            "pickedObject": null,
            "openedObject": null
        },
        {
            "action": "MoveAhead",
            "intentions": "I see something like a laptop on bed",
            "pickedObject": null,
            "openedObject": null
        },
        {
            "action": "MoveAhead",
            "intentions": null,
            "pickedObject": null,
            "openedObject": null
        },
        {
            "action": "MoveAhead",
            "intentions": null,
            "pickedObject": null,
            "openedObject": null
        },
        {
            "action": "MoveAhead",
            "intentions": null,
            "pickedObject": null,
            "openedObject": null
        },
        {
            "action": "PickUpObject",
            "intentions": "There is a laptop lets pick it up",
            "pickedObject": "Laptop|surface|6|40",
            "openedObject": null
        },
        {
            "action": "end",
            "intentions": "I have a laptop in my hand",
            "pickedObject": null,
            "openedObject": null
        }
    ],
    "pickupable_objects": [
        [],
        [],
        [
            "Box|6|4"
        ],
        [
            "Box|6|4"
        ],
        [
            "Laptop|surface|6|40"
        ],
        [
            "Laptop|surface|6|40"
        ],
        [
            "Laptop|surface|6|40"
        ],
        [
            "Laptop|surface|6|40"
        ],
        [
            "Laptop|surface|6|40"
        ]
    ],
    "openable_objects": [
        [
            "door|6|7",
            "Dresser|6|1___3",
            "Dresser|6|1___1"
        ],
        [
            "door|6|7",
            "Dresser|6|1___3",
            "Dresser|6|1___1"
        ],
        [
            "door|6|7",
            "Box|6|4"
        ],
        [
            "door|6|7",
            "Box|6|4"
        ],
        [
            "Laptop|surface|6|40"
        ],
        [
            "Laptop|surface|6|40"
        ],
        [
            "Laptop|surface|6|40"
        ],
        [
            "Laptop|surface|6|40"
        ],
        [
            "Laptop|surface|6|40"
        ]
    ]
}