{
    "house_id": 3730,
    "intentions": [],
    "target_object_type": "Mug",
    "frames_dir": "expert_annotations/frames/house_3730/Mug/",
    "actions": [
        {
            "action": "RotateLeft",
            "intentions": "cant see any mug and also dont know where I am so lets explore",
            "pickedObject": null,
            "openedObject": null
        },
        {
            "action": "RotateLeft",
            "intentions": "still dont know where I am",
            "pickedObject": null,
            "openedObject": null
        },
        {
            "action": "MoveAhead",
            "intentions": "oh there I see something like a mug on the table ",
            "pickedObject": null,
            "openedObject": null
        },
        {
            "action": "MoveAhead",
            "intentions": "I think that white thing on the table is a mug lets go near and check",
            "pickedObject": null,
            "openedObject": null
        },
        {
            "action": "MoveAhead",
            "intentions": null,
            "pickedObject": null,
            "openedObject": null
        },
        {
            "action": "RotateRight",
            "intentions": null,
            "pickedObject": null,
            "openedObject": null
        },
        {
            "action": "PickUpObject",
            "intentions": "yes that white thing is a mug now lets pick it up",
            "pickedObject": "Mug|surface|6|17",
            "openedObject": null
        },
        {
            "action": "end",
            "intentions": "I have a cup in my hand now",
            "pickedObject": null,
            "openedObject": null
        }
    ],
    "pickupable_objects": [
        [],
        [
            "Knife|surface|6|16",
            "Book|surface|6|15"
        ],
        [
            "Knife|surface|6|16",
            "Book|surface|6|15",
            "Plate|surface|6|2",
            "WineBottle|surface|6|1"
        ],
        [
            "Bottle|surface|6|11",
            "Mug|surface|6|17",
            "Book|surface|6|15",
            "Spoon|surface|6|3",
            "Plate|surface|6|2",
            "WineBottle|surface|6|1"
        ],
        [
            "Bottle|surface|6|11",
            "Mug|surface|6|17",
            "Plate|surface|6|2",
            "WineBottle|surface|6|1"
        ],
        [
            "Bottle|surface|6|11",
            "WineBottle|surface|6|1"
        ],
        [
            "Bottle|surface|6|11",
            "Mug|surface|6|17",
            "Knife|surface|6|16",
            "Book|surface|6|15",
            "Spoon|surface|6|3",
            "Plate|surface|6|2",
            "WineBottle|surface|6|1"
        ],
        [
            "Bottle|surface|6|11",
            "Mug|surface|6|17",
            "Knife|surface|6|16",
            "Book|surface|6|15",
            "Spoon|surface|6|3",
            "Plate|surface|6|2",
            "WineBottle|surface|6|1"
        ]
    ],
    "openable_objects": [
        [
            "door|6|7",
            "Fridge|6|1"
        ],
        [
            "door|1|6",
            "Book|surface|6|15",
            "Fridge|6|1"
        ],
        [
            "Book|surface|6|15"
        ],
        [
            "Book|surface|6|15"
        ],
        [
            "door|2|6"
        ],
        [
            "door|2|6"
        ],
        [
            "Book|surface|6|15"
        ],
        [
            "Book|surface|6|15"
        ]
    ]
}