image,prompt
frame_0.jpg,"a person standing in front of a door in a room, an ambient occlusion render, inspired by Leandro Erlich, photorealism, highly realistic. live cam, pc game with ui, black cloak hidden in shadows, streaming on twitch, detailed photo of virtual world, tall door, volumetric lighting — w 6 4 0"
frame_1.jpg,"a computer desk sitting in a room next to a door, a screenshot, inspired by Jozef Simmler, building cover with plant, android phones, third-person view, death grips, large potted plant, creating a soft, tall door, stable diffusion ai as a human, gipf project, listing image"
frame_2.jpg,"a computer generated image of a living room, a screenshot, inspired by John Crawford Brown, kafkaesque, third - person, blue scheme, first-person, 64x64, police station, gumroad, someone in home sits in bed"
frame_3.jpg,"a room with a desk and a chair in it, a screenshot, net art, third person gameplay, appgamekit, crime scene, blue: 0.5, mit technology review, destroying houses, ssao, boissb - blanca. j, gamedesign, hand on the doorknob, various scenarios, 64x64"
frame_4.jpg,"a bathroom with a sink and a mirror, a screenshot, inspired by Pieter de Hooch, superflat, [ horror game ], streaming on twitch, using a vr headset, jerma985 in fortnite, # fututistic, seu madruga, cute! c4d"
frame_5.jpg,"a cat standing in a room next to a door, a screenshot, new objectivity, yintion j - jiang geping, realosm, streaming on twitch, mobile learning app prototype, cgworld, videogame asset, videogame"
frame_6.jpg,"a room with a desk and a chair in it, a screenshot, inspired by Chris Ware, serial art, style of mirror\'s edge, fbi raid, mobile learning app prototype, japan studio game, mit technology review, psychological horror, surrealisme aesthetic, 64x64, first person"
frame_7.jpg,"a room with a desk and a chair in it, a screenshot, inspired by Balthus, postminimalism, using a vr headset, mit technology review, police tape, screenshot from the game, mobile, tall door, 64x64, 2 0 1 9, unsettling images, anti-aliased"
frame_8.jpg,"a computer monitor sitting on top of a desk in a room, a screenshot, inspired by Pieter de Hooch, postminimalism, you can see all the passageways, hand on the doorknob, first - person view, streaming on twitch, gamedesign, higurashi, mit technology review, utradetailed"
frame_9.jpg,"a room with a desk and a chair in it, a screenshot, inspired by Pieter de Hooch, net art, third person gameplay, hand on the doorknob, sharp focus on houses, in a japanese apartment, mit technology review, gamedesign, orthographic, crime scene photo, door"
frame_10.jpg,"a room with a ladder in the middle of it, a screenshot, inspired by Pieter de Hooch, net art, shadow cast of dark corridor, looming creature with a long, first - person view, destroying houses, blue shadows, photorealsitic, profile picture 1024px, realistic shapes"
frame_11.jpg,"the shadow of a person standing in front of a door, a raytraced image, new objectivity, jerma, location of a dark old house, protagonist in foreground, blue: 0.5, virtual engine 5, old apartment, destructible enviorments, consist of shadow, antview"
frame_12.jpg,"a room with a ladder and a bed in it, a screenshot, inspired by Pieter de Hooch, net art, deep blue shadows, first - person view, destroying houses, consist of shadow, 64x64, japan studio game, gentle shadowing, catalog photo, upper body avatar, map key"
frame_13.jpg,"a bathroom with a toilet and a sink, a screenshot, inspired by Balthus, postminimalism, ((blue)), abandoned house interior, 64x64, first-person pov, aaron sims, 3 mm, lossless, polearm, (jean jules linden), tripwire"
frame_14.jpg,"a room with a bed and a desk in it, a screenshot, inspired by Leandro Erlich, new objectivity, spidery irregular shapes"
frame_15.jpg,"a bathroom with a toilet and a sink, a raytraced image, inspired by Malevich, first person gun, 64x64, long dark hallway"
frame_16.jpg,"a metal roof with a sky background, a raytraced image, inspired by Paul Kelpe, deconstructivism, long dark hallway, smooth light from upper left, featureless, very grainy texture, top-down shot, deep blue shadows"
frame_17.jpg,"a man standing in the middle of a room, a raytraced image, inspired by Leandro Erlich, context art, second life avatar, blue walls, in blueprint form, frostbite engine, wall wood fortress, bedroom interior, 64x64, diebenkorn, screenshot from the game, destroying houses"
frame_18.jpg,"a bed sitting in a bedroom next to a window, inspired by Leandro Erlich, polycount, postminimalism, long dark hallway, decorative dark blue clothing, gamedesign, walls are made of dry wall, first - person view, destroying houses, barracks, rendered in enscape"
frame_19.jpg,"a bed sitting inside of a bedroom next to a window, a screenshot, inspired by Balthus, postminimalism, in game engine, blue and black color scheme, avatar image, long dark hallway, upper body avatar, jerma 9 8 5, source engine map, angular minimalism"
frame_20.jpg,"a bed sitting in a bedroom next to a window, inspired by Gustave Caillebotte, polycount, sky blue and white color scheme, high angle security camera feed, dark concrete room, walls are made of dry wall, first-person, and blue, childs bedroom, bad art"
frame_21.jpg,"a room with a bed and a painting on the wall, concept art, inspired by Marius Borgeaud, postminimalism, roblox avatar, gameplay screenshot with ui, streaming on twitch, verisimilitude, world of sleepers, 64x64, no foliage, and blue, depth map, videogame"
frame_22.jpg,"a room with a bed and a painting on the wall, inspired by Leandro Erlich, polycount, temporary art, sad cop looking at a, other bedrooms can be seen, walter white in roblox, spherical body, disposable camera, is at dawn and bluish, cursed images, medium blue, unreal 6 breathtaking detailed"
frame_23.jpg,"a bed sitting in a bedroom next to a window, inspired by George Ault, polycount, glowing blue face, outer wilds, truck, suddenly there came a tapping, long blue cape, screenshot from the game, jerma, advanced automobile, sleeping, and blue, uav, sleepy"
frame_24.jpg,"a bed sitting in a bedroom next to a window, inspired by George Ault, polycount, glowing blue face, outer wilds, truck, suddenly there came a tapping, long blue cape, screenshot from the game, jerma, advanced automobile, sleeping, and blue, uav, sleepy"
frame_25.jpg,"a bed sitting in a bedroom next to a window, a raytraced image, inspired by Yves Klein, superflat, rendered in unity 3 d, roblox, is at dawn and bluish, world of sleepers, jerma, hanging rope, looming creature with a long, and blue, wide fov"
