,Unnamed: 0,image,prompt,action,gpt_prompt
0,0,frame_0.jpg,"a person standing in front of a door in a room, an ambient occlusion render, inspired by Leandro Erlich, photorealism, highly realistic. live cam, pc game with ui, black cloak hidden in shadows, streaming on twitch, detailed photo of virtual world, tall door, volumetric lighting — w 6 4 0","

The next best possible single action is to open the door in front of you and the intention is to enter the bedroom.","I am in an unknown house.

This is the floorplan, from a top-down view.
On the bottom left, is the kitchen with a refrigerator in front, where you are currently located. To the right of the current position, is the drawing room which has a table near the entry, a sofa and a T.V in front of it. Connecting to the kitchen on the top right is a rectangular bedroom in a verticle fashion which can be entered through a door in the kitchen. In the bedroom on the bottom right corner is a bathroom which can be entered from the bedroom.

The goal is to find the shortest path to the Pillow, giving a detailed step-by-step trajectory.

We are given the frame description as follows - 
a person standing in front of a door in a room, an ambient occlusion render, inspired by Leandro Erlich, photorealism, highly realistic. live cam, pc game with ui, black cloak hidden in shadows, streaming on twitch, detailed photo of virtual world, tall door, volumetric lighting — w 6 4 0

Generate the next best possible single action and the intention behind the action as colon-separated action and intention."
1,1,frame_1.jpg,"a computer desk sitting in a room next to a door, a screenshot, inspired by Jozef Simmler, building cover with plant, android phones, third-person view, death grips, large potted plant, creating a soft, tall door, stable diffusion ai as a human, gipf project, listing image","

The next best possible single action is to move towards the door. The intention behind the action is to exit the room.","I am in an unknown house.

This is the floorplan, from a top-down view.
On the bottom left, is the kitchen with a refrigerator in front, where you are currently located. To the right of the current position, is the drawing room which has a table near the entry, a sofa and a T.V in front of it. Connecting to the kitchen on the top right is a rectangular bedroom in a verticle fashion which can be entered through a door in the kitchen. In the bedroom on the bottom right corner is a bathroom which can be entered from the bedroom.

The goal is to find the shortest path to the Pillow, giving a detailed step-by-step trajectory.

We are given the frame description as follows - 
a computer desk sitting in a room next to a door, a screenshot, inspired by Jozef Simmler, building cover with plant, android phones, third-person view, death grips, large potted plant, creating a soft, tall door, stable diffusion ai as a human, gipf project, listing image

Generate the next best possible single action and the intention behind the action as colon-separated action and intention."
2,2,frame_2.jpg,"a computer generated image of a living room, a screenshot, inspired by John Crawford Brown, kafkaesque, third - person, blue scheme, first-person, 64x64, police station, gumroad, someone in home sits in bed","

The next best possible action is to walk to the bedroom and the intention is to find the pillow.","I am in an unknown house.

This is the floorplan, from a top-down view.
On the bottom left, is the kitchen with a refrigerator in front, where you are currently located. To the right of the current position, is the drawing room which has a table near the entry, a sofa and a T.V in front of it. Connecting to the kitchen on the top right is a rectangular bedroom in a verticle fashion which can be entered through a door in the kitchen. In the bedroom on the bottom right corner is a bathroom which can be entered from the bedroom.

The goal is to find the shortest path to the Pillow, giving a detailed step-by-step trajectory.

We are given the frame description as follows - 
a computer generated image of a living room, a screenshot, inspired by John Crawford Brown, kafkaesque, third - person, blue scheme, first-person, 64x64, police station, gumroad, someone in home sits in bed

Generate the next best possible single action and the intention behind the action as colon-separated action and intention."
3,3,frame_3.jpg,"a room with a desk and a chair in it, a screenshot, net art, third person gameplay, appgamekit, crime scene, blue: 0.5, mit technology review, destroying houses, ssao, boissb - blanca. j, gamedesign, hand on the doorknob, various scenarios, 64x64","

Move to the drawing room: The intention is to find the pillow.","I am in an unknown house.

This is the floorplan, from a top-down view.
On the bottom left, is the kitchen with a refrigerator in front, where you are currently located. To the right of the current position, is the drawing room which has a table near the entry, a sofa and a T.V in front of it. Connecting to the kitchen on the top right is a rectangular bedroom in a verticle fashion which can be entered through a door in the kitchen. In the bedroom on the bottom right corner is a bathroom which can be entered from the bedroom.

The goal is to find the shortest path to the Pillow, giving a detailed step-by-step trajectory.

We are given the frame description as follows - 
a room with a desk and a chair in it, a screenshot, net art, third person gameplay, appgamekit, crime scene, blue: 0.5, mit technology review, destroying houses, ssao, boissb - blanca. j, gamedesign, hand on the doorknob, various scenarios, 64x64

Generate the next best possible single action and the intention behind the action as colon-separated action and intention."
4,4,frame_4.jpg,"a bathroom with a sink and a mirror, a screenshot, inspired by Pieter de Hooch, superflat, [ horror game ], streaming on twitch, using a vr headset, jerma985 in fortnite, # fututistic, seu madruga, cute! c4d","

The next best possible single action is to walk to the door in the kitchen. The intention is to go to the bedroom.","I am in an unknown house.

This is the floorplan, from a top-down view.
On the bottom left, is the kitchen with a refrigerator in front, where you are currently located. To the right of the current position, is the drawing room which has a table near the entry, a sofa and a T.V in front of it. Connecting to the kitchen on the top right is a rectangular bedroom in a verticle fashion which can be entered through a door in the kitchen. In the bedroom on the bottom right corner is a bathroom which can be entered from the bedroom.

The goal is to find the shortest path to the Pillow, giving a detailed step-by-step trajectory.

We are given the frame description as follows - 
a bathroom with a sink and a mirror, a screenshot, inspired by Pieter de Hooch, superflat, [ horror game ], streaming on twitch, using a vr headset, jerma985 in fortnite, # fututistic, seu madruga, cute! c4d

Generate the next best possible single action and the intention behind the action as colon-separated action and intention."
5,5,frame_5.jpg,"a cat standing in a room next to a door, a screenshot, new objectivity, yintion j - jiang geping, realosm, streaming on twitch, mobile learning app prototype, cgworld, videogame asset, videogame","

The next best possible single action is to move towards the door in the kitchen. The intention behind the action is to find a way out of the house.","I am in an unknown house.

This is the floorplan, from a top-down view.
On the bottom left, is the kitchen with a refrigerator in front, where you are currently located. To the right of the current position, is the drawing room which has a table near the entry, a sofa and a T.V in front of it. Connecting to the kitchen on the top right is a rectangular bedroom in a verticle fashion which can be entered through a door in the kitchen. In the bedroom on the bottom right corner is a bathroom which can be entered from the bedroom.

The goal is to find the shortest path to the Pillow, giving a detailed step-by-step trajectory.

We are given the frame description as follows - 
a cat standing in a room next to a door, a screenshot, new objectivity, yintion j - jiang geping, realosm, streaming on twitch, mobile learning app prototype, cgworld, videogame asset, videogame

Generate the next best possible single action and the intention behind the action as colon-separated action and intention."
6,6,frame_6.jpg,"a room with a desk and a chair in it, a screenshot, inspired by Chris Ware, serial art, style of mirror\'s edge, fbi raid, mobile learning app prototype, japan studio game, mit technology review, psychological horror, surrealisme aesthetic, 64x64, first person","

The next best possible single action is to walk to the door in the kitchen which leads to the bedroom. The intention behind this action is to find the pillow which is located in the bedroom.","I am in an unknown house.

This is the floorplan, from a top-down view.
On the bottom left, is the kitchen with a refrigerator in front, where you are currently located. To the right of the current position, is the drawing room which has a table near the entry, a sofa and a T.V in front of it. Connecting to the kitchen on the top right is a rectangular bedroom in a verticle fashion which can be entered through a door in the kitchen. In the bedroom on the bottom right corner is a bathroom which can be entered from the bedroom.

The goal is to find the shortest path to the Pillow, giving a detailed step-by-step trajectory.

We are given the frame description as follows - 
a room with a desk and a chair in it, a screenshot, inspired by Chris Ware, serial art, style of mirror\'s edge, fbi raid, mobile learning app prototype, japan studio game, mit technology review, psychological horror, surrealisme aesthetic, 64x64, first person

Generate the next best possible single action and the intention behind the action as colon-separated action and intention."
7,7,frame_7.jpg,"a room with a desk and a chair in it, a screenshot, inspired by Balthus, postminimalism, using a vr headset, mit technology review, police tape, screenshot from the game, mobile, tall door, 64x64, 2 0 1 9, unsettling images, anti-aliased","

The next best possible single action is to walk to the door of the bedroom. The intention behind the action is to find the pillow.","I am in an unknown house.

This is the floorplan, from a top-down view.
On the bottom left, is the kitchen with a refrigerator in front, where you are currently located. To the right of the current position, is the drawing room which has a table near the entry, a sofa and a T.V in front of it. Connecting to the kitchen on the top right is a rectangular bedroom in a verticle fashion which can be entered through a door in the kitchen. In the bedroom on the bottom right corner is a bathroom which can be entered from the bedroom.

The goal is to find the shortest path to the Pillow, giving a detailed step-by-step trajectory.

We are given the frame description as follows - 
a room with a desk and a chair in it, a screenshot, inspired by Balthus, postminimalism, using a vr headset, mit technology review, police tape, screenshot from the game, mobile, tall door, 64x64, 2 0 1 9, unsettling images, anti-aliased

Generate the next best possible single action and the intention behind the action as colon-separated action and intention."
8,8,frame_8.jpg,"a computer monitor sitting on top of a desk in a room, a screenshot, inspired by Pieter de Hooch, postminimalism, you can see all the passageways, hand on the doorknob, first - person view, streaming on twitch, gamedesign, higurashi, mit technology review, utradetailed","

The action is to open the door leading to the bedroom, and the intention is to find the pillow.","I am in an unknown house.

This is the floorplan, from a top-down view.
On the bottom left, is the kitchen with a refrigerator in front, where you are currently located. To the right of the current position, is the drawing room which has a table near the entry, a sofa and a T.V in front of it. Connecting to the kitchen on the top right is a rectangular bedroom in a verticle fashion which can be entered through a door in the kitchen. In the bedroom on the bottom right corner is a bathroom which can be entered from the bedroom.

The goal is to find the shortest path to the Pillow, giving a detailed step-by-step trajectory.

We are given the frame description as follows - 
a computer monitor sitting on top of a desk in a room, a screenshot, inspired by Pieter de Hooch, postminimalism, you can see all the passageways, hand on the doorknob, first - person view, streaming on twitch, gamedesign, higurashi, mit technology review, utradetailed

Generate the next best possible single action and the intention behind the action as colon-separated action and intention."
9,9,frame_9.jpg,"a room with a desk and a chair in it, a screenshot, inspired by Pieter de Hooch, net art, third person gameplay, hand on the doorknob, sharp focus on houses, in a japanese apartment, mit technology review, gamedesign, orthographic, crime scene photo, door","



The next best possible single action would be to open the door in the kitchen that leads to the bedroom, and the intention behind the action would be to find the pillow.","I am in an unknown house.

This is the floorplan, from a top-down view.
On the bottom left, is the kitchen with a refrigerator in front, where you are currently located. To the right of the current position, is the drawing room which has a table near the entry, a sofa and a T.V in front of it. Connecting to the kitchen on the top right is a rectangular bedroom in a verticle fashion which can be entered through a door in the kitchen. In the bedroom on the bottom right corner is a bathroom which can be entered from the bedroom.

The goal is to find the shortest path to the Pillow, giving a detailed step-by-step trajectory.

We are given the frame description as follows - 
a room with a desk and a chair in it, a screenshot, inspired by Pieter de Hooch, net art, third person gameplay, hand on the doorknob, sharp focus on houses, in a japanese apartment, mit technology review, gamedesign, orthographic, crime scene photo, door

Generate the next best possible single action and the intention behind the action as colon-separated action and intention."
10,10,frame_10.jpg,"a room with a ladder in the middle of it, a screenshot, inspired by Pieter de Hooch, net art, shadow cast of dark corridor, looming creature with a long, first - person view, destroying houses, blue shadows, photorealsitic, profile picture 1024px, realistic shapes","



Move to the right into the drawing room: The intention is to get closer to the pillow in order to grab it.","I am in an unknown house.

This is the floorplan, from a top-down view.
On the bottom left, is the kitchen with a refrigerator in front, where you are currently located. To the right of the current position, is the drawing room which has a table near the entry, a sofa and a T.V in front of it. Connecting to the kitchen on the top right is a rectangular bedroom in a verticle fashion which can be entered through a door in the kitchen. In the bedroom on the bottom right corner is a bathroom which can be entered from the bedroom.

The goal is to find the shortest path to the Pillow, giving a detailed step-by-step trajectory.

We are given the frame description as follows - 
a room with a ladder in the middle of it, a screenshot, inspired by Pieter de Hooch, net art, shadow cast of dark corridor, looming creature with a long, first - person view, destroying houses, blue shadows, photorealsitic, profile picture 1024px, realistic shapes

Generate the next best possible single action and the intention behind the action as colon-separated action and intention."
11,11,frame_11.jpg,"the shadow of a person standing in front of a door, a raytraced image, new objectivity, jerma, location of a dark old house, protagonist in foreground, blue: 0.5, virtual engine 5, old apartment, destructible enviorments, consist of shadow, antview","

The next best possible single action is to walk to the door in the kitchen. The intention behind the action is to find a way out of the house.","I am in an unknown house.

This is the floorplan, from a top-down view.
On the bottom left, is the kitchen with a refrigerator in front, where you are currently located. To the right of the current position, is the drawing room which has a table near the entry, a sofa and a T.V in front of it. Connecting to the kitchen on the top right is a rectangular bedroom in a verticle fashion which can be entered through a door in the kitchen. In the bedroom on the bottom right corner is a bathroom which can be entered from the bedroom.

The goal is to find the shortest path to the Pillow, giving a detailed step-by-step trajectory.

We are given the frame description as follows - 
the shadow of a person standing in front of a door, a raytraced image, new objectivity, jerma, location of a dark old house, protagonist in foreground, blue: 0.5, virtual engine 5, old apartment, destructible enviorments, consist of shadow, antview

Generate the next best possible single action and the intention behind the action as colon-separated action and intention."
12,12,frame_12.jpg,"a room with a ladder and a bed in it, a screenshot, inspired by Pieter de Hooch, net art, deep blue shadows, first - person view, destroying houses, consist of shadow, 64x64, japan studio game, gentle shadowing, catalog photo, upper body avatar, map key","

The next best possible single action is to move forward into the drawing room, with the intention of finding the pillow.","I am in an unknown house.

This is the floorplan, from a top-down view.
On the bottom left, is the kitchen with a refrigerator in front, where you are currently located. To the right of the current position, is the drawing room which has a table near the entry, a sofa and a T.V in front of it. Connecting to the kitchen on the top right is a rectangular bedroom in a verticle fashion which can be entered through a door in the kitchen. In the bedroom on the bottom right corner is a bathroom which can be entered from the bedroom.

The goal is to find the shortest path to the Pillow, giving a detailed step-by-step trajectory.

We are given the frame description as follows - 
a room with a ladder and a bed in it, a screenshot, inspired by Pieter de Hooch, net art, deep blue shadows, first - person view, destroying houses, consist of shadow, 64x64, japan studio game, gentle shadowing, catalog photo, upper body avatar, map key

Generate the next best possible single action and the intention behind the action as colon-separated action and intention."
13,13,frame_13.jpg,"a bathroom with a toilet and a sink, a screenshot, inspired by Balthus, postminimalism, ((blue)), abandoned house interior, 64x64, first-person pov, aaron sims, 3 mm, lossless, polearm, (jean jules linden), tripwire","

The next best possible single action is to walk to the door on the right, which leads to the bedroom. The intention behind this action is to find the pillow.","I am in an unknown house.

This is the floorplan, from a top-down view.
On the bottom left, is the kitchen with a refrigerator in front, where you are currently located. To the right of the current position, is the drawing room which has a table near the entry, a sofa and a T.V in front of it. Connecting to the kitchen on the top right is a rectangular bedroom in a verticle fashion which can be entered through a door in the kitchen. In the bedroom on the bottom right corner is a bathroom which can be entered from the bedroom.

The goal is to find the shortest path to the Pillow, giving a detailed step-by-step trajectory.

We are given the frame description as follows - 
a bathroom with a toilet and a sink, a screenshot, inspired by Balthus, postminimalism, ((blue)), abandoned house interior, 64x64, first-person pov, aaron sims, 3 mm, lossless, polearm, (jean jules linden), tripwire

Generate the next best possible single action and the intention behind the action as colon-separated action and intention."
14,14,frame_14.jpg,"a room with a bed and a desk in it, a screenshot, inspired by Leandro Erlich, new objectivity, spidery irregular shapes","

The next best possible single action is to walk to the door in the kitchen that leads to the bedroom. The intention behind this action is to find the pillow.","I am in an unknown house.

This is the floorplan, from a top-down view.
On the bottom left, is the kitchen with a refrigerator in front, where you are currently located. To the right of the current position, is the drawing room which has a table near the entry, a sofa and a T.V in front of it. Connecting to the kitchen on the top right is a rectangular bedroom in a verticle fashion which can be entered through a door in the kitchen. In the bedroom on the bottom right corner is a bathroom which can be entered from the bedroom.

The goal is to find the shortest path to the Pillow, giving a detailed step-by-step trajectory.

We are given the frame description as follows - 
a room with a bed and a desk in it, a screenshot, inspired by Leandro Erlich, new objectivity, spidery irregular shapes

Generate the next best possible single action and the intention behind the action as colon-separated action and intention."
15,15,frame_15.jpg,"a bathroom with a toilet and a sink, a raytraced image, inspired by Malevich, first person gun, 64x64, long dark hallway","

The next best possible single action would be to go through the door in the kitchen to enter the bedroom, with the intention of finding the pillow.","I am in an unknown house.

This is the floorplan, from a top-down view.
On the bottom left, is the kitchen with a refrigerator in front, where you are currently located. To the right of the current position, is the drawing room which has a table near the entry, a sofa and a T.V in front of it. Connecting to the kitchen on the top right is a rectangular bedroom in a verticle fashion which can be entered through a door in the kitchen. In the bedroom on the bottom right corner is a bathroom which can be entered from the bedroom.

The goal is to find the shortest path to the Pillow, giving a detailed step-by-step trajectory.

We are given the frame description as follows - 
a bathroom with a toilet and a sink, a raytraced image, inspired by Malevich, first person gun, 64x64, long dark hallway

Generate the next best possible single action and the intention behind the action as colon-separated action and intention."
16,16,frame_16.jpg,"a metal roof with a sky background, a raytraced image, inspired by Paul Kelpe, deconstructivism, long dark hallway, smooth light from upper left, featureless, very grainy texture, top-down shot, deep blue shadows","

The next best possible single action is to go through the door in the kitchen to enter the bedroom, with the intention of finding the pillow.","I am in an unknown house.

This is the floorplan, from a top-down view.
On the bottom left, is the kitchen with a refrigerator in front, where you are currently located. To the right of the current position, is the drawing room which has a table near the entry, a sofa and a T.V in front of it. Connecting to the kitchen on the top right is a rectangular bedroom in a verticle fashion which can be entered through a door in the kitchen. In the bedroom on the bottom right corner is a bathroom which can be entered from the bedroom.

The goal is to find the shortest path to the Pillow, giving a detailed step-by-step trajectory.

We are given the frame description as follows - 
a metal roof with a sky background, a raytraced image, inspired by Paul Kelpe, deconstructivism, long dark hallway, smooth light from upper left, featureless, very grainy texture, top-down shot, deep blue shadows

Generate the next best possible single action and the intention behind the action as colon-separated action and intention."
17,17,frame_17.jpg,"a man standing in the middle of a room, a raytraced image, inspired by Leandro Erlich, context art, second life avatar, blue walls, in blueprint form, frostbite engine, wall wood fortress, bedroom interior, 64x64, diebenkorn, screenshot from the game, destroying houses","

The next best possible single action is to walk through the door into the bedroom, and the intention behind the action is to find the pillow.","I am in an unknown house.

This is the floorplan, from a top-down view.
On the bottom left, is the kitchen with a refrigerator in front, where you are currently located. To the right of the current position, is the drawing room which has a table near the entry, a sofa and a T.V in front of it. Connecting to the kitchen on the top right is a rectangular bedroom in a verticle fashion which can be entered through a door in the kitchen. In the bedroom on the bottom right corner is a bathroom which can be entered from the bedroom.

The goal is to find the shortest path to the Pillow, giving a detailed step-by-step trajectory.

We are given the frame description as follows - 
a man standing in the middle of a room, a raytraced image, inspired by Leandro Erlich, context art, second life avatar, blue walls, in blueprint form, frostbite engine, wall wood fortress, bedroom interior, 64x64, diebenkorn, screenshot from the game, destroying houses

Generate the next best possible single action and the intention behind the action as colon-separated action and intention."
18,18,frame_18.jpg,"a bed sitting in a bedroom next to a window, inspired by Leandro Erlich, polycount, postminimalism, long dark hallway, decorative dark blue clothing, gamedesign, walls are made of dry wall, first - person view, destroying houses, barracks, rendered in enscape","

Move to the right of the kitchen counter: the goal is to get to the drawing room.","I am in an unknown house.

This is the floorplan, from a top-down view.
On the bottom left, is the kitchen with a refrigerator in front, where you are currently located. To the right of the current position, is the drawing room which has a table near the entry, a sofa and a T.V in front of it. Connecting to the kitchen on the top right is a rectangular bedroom in a verticle fashion which can be entered through a door in the kitchen. In the bedroom on the bottom right corner is a bathroom which can be entered from the bedroom.

The goal is to find the shortest path to the Pillow, giving a detailed step-by-step trajectory.

We are given the frame description as follows - 
a bed sitting in a bedroom next to a window, inspired by Leandro Erlich, polycount, postminimalism, long dark hallway, decorative dark blue clothing, gamedesign, walls are made of dry wall, first - person view, destroying houses, barracks, rendered in enscape

Generate the next best possible single action and the intention behind the action as colon-separated action and intention."
19,19,frame_19.jpg,"a bed sitting inside of a bedroom next to a window, a screenshot, inspired by Balthus, postminimalism, in game engine, blue and black color scheme, avatar image, long dark hallway, upper body avatar, jerma 9 8 5, source engine map, angular minimalism","

Move to the drawing room: The intention is to get to the pillow which is in the bedroom.","I am in an unknown house.

This is the floorplan, from a top-down view.
On the bottom left, is the kitchen with a refrigerator in front, where you are currently located. To the right of the current position, is the drawing room which has a table near the entry, a sofa and a T.V in front of it. Connecting to the kitchen on the top right is a rectangular bedroom in a verticle fashion which can be entered through a door in the kitchen. In the bedroom on the bottom right corner is a bathroom which can be entered from the bedroom.

The goal is to find the shortest path to the Pillow, giving a detailed step-by-step trajectory.

We are given the frame description as follows - 
a bed sitting inside of a bedroom next to a window, a screenshot, inspired by Balthus, postminimalism, in game engine, blue and black color scheme, avatar image, long dark hallway, upper body avatar, jerma 9 8 5, source engine map, angular minimalism

Generate the next best possible single action and the intention behind the action as colon-separated action and intention."
20,20,frame_20.jpg,"a bed sitting in a bedroom next to a window, inspired by Gustave Caillebotte, polycount, sky blue and white color scheme, high angle security camera feed, dark concrete room, walls are made of dry wall, first-person, and blue, childs bedroom, bad art","

The next best possible single action would be to walk to the door on the right side of the kitchen, which leads to the bedroom. The intention behind this action would be to find the pillow, which is located in the bedroom.","I am in an unknown house.

This is the floorplan, from a top-down view.
On the bottom left, is the kitchen with a refrigerator in front, where you are currently located. To the right of the current position, is the drawing room which has a table near the entry, a sofa and a T.V in front of it. Connecting to the kitchen on the top right is a rectangular bedroom in a verticle fashion which can be entered through a door in the kitchen. In the bedroom on the bottom right corner is a bathroom which can be entered from the bedroom.

The goal is to find the shortest path to the Pillow, giving a detailed step-by-step trajectory.

We are given the frame description as follows - 
a bed sitting in a bedroom next to a window, inspired by Gustave Caillebotte, polycount, sky blue and white color scheme, high angle security camera feed, dark concrete room, walls are made of dry wall, first-person, and blue, childs bedroom, bad art

Generate the next best possible single action and the intention behind the action as colon-separated action and intention."
21,21,frame_21.jpg,"a room with a bed and a painting on the wall, concept art, inspired by Marius Borgeaud, postminimalism, roblox avatar, gameplay screenshot with ui, streaming on twitch, verisimilitude, world of sleepers, 64x64, no foliage, and blue, depth map, videogame","


The next best possible single action is to walk to the door in the kitchen that leads to the bedroom. The intention behind this action is to find the pillow that is located in the bedroom.","I am in an unknown house.

This is the floorplan, from a top-down view.
On the bottom left, is the kitchen with a refrigerator in front, where you are currently located. To the right of the current position, is the drawing room which has a table near the entry, a sofa and a T.V in front of it. Connecting to the kitchen on the top right is a rectangular bedroom in a verticle fashion which can be entered through a door in the kitchen. In the bedroom on the bottom right corner is a bathroom which can be entered from the bedroom.

The goal is to find the shortest path to the Pillow, giving a detailed step-by-step trajectory.

We are given the frame description as follows - 
a room with a bed and a painting on the wall, concept art, inspired by Marius Borgeaud, postminimalism, roblox avatar, gameplay screenshot with ui, streaming on twitch, verisimilitude, world of sleepers, 64x64, no foliage, and blue, depth map, videogame

Generate the next best possible single action and the intention behind the action as colon-separated action and intention."
22,22,frame_22.jpg,"a room with a bed and a painting on the wall, inspired by Leandro Erlich, polycount, temporary art, sad cop looking at a, other bedrooms can be seen, walter white in roblox, spherical body, disposable camera, is at dawn and bluish, cursed images, medium blue, unreal 6 breathtaking detailed","

The next best possible single action is to go to the bedroom and the intention behind the action is to find the pillow.","I am in an unknown house.

This is the floorplan, from a top-down view.
On the bottom left, is the kitchen with a refrigerator in front, where you are currently located. To the right of the current position, is the drawing room which has a table near the entry, a sofa and a T.V in front of it. Connecting to the kitchen on the top right is a rectangular bedroom in a verticle fashion which can be entered through a door in the kitchen. In the bedroom on the bottom right corner is a bathroom which can be entered from the bedroom.

The goal is to find the shortest path to the Pillow, giving a detailed step-by-step trajectory.

We are given the frame description as follows - 
a room with a bed and a painting on the wall, inspired by Leandro Erlich, polycount, temporary art, sad cop looking at a, other bedrooms can be seen, walter white in roblox, spherical body, disposable camera, is at dawn and bluish, cursed images, medium blue, unreal 6 breathtaking detailed

Generate the next best possible single action and the intention behind the action as colon-separated action and intention."
23,23,frame_23.jpg,"a bed sitting in a bedroom next to a window, inspired by George Ault, polycount, glowing blue face, outer wilds, truck, suddenly there came a tapping, long blue cape, screenshot from the game, jerma, advanced automobile, sleeping, and blue, uav, sleepy","

The next best possible single action would be to walk to the door in the kitchen that leads to the bedroom. The intention behind this action would be to find the pillow.","I am in an unknown house.

This is the floorplan, from a top-down view.
On the bottom left, is the kitchen with a refrigerator in front, where you are currently located. To the right of the current position, is the drawing room which has a table near the entry, a sofa and a T.V in front of it. Connecting to the kitchen on the top right is a rectangular bedroom in a verticle fashion which can be entered through a door in the kitchen. In the bedroom on the bottom right corner is a bathroom which can be entered from the bedroom.

The goal is to find the shortest path to the Pillow, giving a detailed step-by-step trajectory.

We are given the frame description as follows - 
a bed sitting in a bedroom next to a window, inspired by George Ault, polycount, glowing blue face, outer wilds, truck, suddenly there came a tapping, long blue cape, screenshot from the game, jerma, advanced automobile, sleeping, and blue, uav, sleepy

Generate the next best possible single action and the intention behind the action as colon-separated action and intention."
24,24,frame_24.jpg,"a bed sitting in a bedroom next to a window, inspired by George Ault, polycount, glowing blue face, outer wilds, truck, suddenly there came a tapping, long blue cape, screenshot from the game, jerma, advanced automobile, sleeping, and blue, uav, sleepy","

The next best possible single action is to walk to the door of the bedroom, and the intention is to find the pillow.","I am in an unknown house.

This is the floorplan, from a top-down view.
On the bottom left, is the kitchen with a refrigerator in front, where you are currently located. To the right of the current position, is the drawing room which has a table near the entry, a sofa and a T.V in front of it. Connecting to the kitchen on the top right is a rectangular bedroom in a verticle fashion which can be entered through a door in the kitchen. In the bedroom on the bottom right corner is a bathroom which can be entered from the bedroom.

The goal is to find the shortest path to the Pillow, giving a detailed step-by-step trajectory.

We are given the frame description as follows - 
a bed sitting in a bedroom next to a window, inspired by George Ault, polycount, glowing blue face, outer wilds, truck, suddenly there came a tapping, long blue cape, screenshot from the game, jerma, advanced automobile, sleeping, and blue, uav, sleepy

Generate the next best possible single action and the intention behind the action as colon-separated action and intention."
25,25,frame_25.jpg,"a bed sitting in a bedroom next to a window, a raytraced image, inspired by Yves Klein, superflat, rendered in unity 3 d, roblox, is at dawn and bluish, world of sleepers, jerma, hanging rope, looming creature with a long, and blue, wide fov","


The next best possible single action is to move one step to the right and the intention behind the action is to go to the drawing room.","I am in an unknown house.

This is the floorplan, from a top-down view.
On the bottom left, is the kitchen with a refrigerator in front, where you are currently located. To the right of the current position, is the drawing room which has a table near the entry, a sofa and a T.V in front of it. Connecting to the kitchen on the top right is a rectangular bedroom in a verticle fashion which can be entered through a door in the kitchen. In the bedroom on the bottom right corner is a bathroom which can be entered from the bedroom.

The goal is to find the shortest path to the Pillow, giving a detailed step-by-step trajectory.

We are given the frame description as follows - 
a bed sitting in a bedroom next to a window, a raytraced image, inspired by Yves Klein, superflat, rendered in unity 3 d, roblox, is at dawn and bluish, world of sleepers, jerma, hanging rope, looming creature with a long, and blue, wide fov

Generate the next best possible single action and the intention behind the action as colon-separated action and intention."
