,Unnamed: 0,image,prompt,action,gpt_prompt
0,0,frame_0.jpg,"a person standing in front of a door in a room, an ambient occlusion render, inspired by Leandro Erlich, photorealism, gameplay screenshot with ui, streaming on twitch, detailed photo of virtual world, dark shadow, cool skydome, tall door, unity engine, arma 3","

The next best possible single action would be to open the door in front of you, and the intention would be to enter the bedroom.","I am in an unknown house.

This is the floorplan, from a top-down view.
On the bottom left, is the kitchen with a refrigerator in front, where you are currently located. To the right of the current position, is the drawing room which has a table near the entry, a sofa and a T.V in front of it. Connecting to the kitchen on the top right is a rectangular bedroom in a verticle fashion which can be entered through a door in the kitchen. In the bedroom on the bottom right corner is a bathroom which can be entered from the bedroom.

The goal is to find the shortest path to the Laptop, giving a detailed step-by-step trajectory.

We are given the frame description as follows - 
a person standing in front of a door in a room, an ambient occlusion render, inspired by Leandro Erlich, photorealism, gameplay screenshot with ui, streaming on twitch, detailed photo of virtual world, dark shadow, cool skydome, tall door, unity engine, arma 3

Generate the next best possible single action and the intention behind the action as colon-separated action and intention."
1,1,frame_1.jpg,"a room with a door and a table in it, a screenshot, new objectivity, style of mirror\'s edge, mit technology review, harsh shadows and reflections, mobile learning app prototype, skeb.jp, hyperrealistic simulation","



The next best possible single action is to go through the door in the kitchen to enter the bedroom. The intention behind the action is to find the laptop.","I am in an unknown house.

This is the floorplan, from a top-down view.
On the bottom left, is the kitchen with a refrigerator in front, where you are currently located. To the right of the current position, is the drawing room which has a table near the entry, a sofa and a T.V in front of it. Connecting to the kitchen on the top right is a rectangular bedroom in a verticle fashion which can be entered through a door in the kitchen. In the bedroom on the bottom right corner is a bathroom which can be entered from the bedroom.

The goal is to find the shortest path to the Laptop, giving a detailed step-by-step trajectory.

We are given the frame description as follows - 
a room with a door and a table in it, a screenshot, new objectivity, style of mirror\'s edge, mit technology review, harsh shadows and reflections, mobile learning app prototype, skeb.jp, hyperrealistic simulation

Generate the next best possible single action and the intention behind the action as colon-separated action and intention."
2,2,frame_2.jpg,"a room with a door and a table in it, a screenshot, new objectivity, avec des dents pointues, vr, apartment, blue door","



The next best possible single action is to walk to the door in the kitchen. The intention behind the action is to find the laptop.","I am in an unknown house.

This is the floorplan, from a top-down view.
On the bottom left, is the kitchen with a refrigerator in front, where you are currently located. To the right of the current position, is the drawing room which has a table near the entry, a sofa and a T.V in front of it. Connecting to the kitchen on the top right is a rectangular bedroom in a verticle fashion which can be entered through a door in the kitchen. In the bedroom on the bottom right corner is a bathroom which can be entered from the bedroom.

The goal is to find the shortest path to the Laptop, giving a detailed step-by-step trajectory.

We are given the frame description as follows - 
a room with a door and a table in it, a screenshot, new objectivity, avec des dents pointues, vr, apartment, blue door

Generate the next best possible single action and the intention behind the action as colon-separated action and intention."
3,3,frame_3.jpg,"a room with a desk and a chair in it, a digital rendering, inspired by Gustave Caillebotte, mobile learning app prototype, dark dimension portal, prison cell, homeworld, doors to various bedrooms, first - person view, mit technology review, siggraph","

The next best possible single action is to go through the door in the kitchen to enter the bedroom. The intention behind the action is to find the laptop.","I am in an unknown house.

This is the floorplan, from a top-down view.
On the bottom left, is the kitchen with a refrigerator in front, where you are currently located. To the right of the current position, is the drawing room which has a table near the entry, a sofa and a T.V in front of it. Connecting to the kitchen on the top right is a rectangular bedroom in a verticle fashion which can be entered through a door in the kitchen. In the bedroom on the bottom right corner is a bathroom which can be entered from the bedroom.

The goal is to find the shortest path to the Laptop, giving a detailed step-by-step trajectory.

We are given the frame description as follows - 
a room with a desk and a chair in it, a digital rendering, inspired by Gustave Caillebotte, mobile learning app prototype, dark dimension portal, prison cell, homeworld, doors to various bedrooms, first - person view, mit technology review, siggraph

Generate the next best possible single action and the intention behind the action as colon-separated action and intention."
4,4,frame_4.jpg,"a room with a desk and a chair in it, a digital rendering, inspired by Marius Borgeaud, [ horror game ], streaming on twitch, mit technology review, 3 d mesh, agoraphobia, an escape room in a small, future science fiction. game cg, apartment, a room","

The next best possible single action is to move towards the door in the kitchen which leads to the bedroom. The intention behind the action is to find the laptop which is in the room with the desk.","I am in an unknown house.

This is the floorplan, from a top-down view.
On the bottom left, is the kitchen with a refrigerator in front, where you are currently located. To the right of the current position, is the drawing room which has a table near the entry, a sofa and a T.V in front of it. Connecting to the kitchen on the top right is a rectangular bedroom in a verticle fashion which can be entered through a door in the kitchen. In the bedroom on the bottom right corner is a bathroom which can be entered from the bedroom.

The goal is to find the shortest path to the Laptop, giving a detailed step-by-step trajectory.

We are given the frame description as follows - 
a room with a desk and a chair in it, a digital rendering, inspired by Marius Borgeaud, [ horror game ], streaming on twitch, mit technology review, 3 d mesh, agoraphobia, an escape room in a small, future science fiction. game cg, apartment, a room

Generate the next best possible single action and the intention behind the action as colon-separated action and intention."
5,5,frame_5.jpg,"a room with a desk and a chair in it, a raytraced image, serial art, streaming on twitch, computer game art, sad prisoner holding ipad, two buddies sitting in a room, perfect dark, he is all alone, polygon, game maker, the artist has used bright, counter strike","

The next best possible single action would be to walk to the door on the right side of the kitchen, and the intention behind the action would be to enter the bedroom.","I am in an unknown house.

This is the floorplan, from a top-down view.
On the bottom left, is the kitchen with a refrigerator in front, where you are currently located. To the right of the current position, is the drawing room which has a table near the entry, a sofa and a T.V in front of it. Connecting to the kitchen on the top right is a rectangular bedroom in a verticle fashion which can be entered through a door in the kitchen. In the bedroom on the bottom right corner is a bathroom which can be entered from the bedroom.

The goal is to find the shortest path to the Laptop, giving a detailed step-by-step trajectory.

We are given the frame description as follows - 
a room with a desk and a chair in it, a raytraced image, serial art, streaming on twitch, computer game art, sad prisoner holding ipad, two buddies sitting in a room, perfect dark, he is all alone, polygon, game maker, the artist has used bright, counter strike

Generate the next best possible single action and the intention behind the action as colon-separated action and intention."
6,6,frame_6.jpg,"a living room with a couch and a table, inspired by William Michael Harnett, generative art, sad cop looking at a, interior gameplay screenshot, streaming on twitch, dark moody purple lighting, 64x64, unity 2 d, female protagonist, the artist has used bright","



Go to the table in the living room: The intention is to find the laptop.","I am in an unknown house.

This is the floorplan, from a top-down view.
On the bottom left, is the kitchen with a refrigerator in front, where you are currently located. To the right of the current position, is the drawing room which has a table near the entry, a sofa and a T.V in front of it. Connecting to the kitchen on the top right is a rectangular bedroom in a verticle fashion which can be entered through a door in the kitchen. In the bedroom on the bottom right corner is a bathroom which can be entered from the bedroom.

The goal is to find the shortest path to the Laptop, giving a detailed step-by-step trajectory.

We are given the frame description as follows - 
a living room with a couch and a table, inspired by William Michael Harnett, generative art, sad cop looking at a, interior gameplay screenshot, streaming on twitch, dark moody purple lighting, 64x64, unity 2 d, female protagonist, the artist has used bright

Generate the next best possible single action and the intention behind the action as colon-separated action and intention."
7,7,frame_7.jpg,"a room with a bed and a chair in it, a screenshot, inspired by Balthus, new objectivity, volumetric underwater lighting, purplish space in background, 64x64, listing image, upper body avatar, ai - generated art, sofa, crystal nodes, vignette of windowsill","

The next best possible single action is to walk to the door in the kitchen which leads to the bedroom. The intention behind the action is to find the laptop.","I am in an unknown house.

This is the floorplan, from a top-down view.
On the bottom left, is the kitchen with a refrigerator in front, where you are currently located. To the right of the current position, is the drawing room which has a table near the entry, a sofa and a T.V in front of it. Connecting to the kitchen on the top right is a rectangular bedroom in a verticle fashion which can be entered through a door in the kitchen. In the bedroom on the bottom right corner is a bathroom which can be entered from the bedroom.

The goal is to find the shortest path to the Laptop, giving a detailed step-by-step trajectory.

We are given the frame description as follows - 
a room with a bed and a chair in it, a screenshot, inspired by Balthus, new objectivity, volumetric underwater lighting, purplish space in background, 64x64, listing image, upper body avatar, ai - generated art, sofa, crystal nodes, vignette of windowsill

Generate the next best possible single action and the intention behind the action as colon-separated action and intention."
8,8,frame_8.jpg,"a purple flower sitting on top of a table, a hologram, inspired by Leandro Erlich, polycount, new objectivity, big mirrors, mobile learning app prototype, apartment design, interior! design, very long shadows, kneeling at the shiny floor, metaverse","

The next best possible single action is to walk to the drawing room and the intention is to find the laptop.","I am in an unknown house.

This is the floorplan, from a top-down view.
On the bottom left, is the kitchen with a refrigerator in front, where you are currently located. To the right of the current position, is the drawing room which has a table near the entry, a sofa and a T.V in front of it. Connecting to the kitchen on the top right is a rectangular bedroom in a verticle fashion which can be entered through a door in the kitchen. In the bedroom on the bottom right corner is a bathroom which can be entered from the bedroom.

The goal is to find the shortest path to the Laptop, giving a detailed step-by-step trajectory.

We are given the frame description as follows - 
a purple flower sitting on top of a table, a hologram, inspired by Leandro Erlich, polycount, new objectivity, big mirrors, mobile learning app prototype, apartment design, interior! design, very long shadows, kneeling at the shiny floor, metaverse

Generate the next best possible single action and the intention behind the action as colon-separated action and intention."
9,9,frame_9.jpg,"a laptop computer sitting on top of a table, inspired by John Laviers Wheatley, polycount, cobra, is ((drinking a cup of tea)), oculus quest 2, character icon, the photo shows a large, thumbprint, holding a very advance phone, extremely polished, jerma, procedural, door","

The next best possible single action is to walk to the door in the kitchen. The intention behind the action is to find the laptop.","I am in an unknown house.

This is the floorplan, from a top-down view.
On the bottom left, is the kitchen with a refrigerator in front, where you are currently located. To the right of the current position, is the drawing room which has a table near the entry, a sofa and a T.V in front of it. Connecting to the kitchen on the top right is a rectangular bedroom in a verticle fashion which can be entered through a door in the kitchen. In the bedroom on the bottom right corner is a bathroom which can be entered from the bedroom.

The goal is to find the shortest path to the Laptop, giving a detailed step-by-step trajectory.

We are given the frame description as follows - 
a laptop computer sitting on top of a table, inspired by John Laviers Wheatley, polycount, cobra, is ((drinking a cup of tea)), oculus quest 2, character icon, the photo shows a large, thumbprint, holding a very advance phone, extremely polished, jerma, procedural, door

Generate the next best possible single action and the intention behind the action as colon-separated action and intention."
