image,prompt
frame_0.jpg,"a person standing in front of a door in a room, an ambient occlusion render, inspired by Leandro Erlich, photorealism, gameplay screenshot with ui, streaming on twitch, detailed photo of virtual world, dark shadow, cool skydome, tall door, unity engine, arma 3"
frame_1.jpg,"a room with a door and a table in it, a screenshot, new objectivity, style of mirror\'s edge, mit technology review, harsh shadows and reflections, mobile learning app prototype, skeb.jp, hyperrealistic simulation"
frame_2.jpg,"a room with a door and a table in it, a screenshot, new objectivity, avec des dents pointues, vr, apartment, blue door"
frame_3.jpg,"a room with a desk and a chair in it, a digital rendering, inspired by Gustave Caillebotte, mobile learning app prototype, dark dimension portal, prison cell, homeworld, doors to various bedrooms, first - person view, mit technology review, siggraph"
frame_4.jpg,"a room with a desk and a chair in it, a digital rendering, inspired by Marius Borgeaud, [ horror game ], streaming on twitch, mit technology review, 3 d mesh, agoraphobia, an escape room in a small, future science fiction. game cg, apartment, a room"
frame_5.jpg,"a room with a desk and a chair in it, a raytraced image, serial art, streaming on twitch, computer game art, sad prisoner holding ipad, two buddies sitting in a room, perfect dark, he is all alone, polygon, game maker, the artist has used bright, counter strike"
frame_6.jpg,"a living room with a couch and a table, inspired by William Michael Harnett, generative art, sad cop looking at a, interior gameplay screenshot, streaming on twitch, dark moody purple lighting, 64x64, unity 2 d, female protagonist, the artist has used bright"
frame_7.jpg,"a room with a bed and a chair in it, a screenshot, inspired by Balthus, new objectivity, volumetric underwater lighting, purplish space in background, 64x64, listing image, upper body avatar, ai - generated art, sofa, crystal nodes, vignette of windowsill"
frame_8.jpg,"a purple flower sitting on top of a table, a hologram, inspired by Leandro Erlich, polycount, new objectivity, big mirrors, mobile learning app prototype, apartment design, interior! design, very long shadows, kneeling at the shiny floor, metaverse"
frame_9.jpg,"a laptop computer sitting on top of a table, inspired by John Laviers Wheatley, polycount, cobra, is ((drinking a cup of tea)), oculus quest 2, character icon, the photo shows a large, thumbprint, holding a very advance phone, extremely polished, jerma, procedural, door"
